y_true,y_prob,y_pred
0,0.08001723,0
0,0.579571,1
1,0.2812986,0
0,0.14347774,0
0,0.12446105,0
1,0.89686614,1
0,0.54731727,0
1,0.52613944,0
0,0.14418522,0
0,0.31058386,0
1,0.1335226,0
1,0.9558705,1
0,0.4064989,0
0,0.40243554,0
1,0.23844546,0
1,0.58253235,1
0,0.2632837,0
0,0.40212268,0
0,0.25381964,0
0,0.46696243,0
0,0.3491559,0
0,0.2754359,0
1,0.4211265,0
0,0.20877945,0
0,0.07500582,0
0,0.5825483,1
0,0.1978565,0
0,0.32291758,0
0,0.4482328,0
0,0.31380168,0
0,0.4142582,0
1,0.67114854,1
0,0.7799839,1
0,0.7431121,1
0,0.2982489,0
0,0.27796465,0
0,0.69445497,1
0,0.40345368,0
0,0.33018076,0
0,0.55972165,0
1,0.83200324,1
0,0.40480912,0
0,0.56429976,0
0,0.5096995,0
1,0.4094009,0
1,0.81796557,1
1,0.90529865,1
0,0.42722225,0
0,0.4336104,0
1,0.40078002,0
0,0.47692707,0
0,0.10838749,0
1,0.7358866,1
0,0.45376328,0
1,0.88122547,1
0,0.7045758,1
0,0.71027964,1
0,0.47303817,0
0,0.72019476,1
1,0.1866345,0
1,0.88569707,1
0,0.5712956,1
0,0.42791697,0
1,0.16716091,0
0,0.17090096,0
1,0.21497832,0
0,0.44463697,0
0,0.22710696,0
0,0.13430677,0
0,0.08026255,0
1,0.8988539,1
0,0.21914263,0
1,0.39757904,0
0,0.19357376,0
1,0.6900319,1
0,0.48839965,0
1,0.68447256,1
1,0.94816583,1
1,0.4824435,0
0,0.64773965,1
0,0.56477714,0
0,0.90304625,1
0,0.06753803,0
0,0.30572352,0
1,0.9320916,1
0,0.66091967,1
0,0.2177005,0
0,0.3137903,0
1,0.6362964,1
0,0.6723821,1
0,0.1544046,0
0,0.16718133,0
0,0.4442913,0
0,0.5785622,1
0,0.41943642,0
0,0.34470138,0
0,0.31717733,0
0,0.1933329,0
0,0.23465358,0
1,0.6841861,1
0,0.48962623,0
0,0.06708966,0
0,0.40989888,0
0,0.32590455,0
0,0.36313683,0
0,0.42722225,0
0,0.443406,0
0,0.91807115,1
0,0.42065257,0
0,0.5390263,0
1,0.25090393,0
0,0.42722225,0
0,0.16240743,0
0,0.3124615,0
0,0.5760101,1
0,0.6633314,1
0,0.29167005,0
1,0.8846686,1
1,0.9248504,1
0,0.29705673,0
0,0.5838498,1
0,0.2844415,0
0,0.463731,0
0,0.42301825,0
0,0.4384223,0
0,0.2026483,0
0,0.59185916,1
0,0.30494696,0
0,0.26824746,0
0,0.18885328,0
0,0.59934914,1
0,0.31366813,0
1,0.25386345,0
0,0.218165,0
0,0.36720625,0
1,0.3768887,0
1,0.8936571,1
0,0.3657703,0
0,0.26313373,0
0,0.34740967,0
0,0.052066103,0
0,0.31193253,0
0,0.13400269,0
1,0.34855968,0
0,0.6399585,1
0,0.25501138,0
0,0.1461418,0
1,0.9104373,1
0,0.1894359,0
0,0.32522509,0
1,0.62690955,1
1,0.37571222,0
0,0.43455073,0
1,0.36172915,0
1,0.6768037,1
0,0.31880403,0
0,0.31396607,0
1,0.59403896,1
0,0.42542517,0
0,0.4284778,0
0,0.39056268,0
0,0.33172825,0
0,0.13712177,0
0,0.5532012,0
0,0.23514187,0
0,0.41423604,0
1,0.6577317,1
0,0.37713158,0
1,0.21759324,0
0,0.7221424,1
1,0.093109876,0
0,0.38490894,0
0,0.28399256,0
0,0.6414755,1
0,0.38243857,0
0,0.45042762,0
0,0.12555465,0
0,0.3092373,0
0,0.4042247,0
0,0.5900206,1
0,0.42683443,0
1,0.46121693,0
0,0.28469217,0
0,0.9092523,1
0,0.57785255,1
1,0.94172007,1
0,0.9048891,1
0,0.58591956,1
0,0.3262648,0
1,0.6317453,1
0,0.59293306,1
0,0.42166296,0
0,0.38099188,0
0,0.23366539,0
1,0.95767766,1
0,0.3769273,0
0,0.57161456,1
1,0.3781355,0
0,0.4686625,0
0,0.4265606,0
1,0.07077838,0
0,0.24900433,0
0,0.42898825,0
0,0.47872728,0
0,0.29141396,0
0,0.16610906,0
1,0.5935271,1
0,0.43261987,0
0,0.42689228,0
0,0.63764524,1
0,0.39757997,0
1,0.11420053,0
0,0.38000143,0
0,0.18424042,0
0,0.3665233,0
1,0.9430954,1
1,0.5971344,1
0,0.6273961,1
1,0.3381123,0
0,0.3840874,0
0,0.32406968,0
1,0.7132376,1
0,0.34017065,0
0,0.43397573,0
0,0.36224827,0
1,0.3070795,0
0,0.4127533,0
0,0.3884863,0
0,0.031615235,0
1,0.7495554,1
0,0.5817374,1
0,0.3621428,0
1,0.5670938,0
0,0.2852497,0
1,0.60998917,1
1,0.9088239,1
0,0.35026312,0
0,0.65673965,1
0,0.091181055,0
0,0.8851133,1
0,0.25357825,0
0,0.3478666,0
0,0.14229257,0
0,0.22965643,0
0,0.39619508,0
1,0.36618462,0
0,0.2391236,0
1,0.38529438,0
0,0.38469929,0
0,0.2466832,0
0,0.36426374,0
0,0.37832236,0
1,0.94740766,1
0,0.4233673,0
0,0.9148561,1
0,0.12034083,0
0,0.14285156,0
0,0.34186736,0
1,0.4367822,0
0,0.09897931,0
1,0.7807653,1
1,0.8990793,1
0,0.25136372,0
0,0.44923097,0
0,0.5519582,0
0,0.33778316,0
0,0.23888096,0
0,0.24303667,0
0,0.6195573,1
0,0.1052888,0
0,0.41707066,0
0,0.24059996,0
0,0.89033633,1
1,0.647077,1
0,0.60399336,1
1,0.86882275,1
0,0.6074096,1
0,0.098499484,0
0,0.4194671,0
0,0.5803939,1
1,0.2663896,0
0,0.17384692,0
0,0.95767766,1
0,0.25174245,0
0,0.8014557,1
0,0.02234983,0
0,0.23601076,0
0,0.9084818,1
1,0.32053775,0
0,0.41885856,0
0,0.2900509,0
1,0.16331987,0
0,0.31239077,0
0,0.078646734,0
0,0.5981915,1
1,0.95561224,1
0,0.44230485,0
0,0.5036919,0
1,0.4729065,0
0,0.34982112,0
1,0.45064738,0
0,0.35746872,0
1,0.9101758,1
0,0.44069844,0
0,0.47820127,0
0,0.41374665,0
0,0.30933258,0
0,0.5051163,0
0,0.12028592,0
1,0.95894736,1
1,0.7540782,1
0,0.550505,0
0,0.20082682,0
0,0.6402899,1
0,0.43256944,0
0,0.33228633,0
0,0.37411278,0
1,0.09280825,0
0,0.4470686,0
1,0.37467724,0
0,0.6118897,1
0,0.23913479,0
0,0.40915006,0
0,0.39484245,0
0,0.11562418,0
0,0.3603678,0
0,0.3476271,0
0,0.37840453,0
0,0.34779322,0
0,0.40016225,0
0,0.63480663,1
1,0.36360037,0
0,0.59365237,1
1,0.4334342,0
0,0.31814274,0
0,0.326054,0
0,0.5106495,0
0,0.45819366,0
0,0.35676768,0
0,0.7810235,1
0,0.95782495,1
0,0.51781213,0
0,0.3023745,0
1,0.7378798,1
0,0.45602062,0
1,0.46918777,0
0,0.4013234,0
0,0.39028403,0
0,0.09385304,0
0,0.6071706,1
0,0.29606846,0
0,0.68345916,1
0,0.33900955,0
0,0.40308663,0
0,0.25063127,0
0,0.18093376,0
0,0.310974,0
0,0.16345714,0
0,0.49926862,0
0,0.27290455,0
0,0.22452675,0
0,0.41801143,0
1,0.44859338,0
0,0.40505308,0
0,0.423473,0
1,0.201477,0
0,0.47847286,0
0,0.3914162,0
0,0.14580052,0
0,0.08641998,0
1,0.2989085,0
0,0.36368603,0
0,0.23647177,0
0,0.91715264,1
1,0.4958866,0
0,0.18903202,0
0,0.21920556,0
0,0.27516338,0
0,0.3070903,0
1,0.41749316,0
0,0.41163546,0
0,0.34467632,0
0,0.38786188,0
0,0.3853373,0
0,0.41946486,0
0,0.17689526,0
1,0.41111535,0
0,0.037049428,0
0,0.080184944,0
0,0.41189882,0
0,0.41887045,0
0,0.12905973,0
0,0.9566275,1
0,0.4318904,0
1,0.42379975,0
0,0.06514294,0
0,0.16613472,0
0,0.097977184,0
0,0.43824992,0
0,0.18825361,0
0,0.34109968,0
0,0.31553307,0
1,0.9582332,1
0,0.3757663,0
0,0.467222,0
1,0.08541479,0
1,0.6285044,1
0,0.9204119,1
1,0.38486013,0
0,0.22496618,0
0,0.44867432,0
0,0.586128,1
1,0.5759393,1
0,0.40685362,0
1,0.42172265,0
0,0.22679648,0
0,0.41332543,0
1,0.9151821,1
0,0.18305707,0
0,0.38530663,0
0,0.18526787,0
0,0.8710217,1
0,0.3628283,0
0,0.15199532,0
0,0.66796213,1
0,0.65282845,1
0,0.7688466,1
0,0.9170754,1
0,0.5510327,0
1,0.8781639,1
0,0.1767179,0
0,0.5017848,0
0,0.82981145,1
0,0.36746007,0
1,0.28950882,0
0,0.3936869,0
1,0.8982582,1
0,0.42722225,0
0,0.30711433,0
0,0.5061085,0
0,0.110654056,0
0,0.3748465,0
0,0.21609735,0
0,0.2821769,0
0,0.3142571,0
0,0.32371923,0
0,0.3115534,0
0,0.52571887,0
0,0.90711397,1
0,0.29189825,0
0,0.22752218,0
0,0.4876699,0
0,0.48777544,0
1,0.22915506,0
1,0.5208616,0
0,0.19863638,0
0,0.11210796,0
0,0.45139,0
0,0.30871966,0
0,0.3683723,0
1,0.9086594,1
1,0.44199833,0
1,0.13942853,0
0,0.3028339,0
1,0.18965377,0
0,0.37209317,0
1,0.8980654,1
0,0.5629705,0
1,0.27553734,0
0,0.668274,1
0,0.5947128,1
1,0.42722225,0
1,0.3238891,0
0,0.9000942,1
0,0.21471633,0
0,0.26305103,0
0,0.6214456,1
0,0.92650557,1
0,0.3927444,0
0,0.48503965,0
1,0.11014088,0
0,0.1480674,0
0,0.34591267,0
0,0.5946839,1
1,0.47235078,0
0,0.41063735,0
0,0.42722225,0
0,0.3849661,0
0,0.07655872,0
0,0.2725359,0
0,0.3864369,0
0,0.41315505,0
0,0.27583218,0
1,0.5943573,1
1,0.84293425,1
0,0.20093803,0
0,0.41819388,0
0,0.32250994,0
1,0.2219483,0
1,0.6019077,1
1,0.9217956,1
0,0.32179126,0
0,0.16191955,0
0,0.5215829,0
1,0.94461316,1
0,0.70471406,1
0,0.05679778,0
0,0.22071284,0
0,0.15587121,0
0,0.21062542,0
0,0.4711177,0
0,0.29007855,0
0,0.6720486,1
0,0.43381545,0
0,0.30124125,0
0,0.5982511,1
1,0.9510436,1
0,0.63489735,1
1,0.4064281,0
0,0.51851034,0
0,0.43041125,0
0,0.35379148,0
1,0.9311854,1
0,0.227956,0
0,0.23005646,0
0,0.14297818,0
1,0.7125886,1
1,0.24798055,0
0,0.38855293,0
0,0.21934742,0
0,0.24419336,0
0,0.09661011,0
0,0.13158117,0
1,0.3325403,0
0,0.4032362,0
0,0.28742027,0
1,0.82118064,1
0,0.5879786,1
0,0.35833853,0
0,0.16402777,0
1,0.3832378,0
1,0.6420957,1
0,0.34900522,0
0,0.5765978,1
0,0.44850108,0
1,0.5690658,0
0,0.07876485,0
0,0.41290024,0
0,0.36511576,0
0,0.5329339,0
0,0.20480742,0
0,0.5690658,0
0,0.32884312,0
0,0.32511216,0
0,0.30981144,0
1,0.8658772,1
1,0.20407622,0
1,0.65689194,1
0,0.38189662,0
1,0.32579663,0
0,0.42087537,0
1,0.80945843,1
0,0.5818515,1
1,0.4559645,0
0,0.31563395,0
0,0.40742466,0
0,0.33317176,0
1,0.89048684,1
0,0.18574753,0
1,0.48330316,0
0,0.33367464,0
0,0.16835068,0
0,0.25183505,0
0,0.6662423,1
0,0.44791713,0
1,0.25949976,0
1,0.88330054,1
0,0.548634,0
0,0.06467105,0
0,0.3669172,0
0,0.23854095,0
0,0.30407396,0
0,0.30882245,0
1,0.6647858,1
0,0.084776536,0
1,0.58781964,1
0,0.45854688,0
0,0.3934348,0
1,0.69507855,1
0,0.6072297,1
0,0.56671166,0
0,0.4790793,0
0,0.3461273,0
0,0.42877552,0
0,0.48091462,0
0,0.55208987,0
0,0.89299333,1
0,0.39138907,0
0,0.07454705,0
0,0.3756687,0
0,0.365662,0
1,0.4109287,0
1,0.9304761,1
0,0.41066328,0
0,0.20311292,0
0,0.1985742,0
0,0.32481977,0
0,0.52567875,0
0,0.38517264,0
0,0.40685362,0
0,0.06869084,0
0,0.65323126,1
0,0.71058863,1
0,0.32365245,0
0,0.09872155,0
1,0.39894608,0
0,0.15307355,0
0,0.052633673,0
0,0.32935044,0
0,0.47235867,0
0,0.32799986,0
0,0.4610415,0
0,0.39215836,0
0,0.06556334,0
0,0.09545452,0
0,0.08684427,0
0,0.3137588,0
0,0.25801414,0
1,0.7770394,1
0,0.4183595,0
0,0.34173256,0
1,0.75517035,1
1,0.4755157,0
0,0.2634286,0
0,0.2408785,0
0,0.92333454,1
0,0.57211256,1
0,0.54121625,0
0,0.3666402,0
0,0.18038377,0
0,0.39292327,0
0,0.15717657,0
1,0.37158316,0
0,0.5177231,0
0,0.32825106,0
0,0.37789285,0
0,0.42722225,0
0,0.11637964,0
1,0.6942578,1
0,0.5357971,0
1,0.8943999,1
1,0.77539223,1
0,0.48632365,0
0,0.27546424,0
0,0.4573654,0
0,0.64250225,1
0,0.5590613,0
0,0.38153076,0
1,0.12780036,0
0,0.3168023,0
0,0.33687046,0
0,0.1856606,0
1,0.66962284,1
0,0.5938071,1
0,0.23188676,0
0,0.20105857,0
1,0.90759784,1
0,0.44486344,0
0,0.7200289,1
0,0.17704415,0
0,0.2350945,0
0,0.0641605,0
0,0.42722225,0
0,0.48520645,0
0,0.3935039,0
0,0.934894,1
1,0.6754252,1
1,0.34845337,0
0,0.16610213,0
0,0.28446066,0
0,0.14292061,0
0,0.16777809,0
0,0.12810741,0
0,0.3174151,0
0,0.44998524,0
0,0.40275985,0
1,0.59770596,1
0,0.37972382,0
0,0.2693601,0
0,0.61172444,1
0,0.4143022,0
0,0.3925863,0
0,0.08759306,0
1,0.9083275,1
0,0.4481866,0
0,0.62192076,1
0,0.2503869,0
1,0.9582701,1
1,0.3200134,0
0,0.1963177,0
0,0.41077816,0
0,0.67076904,1
0,0.2695907,0
0,0.22224623,0
1,0.8253406,1
0,0.900873,1
0,0.18144418,0
0,0.8782411,1
1,0.95832205,1
1,0.95212924,1
0,0.4379825,0
0,0.4099377,0
1,0.90766096,1
0,0.57451326,1
0,0.4029013,0
0,0.32818156,0
0,0.29287574,0
0,0.94852453,1
0,0.04689423,0
0,0.3584324,0
0,0.33226028,0
1,0.9612158,1
0,0.35891435,0
0,0.2658055,0
0,0.13218865,0
1,0.29576966,0
0,0.5576641,0
0,0.2989118,0
1,0.673438,1
0,0.41490498,0
0,0.45578575,0
0,0.5106044,0
1,0.40137193,0
0,0.5805982,1
0,0.03663278,0
0,0.50270057,0
0,0.41581798,0
0,0.24884918,0
0,0.22827415,0
0,0.4431551,0
0,0.27654344,0
1,0.30664638,0
0,0.3541895,0
0,0.40021843,0
1,0.9146417,1
0,0.36875337,0
0,0.25863868,0
1,0.7632579,1
0,0.3878385,0
1,0.61055756,1
0,0.28830773,0
0,0.3480186,0
1,0.5612791,0
0,0.9181827,1
1,0.55438125,0
1,0.6943591,1
0,0.84425735,1
0,0.95146066,1
0,0.42924875,0
0,0.07169539,0
0,0.5017685,0
0,0.3619335,0
0,0.16688308,0
1,0.67471,1
0,0.29820102,0
0,0.33048457,0
0,0.16193186,0
1,0.66561705,1
0,0.153675,0
0,0.41568393,0
1,0.47421756,0
0,0.36453152,0
0,0.5470428,0
0,0.28039742,0
0,0.7141498,1
0,0.38926423,0
0,0.3931913,0
0,0.30021426,0
0,0.1593438,0
1,0.39624965,0
0,0.37952223,0
0,0.40699464,0
0,0.4034051,0
0,0.477351,0
0,0.45111752,0
0,0.35807642,0
0,0.298115,0
0,0.081080265,0
0,0.43209013,0
0,0.33804876,0
0,0.28002948,0
1,0.94890964,1
0,0.48713446,0
0,0.16930123,0
0,0.54343414,0
0,0.5356495,0
1,0.88813996,1
0,0.27090335,0
0,0.7351032,1
0,0.38505545,0
1,0.91794497,1
1,0.9143132,1
0,0.10231299,0
0,0.38578632,0
0,0.3104953,0
0,0.5672542,0
0,0.5244398,0
1,0.2058971,0
0,0.40095487,0
0,0.31497228,0
0,0.41286668,0
1,0.4339403,0
0,0.5415611,0
0,0.07160394,0
0,0.41746137,0
1,0.8696564,1
1,0.56974196,0
0,0.22207892,0
0,0.14928253,0
0,0.34053162,0
0,0.18885556,0
0,0.127557,0
0,0.16508721,0
1,0.47377157,0
0,0.44164363,0
0,0.5371167,0
0,0.106343,0
0,0.9382147,1
0,0.43168917,0
1,0.69376993,1
0,0.31875822,0
0,0.363617,0
0,0.2686202,0
0,0.44742706,0
0,0.1455198,0
1,0.86684453,1
0,0.41144043,0
1,0.23757567,0
0,0.2533139,0
0,0.048697177,0
1,0.5395103,0
0,0.52936375,0
0,0.29352432,0
0,0.28355384,0
0,0.7580805,1
0,0.40613878,0
0,0.4055217,0
0,0.32515484,0
0,0.7939312,1
0,0.47887883,0
1,0.5843188,1
0,0.22646305,0
0,0.37997222,0
0,0.24539009,0
0,0.34605172,0
1,0.1753882,0
1,0.8915346,1
1,0.95175296,1
0,0.14201611,0
0,0.561369,0
0,0.32454965,0
0,0.45595017,0
0,0.13426888,0
0,0.47940004,0
0,0.40030977,0
0,0.39549363,0
0,0.42076442,0
0,0.0789231,0
0,0.697901,1
1,0.37989843,0
0,0.123391934,0
0,0.21056738,0
0,0.22774671,0
0,0.49398425,0
1,0.5501717,0
0,0.9248376,1
1,0.403148,0
0,0.058089316,0
1,0.2576958,0
0,0.50508195,0
0,0.3447065,0
0,0.33038417,0
0,0.35314128,0
0,0.22212033,0
0,0.43506366,0
0,0.16311985,0
0,0.2294433,0
0,0.22864245,0
0,0.28599203,0
0,0.451646,0
0,0.29873803,0
1,0.3634501,0
0,0.46677044,0
0,0.7676954,1
0,0.29121077,0
0,0.34189475,0
0,0.382387,0
0,0.081030205,0
0,0.06382681,0
0,0.082787655,0
0,0.41534373,0
1,0.356865,0
0,0.31745952,0
1,0.9535974,1
0,0.34424138,0
1,0.87058073,1
1,0.5821013,1
0,0.1597305,0
1,0.4268362,0
0,0.6437029,1
0,0.39240524,0
1,0.61526126,1
1,0.84080786,1
0,0.19906664,0
0,0.90501964,1
0,0.22830155,0
0,0.08191238,0
0,0.27605355,0
0,0.17649648,0
1,0.89568275,1
1,0.914189,1
0,0.46652976,0
1,0.86948025,1
0,0.2811011,0
0,0.09634638,0
0,0.50463593,0
0,0.099782236,0
0,0.22722596,0
0,0.29470557,0
0,0.25370336,0
0,0.06435691,0
0,0.800281,1
0,0.16152246,0
0,0.43185112,0
0,0.80864125,1
0,0.6083571,1
0,0.518197,0
0,0.39659378,0
1,0.69820625,1
0,0.28931174,0
0,0.3096383,0
0,0.26378667,0
0,0.5960464,1
0,0.19628876,0
0,0.3592715,0
0,0.2881442,0
0,0.29868454,0
0,0.2878015,0
0,0.33735967,0
1,0.40687388,0
1,0.650773,1
1,0.3510117,0
0,0.42304277,0
1,0.7637908,1
0,0.31878638,0
0,0.35141733,0
0,0.6893739,1
1,0.92379844,1
0,0.36506975,0
0,0.39947802,0
0,0.22151779,0
1,0.94256175,1
0,0.15170525,0
1,0.91342854,1
0,0.7189225,1
0,0.4244106,0
0,0.42722225,0
1,0.5792053,1
1,0.43825623,0
1,0.6939653,1
0,0.13714354,0
0,0.36775535,0
0,0.31923032,0
0,0.6387063,1
0,0.39084384,0
0,0.26373345,0
1,0.40365687,0
0,0.29596192,0
0,0.29611024,0
0,0.41158643,0
0,0.7351723,1
0,0.89834094,1
0,0.1669875,0
0,0.38795495,0
0,0.102947325,0
0,0.63094825,1
0,0.14702259,0
0,0.33616108,0
0,0.39406472,0
0,0.27697396,0
0,0.88644385,1
0,0.8191816,1
0,0.116990596,0
0,0.5666734,0
0,0.5109965,0
0,0.3446332,0
0,0.18161732,0
1,0.0964722,0
0,0.40020263,0
1,0.5690658,0
0,0.28709063,0
0,0.4027418,0
0,0.3290084,0
0,0.093737595,0
0,0.3128122,0
1,0.71372104,1
0,0.5712178,1
1,0.40043476,0
0,0.14903882,0
0,0.38652584,0
0,0.22310722,0
0,0.21738663,0
1,0.527632,0
1,0.41213033,0
0,0.3715877,0
0,0.1801938,0
1,0.42081323,0
0,0.276296,0
1,0.9577742,1
0,0.5068503,0
0,0.39460692,0
0,0.35625648,0
0,0.39110592,0
0,0.47944668,0
0,0.5910465,1
1,0.89803714,1
1,0.22516233,0
0,0.09208816,0
0,0.40004787,0
0,0.35497397,0
1,0.73014754,1
0,0.45924813,0
0,0.43853217,0
1,0.96066505,1
0,0.53180206,0
0,0.43718496,0
0,0.41653708,0
0,0.24823126,0
0,0.17683055,0
1,0.22629201,0
0,0.3212944,0
0,0.3053645,0
0,0.42017293,0
0,0.2563879,0
0,0.85082364,1
0,0.713005,1
0,0.25030693,0
0,0.13267122,0
0,0.40819275,0
0,0.80106455,1
0,0.29449078,0
0,0.09157003,0
0,0.33294845,0
0,0.30886823,0
1,0.3684844,0
1,0.92226136,1
0,0.33450344,0
0,0.24799606,0
0,0.2985395,0
0,0.24649544,0
0,0.4451091,0
1,0.30637038,0
1,0.42596325,0
0,0.22470404,0
0,0.20363905,0
0,0.29605186,0
0,0.9490245,1
0,0.36030492,0
0,0.3792536,0
0,0.3876784,0
0,0.37413418,0
1,0.86343247,1
0,0.36086482,0
0,0.54385734,0
0,0.5793731,1
0,0.24325214,0
0,0.41997898,0
0,0.30031466,0
0,0.48626548,0
0,0.43566203,0
0,0.34176812,0
0,0.9407924,1
0,0.40806383,0
0,0.4112325,0
0,0.76634026,1
0,0.37370446,0
0,0.36028445,0
1,0.2938179,0
0,0.36531016,0
1,0.43431455,0
0,0.5202089,0
0,0.47229484,0
0,0.37121373,0
0,0.21488172,0
0,0.28890204,0
0,0.89726186,1
0,0.3940103,0
0,0.44319704,0
0,0.3960023,0
0,0.42722225,0
1,0.9337686,1
0,0.4123928,0
0,0.10123276,0
0,0.26579323,0
0,0.29391113,0
0,0.04963439,0
0,0.1046262,0
0,0.35711056,0
0,0.40804374,0
1,0.40543848,0
0,0.5685905,0
0,0.94646275,1
1,0.9455173,1
0,0.44722125,0
0,0.3943593,0
1,0.9557794,1
0,0.25310427,0
0,0.377173,0
0,0.7672567,1
0,0.878628,1
0,0.3155224,0
0,0.2597417,0
0,0.1888742,0
1,0.9046594,1
0,0.3654013,0
0,0.24055034,0
0,0.36000875,0
0,0.37011743,0
0,0.42722225,0
0,0.34472921,0
0,0.30546385,0
0,0.17031294,0
0,0.38660404,0
0,0.2881377,0
1,0.9208419,1
0,0.9179544,1
0,0.25273523,0
0,0.42484337,0
0,0.2227377,0
1,0.3582945,0
0,0.3397464,0
0,0.2615734,0
0,0.75790435,1
1,0.9183474,1
0,0.2604902,0
0,0.47082418,0
0,0.21366516,0
1,0.40755087,0
0,0.43034354,0
0,0.3812462,0
0,0.35109782,0
0,0.35682598,0
1,0.5690658,0
0,0.6649693,1
0,0.7417795,1
0,0.19380814,0
0,0.2829046,0
0,0.6644839,1
0,0.95831066,1
0,0.4270989,0
0,0.3297523,0
1,0.45261252,0
0,0.30968183,0
0,0.37749183,0
1,0.5690658,0
0,0.6711611,1
0,0.4626474,0
0,0.1831223,0
0,0.5261914,0
0,0.08936547,0
0,0.41494697,0
1,0.95894736,1
1,0.81970006,1
0,0.33426604,0
1,0.4782641,0
0,0.37605792,0
1,0.7537253,1
0,0.7186115,1
0,0.29830432,0
0,0.31597692,0
0,0.41023815,0
0,0.1944672,0
0,0.3269377,0
1,0.93089473,1
0,0.44433,0
0,0.12187579,0
1,0.6185285,1
1,0.47702542,0
0,0.9055329,1
0,0.29661995,0
1,0.3004377,0
0,0.33637998,0
1,0.44341555,0
0,0.5690658,0
1,0.87800014,1
0,0.1267634,0
0,0.39107937,0
0,0.060977437,0
0,0.36464325,0
1,0.39417782,0
0,0.19957648,0
0,0.06615877,0
0,0.17138574,0
1,0.10666553,0
0,0.8750494,1
0,0.46460772,0
1,0.4899443,0
1,0.8827639,1
0,0.079021834,0
0,0.41543326,0
0,0.3290275,0
0,0.060008273,0
0,0.15991464,0
0,0.5295369,0
0,0.67459494,1
0,0.26679993,0
0,0.15460254,0
0,0.17207146,0
0,0.35658407,0
0,0.032941148,0
0,0.42815334,0
0,0.6690521,1
1,0.8927051,1
1,0.4965265,0
1,0.92774117,1
0,0.19787611,0
1,0.89672214,1
1,0.60130876,1
1,0.9321707,1
0,0.67985743,1
0,0.35366386,0
0,0.36181438,0
0,0.39444032,0
1,0.5174038,0
0,0.6536338,1
0,0.36193013,0
1,0.46143055,0
0,0.45659307,0
0,0.45479617,0
0,0.3290601,0
1,0.92752874,1
0,0.6054107,1
0,0.38517797,0
0,0.28941712,0
0,0.4256627,0
0,0.4214624,0
1,0.32467103,0
0,0.38239375,0
1,0.4478567,0
0,0.07978126,0
0,0.3006793,0
0,0.8845964,1
0,0.11158793,0
0,0.34888095,0
0,0.31302452,0
1,0.36899582,0
0,0.7182524,1
0,0.3022089,0
0,0.3872113,0
0,0.13603291,0
0,0.59493685,1
0,0.049689922,0
0,0.33341926,0
0,0.20201558,0
1,0.89039224,1
0,0.3446958,0
1,0.9612158,1
0,0.35454735,0
0,0.6997721,1
1,0.34295514,0
0,0.13649818,0
1,0.7544219,1
0,0.31251898,0
0,0.4648504,0
1,0.75779456,1
0,0.41712928,0
1,0.15079561,0
1,0.4551016,0
0,0.39132944,0
0,0.32039642,0
0,0.41792405,0
1,0.8332448,1
0,0.9357201,1
0,0.19102645,0
0,0.47089335,0
0,0.07684331,0
0,0.21550184,0
0,0.014660865,0
0,0.16146864,0
0,0.32926723,0
1,0.39292768,0
0,0.16159381,0
1,0.7157825,1
0,0.5688865,0
0,0.18702604,0
1,0.23128524,0
0,0.4332676,0
1,0.8227251,1
0,0.38711017,0
0,0.91663176,1
0,0.19808806,0
0,0.31247324,0
0,0.59744686,1
0,0.3152605,0
0,0.8047301,1
0,0.6798297,1
1,0.37170476,0
0,0.31328326,0
0,0.3679736,0
0,0.22855172,0
0,0.2345824,0
0,0.8778957,1
0,0.3202315,0
1,0.44069806,0
0,0.3253285,0
1,0.9466315,1
0,0.28239918,0
0,0.41010377,0
1,0.95696974,1
0,0.28967994,0
0,0.110059455,0
0,0.6901415,1
0,0.32725278,0
0,0.055195037,0
0,0.40788037,0
1,0.47029716,0
0,0.0916572,0
0,0.6319448,1
1,0.34456223,0
0,0.007351754,0
1,0.38037372,0
0,0.116740905,0
0,0.4055114,0
1,0.30470467,0
0,0.27100652,0
0,0.032502722,0
0,0.42028695,0
0,0.22856161,0
0,0.3502835,0
0,0.4598545,0
0,0.3687511,0
0,0.41506585,0
0,0.31366614,0
0,0.33699158,0
1,0.59079057,1
1,0.8943854,1
0,0.06857084,0
1,0.69083166,1
0,0.39593,0
0,0.46936068,0
1,0.38024658,0
0,0.2571741,0
0,0.39632717,0
0,0.09804537,0
0,0.39910093,0
0,0.45994478,0
0,0.48353818,0
1,0.55665016,0
0,0.57190776,1
0,0.32518786,0
0,0.36702228,0
0,0.43770373,0
0,0.13852084,0
1,0.9478501,1
0,0.28942826,0
0,0.4007562,0
0,0.90608054,1
0,0.2690548,0
0,0.4188768,0
0,0.6660337,1
0,0.24682118,0
0,0.22935903,0
0,0.67904824,1
0,0.24351017,0
0,0.3097451,0
0,0.22435513,0
1,0.5254334,0
0,0.4396099,0
0,0.5551115,0
1,0.5639731,0
0,0.20302722,0
0,0.30808473,0
0,0.43901423,0
0,0.34433234,0
0,0.4210894,0
1,0.869214,1
0,0.4150284,0
0,0.8202797,1
0,0.17562884,0
1,0.22200319,0
0,0.22718884,0
0,0.3294037,0
0,0.31272987,0
1,0.9122106,1
0,0.12075463,0
0,0.33830556,0
0,0.29830402,0
0,0.40991655,0
1,0.32272962,0
1,0.91820663,1
0,0.8305773,1
0,0.23577295,0
0,0.64943755,1
0,0.3654649,0
0,0.38947713,0
1,0.56090283,0
0,0.3124745,0
0,0.36276847,0
0,0.30829838,0
0,0.2857715,0
0,0.20912467,0
0,0.27487162,0
0,0.13941741,0
0,0.39950582,0
1,0.9603195,1
1,0.42161673,0
1,0.2849333,0
0,0.22885917,0
0,0.13906822,0
0,0.19406061,0
0,0.23698884,0
1,0.55949575,0
0,0.36373496,0
0,0.30276325,0
0,0.36485884,0
0,0.34537464,0
1,0.9175181,1
0,0.5649337,0
0,0.18999274,0
0,0.45010042,0
0,0.6583733,1
0,0.25321898,0
0,0.91688734,1
0,0.94404817,1
0,0.43368915,0
0,0.24112867,0
0,0.3561058,0
0,0.41462365,0
0,0.42965326,0
0,0.31353465,0
0,0.5690658,0
0,0.6076516,1
1,0.55055207,0
0,0.6603276,1
0,0.60180765,1
1,0.58229,1
1,0.41638696,0
0,0.36885345,0
1,0.90096414,1
0,0.22717394,0
0,0.5830121,1
0,0.04595148,0
0,0.07390493,0
0,0.40548342,0
0,0.6124955,1
0,0.075780295,0
0,0.33480746,0
0,0.39197138,0
0,0.4243134,0
1,0.61205465,1
0,0.18749644,0
0,0.0808506,0
0,0.50011015,0
0,0.32316878,0
0,0.34355846,0
0,0.57818776,1
1,0.5860264,1
1,0.8384538,1
0,0.1603257,0
0,0.3787394,0
0,0.16548611,0
1,0.46753532,0
0,0.5696365,0
0,0.14500143,0
0,0.4566068,0
0,0.23543426,0
0,0.38464892,0
0,0.28153116,0
0,0.08088235,0
1,0.39453247,0
0,0.3747656,0
1,0.7329088,1
0,0.2437459,0
0,0.5969238,1
0,0.49821526,0
0,0.81975484,1
1,0.49935135,0
0,0.31429082,0
0,0.6117248,1
0,0.5599432,0
0,0.42942798,0
0,0.28114444,0
0,0.58767104,1
0,0.39082634,0
0,0.33775723,0
0,0.89537376,1
1,0.9573785,1
0,0.54201365,0
0,0.34680936,0
0,0.5554884,0
0,0.4030054,0
0,0.3761468,0
0,0.20720136,0
0,0.17009269,0
1,0.34611696,0
0,0.34883836,0
0,0.18168125,0
0,0.38591555,0
0,0.37383693,0
1,0.5690658,0
0,0.41974667,0
1,0.55831486,0
0,0.2632232,0
0,0.5690658,0
0,0.18956201,0
1,0.5954892,1
0,0.24375317,0
0,0.35231727,0
0,0.39102492,0
1,0.7819814,1
1,0.596786,1
1,0.3141119,0
1,0.38784847,0
0,0.36799264,0
0,0.39014485,0
0,0.72274387,1
0,0.3094815,0
0,0.32672605,0
0,0.73725027,1
0,0.429919,0
0,0.30167493,0
1,0.2613719,0
0,0.32602686,0
0,0.25085813,0
0,0.2874834,0
0,0.88937175,1
1,0.89766973,1
0,0.34250793,0
0,0.12455602,0
0,0.5080144,0
0,0.217412,0
0,0.21524929,0
0,0.5019793,0
0,0.6008148,1
0,0.3379893,0
1,0.9578705,1
0,0.37590924,0
1,0.9157442,1
0,0.52336675,0
0,0.18425333,0
0,0.8700871,1
0,0.36619276,0
0,0.43149292,0
0,0.43977913,0
0,0.1746625,0
0,0.4274048,0
0,0.49777108,0
0,0.25968778,0
1,0.9583212,1
1,0.2607614,0
0,0.3096988,0
0,0.31584767,0
0,0.7793436,1
1,0.90607077,1
1,0.6837379,1
1,0.30964133,0
1,0.91394335,1
0,0.9558706,1
0,0.75725645,1
0,0.43209478,0
0,0.9008055,1
0,0.19553629,0
0,0.45888448,0
0,0.30980316,0
1,0.72406805,1
0,0.41789553,0
1,0.9583086,1
1,0.40457967,0
0,0.058906395,0
0,0.17767076,0
1,0.32157782,0
1,0.5814385,1
1,0.95837724,1
1,0.8969787,1
0,0.37173173,0
1,0.58762485,1
0,0.48750728,0
0,0.32118762,0
1,0.64267534,1
0,0.7321056,1
1,0.9097203,1
0,0.16084553,0
0,0.38301614,0
1,0.45196506,0
1,0.8324646,1
0,0.31325695,0
0,0.63419974,1
0,0.37133342,0
0,0.0031486107,0
0,0.51943856,0
0,0.42722225,0
0,0.43282747,0
1,0.5383991,0
0,0.24462305,0
0,0.53981954,0
0,0.5352427,0
0,0.28220707,0
1,0.8966578,1
0,0.5881139,1
0,0.16366181,0
1,0.27551332,0
0,0.4573842,0
0,0.39393172,0
1,0.94718957,1
0,0.778936,1
0,0.35273597,0
0,0.3719093,0
0,0.2465605,0
0,0.23181087,0
0,0.26787803,0
0,0.9561633,1
0,0.34970897,0
0,0.39981008,0
0,0.43536088,0
0,0.28191423,0
1,0.60064924,1
0,0.1341578,0
1,0.29917043,0
0,0.41640475,0
0,0.43102023,0
0,0.40744767,0
0,0.95823944,1
0,0.3979505,0
0,0.3151537,0
0,0.9597258,1
0,0.39332232,0
0,0.30406943,0
0,0.35188678,0
0,0.11559164,0
1,0.25878298,0
0,0.18709815,0
0,0.09178574,0
0,0.40216073,0
1,0.60108286,1
0,0.54005986,0
0,0.32405594,0
0,0.17866041,0
0,0.4469579,0
1,0.8785862,1
0,0.6606321,1
0,0.29752916,0
0,0.17660503,0
0,0.5012402,0
0,0.908646,1
0,0.574959,1
0,0.4303941,0
1,0.5989515,1
0,0.4015805,0
0,0.7499285,1
0,0.7337071,1
0,0.47683632,0
0,0.2899989,0
1,0.88305146,1
0,0.1540292,0
0,0.32293394,0
0,0.27616695,0
0,0.5983195,1
1,0.7261163,1
0,0.12654045,0
1,0.32667476,0
0,0.9152164,1
1,0.7592983,1
0,0.16491754,0
0,0.18055984,0
0,0.7129975,1
0,0.09149119,0
0,0.4334592,0
0,0.30581522,0
1,0.8489064,1
0,0.45560604,0
0,0.3318927,0
0,0.3022032,0
1,0.5476188,0
0,0.43065602,0
0,0.34674385,0
0,0.89560205,1
0,0.5690658,0
0,0.28025502,0
0,0.10671037,0
0,0.3151773,0
0,0.6601071,1
0,0.41343945,0
0,0.41146588,0
0,0.89597756,1
1,0.726571,1
0,0.38034818,0
0,0.45712805,0
0,0.11324723,0
1,0.34718683,0
0,0.589229,1
0,0.34348193,0
1,0.443332,0
0,0.24366951,0
1,0.6734755,1
0,0.35417673,0
0,0.39748296,0
0,0.4282531,0
0,0.40730256,0
0,0.708275,1
1,0.5259383,0
0,0.3263569,0
0,0.30739576,0
0,0.5707724,1
0,0.24947867,0
1,0.5929653,1
0,0.08122745,0
0,0.22130224,0
1,0.74189043,1
1,0.7533813,1
0,0.22377537,0
0,0.30078924,0
1,0.9143335,1
0,0.114507936,0
0,0.06886586,0
0,0.36963436,0
0,0.08509976,0
0,0.06766655,0
1,0.5804492,1
0,0.28652418,0
0,0.48680267,0
1,0.45892113,0
0,0.1472131,0
0,0.19386238,0
0,0.32471964,0
1,0.6708305,1
1,0.26832345,0
0,0.5502873,0
0,0.031986956,0
0,0.14599821,0
0,0.1200957,0
0,0.5854615,1
0,0.72074145,1
1,0.5319912,0
1,0.8268908,1
0,0.6978194,1
1,0.8058321,1
0,0.40807396,0
0,0.32337898,0
0,0.10794575,0
0,0.2023409,0
0,0.40856326,0
0,0.2784647,0
0,0.424563,0
1,0.34430832,0
0,0.9502857,1
1,0.5567271,0
0,0.57413566,1
0,0.6328656,1
0,0.4125946,0
0,0.43101263,0
1,0.84193885,1
0,0.3004547,0
1,0.7531458,1
1,0.9532899,1
0,0.1742054,0
1,0.62064314,1
0,0.63852185,1
0,0.18010566,0
1,0.24645334,0
0,0.21267587,0
0,0.38539428,0
1,0.7161986,1
0,0.48710188,0
0,0.55943686,0
0,0.094592765,0
0,0.27740175,0
1,0.96155274,1
1,0.9134929,1
1,0.39099157,0
1,0.43235525,0
0,0.15500414,0
0,0.394248,0
0,0.7197984,1
0,0.30941692,0
1,0.71274453,1
0,0.41220814,0
0,0.43338495,0
0,0.21467124,0
0,0.17053923,0
0,0.4173497,0
0,0.40641466,0
0,0.5036165,0
1,0.27459404,0
0,0.37643963,0
1,0.86235934,1
1,0.3306962,0
0,0.16489142,0
1,0.5897089,1
0,0.55233306,0
0,0.06043434,0
0,0.3996003,0
0,0.37938765,0
1,0.19714834,0
0,0.40481672,0
0,0.78366107,1
1,0.46619064,0
1,0.32543284,0
0,0.5482846,0
0,0.15638159,0
1,0.43935475,0
0,0.43025059,0
0,0.42722225,0
0,0.36939096,0
0,0.4268641,0
0,0.15056711,0
1,0.4474854,0
0,0.6327688,1
1,0.5442129,0
0,0.29166374,0
1,0.38569734,0
1,0.36879766,0
0,0.552807,0
0,0.26527467,0
0,0.4217756,0
0,0.23240966,0
0,0.28803822,0
0,0.28764474,0
0,0.3882333,0
0,0.3631991,0
0,0.3506005,0
0,0.28471345,0
0,0.33380395,0
1,0.35775536,0
1,0.940832,1
0,0.22517288,0
0,0.4510581,0
0,0.37285778,0
0,0.6707895,1
0,0.8630165,1
0,0.6417396,1
1,0.93167347,1
1,0.91196007,1
1,0.5923872,1
0,0.44446334,0
0,0.30381113,0
0,0.53736025,0
1,0.38037732,0
0,0.18517798,0
0,0.41424185,0
1,0.5317087,0
0,0.9114632,1
0,0.21090426,0
0,0.41333163,0
0,0.43186885,0
0,0.3449519,0
0,0.5277562,0
0,0.21713366,0
0,0.4913608,0
1,0.5614776,0
0,0.07165182,0
1,0.89993876,1
0,0.36671212,0
0,0.22069137,0
0,0.27923605,0
0,0.40783265,0
0,0.20429717,0
0,0.33018616,0
0,0.37511295,0
0,0.43748492,0
0,0.24728909,0
0,0.7534155,1
1,0.8966923,1
0,0.31384224,0
0,0.34837174,0
0,0.09323615,0
0,0.50218475,0
0,0.35938373,0
0,0.27252194,0
0,0.41218802,0
0,0.2555728,0
0,0.3363685,0
1,0.31384262,0
1,0.6942737,1
0,0.16847958,0
0,0.40927383,0
1,0.91782415,1
0,0.23173134,0
1,0.25318024,0
1,0.15891844,0
0,0.43774286,0
0,0.21495132,0
0,0.73862684,1
0,0.5311483,0
0,0.5690658,0
0,0.27298185,0
0,0.78084004,1
0,0.5549037,0
0,0.3439527,0
1,0.59802556,1
0,0.43548188,0
0,0.41943642,0
0,0.6067553,1
0,0.921952,1
0,0.4045029,0
0,0.30206367,0
0,0.06324955,0
0,0.33492863,0
1,0.9214602,1
0,0.085523285,0
0,0.29818624,0
0,0.29043543,0
0,0.5308265,0
0,0.566139,0
0,0.30522406,0
0,0.61944956,1
0,0.123440534,0
1,0.36709914,0
0,0.10823014,0
1,0.9339798,1
0,0.37185955,0
0,0.32286578,0
1,0.18662953,0
0,0.2873398,0
0,0.37068975,0
0,0.30338886,0
1,0.38857234,0
0,0.29482007,0
0,0.44037795,0
0,0.41588768,0
0,0.42722225,0
0,0.42722225,0
1,0.49316227,0
0,0.16930087,0
0,0.8819837,1
1,0.3255801,0
0,0.5690658,0
0,0.21690264,0
0,0.6929982,1
0,0.41137934,0
0,0.19439068,0
1,0.5805441,1
0,0.46814647,0
0,0.5596443,0
1,0.25863132,0
1,0.25378484,0
0,0.264284,0
0,0.14630651,0
0,0.5575704,0
1,0.66905355,1
1,0.6585006,1
0,0.5206074,0
0,0.6233636,1
0,0.6975855,1
1,0.42307618,0
0,0.41733226,0
0,0.5768069,1
0,0.08688288,0
0,0.15113485,0
1,0.3426903,0
1,0.7348989,1
0,0.36763614,0
0,0.24602634,0
0,0.9583486,1
0,0.53823614,0
0,0.4062165,0
0,0.41918996,0
0,0.1051877,0
0,0.20957477,0
1,0.80727905,1
0,0.8107812,1
0,0.20298715,0
0,0.24134323,0
0,0.7249283,1
1,0.8800383,1
0,0.29356197,0
0,0.40509963,0
1,0.6924086,1
0,0.20948477,0
0,0.23240314,0
0,0.45232937,0
1,0.6557417,1
0,0.33069703,0
0,0.37772155,0
0,0.25704506,0
0,0.6505287,1
0,0.26379937,0
0,0.37382042,0
0,0.31522638,0
0,0.3508958,0
0,0.4321655,0
0,0.23054655,0
0,0.16978523,0
0,0.16510239,0
0,0.41199374,0
0,0.31172445,0
1,0.73357594,1
0,0.6790258,1
1,0.70446414,1
1,0.5542532,0
0,0.6587976,1
1,0.6885196,1
0,0.08903312,0
0,0.4350279,0
0,0.32556027,0
1,0.2792635,0
0,0.43397337,0
0,0.8504338,1
0,0.121066384,0
0,0.24171625,0
0,0.6593342,1
1,0.917883,1
0,0.37835434,0
0,0.3074532,0
0,0.30430305,0
0,0.4568849,0
1,0.38520977,0
0,0.4247888,0
1,0.5021846,0
0,0.12632568,0
1,0.7619711,1
0,0.44932747,0
0,0.654904,1
1,0.93398297,1
0,0.1341088,0
0,0.36892292,0
0,0.4539949,0
0,0.19602855,0
0,0.33953798,0
0,0.3749289,0
0,0.42708978,0
0,0.2400418,0
0,0.6412741,1
0,0.16498579,0
0,0.42722225,0
0,0.40487692,0
0,0.6707489,1
0,0.32262823,0
0,0.71979934,1
0,0.16683228,0
0,0.47249874,0
0,0.14441223,0
0,0.23352994,0
0,0.27374637,0
1,0.32846054,0
0,0.15718366,0
0,0.3928618,0
0,0.47950986,0
0,0.39839685,0
0,0.6188794,1
0,0.43608147,0
1,0.9193783,1
0,0.2981619,0
0,0.6124228,1
0,0.32051516,0
1,0.43426463,0
1,0.8957294,1
0,0.37557355,0
0,0.16176781,0
0,0.40840396,0
0,0.18352266,0
0,0.4287174,0
0,0.6484014,1
0,0.30707356,0
1,0.20383428,0
0,0.53647935,0
1,0.1609806,0
1,0.79162747,1
0,0.3082891,0
0,0.6625261,1
1,0.061409917,0
0,0.351941,0
0,0.42722225,0
0,0.1492138,0
1,0.9581202,1
1,0.56185675,0
0,0.24092673,0
1,0.30591366,0
0,0.42729393,0
0,0.3409939,0
0,0.38647807,0
0,0.9144594,1
0,0.63800627,1
0,0.30522856,0
0,0.46009687,0
0,0.39128572,0
1,0.5705261,1
0,0.31538987,0
1,0.9597258,1
1,0.9544978,1
0,0.3272928,0
0,0.44249794,0
0,0.07980342,0
1,0.39559698,0
1,0.84532857,1
0,0.38946903,0
0,0.4574957,0
0,0.40650788,0
0,0.4147696,0
1,0.5859533,1
1,0.31400543,0
1,0.28018135,0
0,0.16510041,0
0,0.3571518,0
0,0.4221252,0
0,0.23782985,0
1,0.26130834,0
0,0.17538689,0
0,0.08531654,0
0,0.6736978,1
0,0.19443792,0
1,0.64910585,1
0,0.5645262,0
0,0.8811066,1
0,0.36309445,0
1,0.9580702,1
0,0.5177129,0
1,0.73446304,1
1,0.31558782,0
0,0.5723618,1
0,0.8923349,1
0,0.34555224,0
0,0.21315897,0
0,0.2859203,0
0,0.6778161,1
0,0.33541167,0
0,0.42722225,0
0,0.5821865,1
0,0.31143817,0
0,0.275003,0
0,0.32937324,0
0,0.17913964,0
0,0.17723793,0
0,0.31795254,0
0,0.14657888,0
1,0.88567287,1
0,0.5690658,0
0,0.5124985,0
0,0.43179944,0
0,0.5565995,0
0,0.6174861,1
0,0.6633877,1
0,0.22106074,0
1,0.4335341,0
0,0.77250004,1
0,0.08156911,0
0,0.30568036,0
0,0.25352037,0
1,0.60644317,1
1,0.78558874,1
1,0.9195336,1
1,0.7339813,1
1,0.8661703,1
0,0.1535369,0
1,0.32327974,0
1,0.38261393,0
0,0.30071637,0
1,0.8990992,1
0,0.28274697,0
0,0.3217968,0
0,0.41347006,0
0,0.42257038,0
0,0.48691642,0
0,0.8929808,1
0,0.5926126,1
1,0.085818,0
0,0.54404324,0
0,0.5030994,0
0,0.59125483,1
0,0.24299483,0
0,0.34691456,0
0,0.31758317,0
0,0.2529435,0
0,0.13650817,0
0,0.33784208,0
0,0.16071057,0
0,0.4242229,0
0,0.59539104,1
0,0.35133126,0
0,0.582405,1
0,0.0947688,0
0,0.39054623,0
0,0.29441234,0
1,0.9597258,1
1,0.9171395,1
0,0.28408694,0
0,0.55497223,0
0,0.5156576,0
0,0.767091,1
0,0.637752,1
0,0.34229866,0
0,0.55929875,0
0,0.33805552,0
0,0.47705403,0
0,0.7358467,1
1,0.95831627,1
0,0.3858232,0
1,0.700817,1
0,0.40894344,0
1,0.93368804,1
1,0.42298877,0
0,0.20141974,0
1,0.3791669,0
0,0.06942154,0
0,0.23881057,0
0,0.36906824,0
0,0.42989653,0
0,0.55298537,0
0,0.35092804,0
0,0.17323516,0
0,0.30094644,0
0,0.43190026,0
0,0.6567949,1
0,0.30914173,0
0,0.84609634,1
0,0.4301214,0
0,0.19684596,0
0,0.5690658,0
0,0.70272243,1
1,0.9327554,1
1,0.89885736,1
0,0.35831526,0
1,0.8290254,1
0,0.35665023,0
0,0.25710005,0
0,0.40528676,0
0,0.89765483,1
0,0.3496382,0
0,0.55782646,0
1,0.8968417,1
1,0.39477935,0
0,0.58165914,1
0,0.3142613,0
0,0.063494384,0
0,0.25848144,0
0,0.30038792,0
0,0.23935229,0
1,0.40225533,0
0,0.45714062,0
0,0.4171467,0
0,0.19032355,0
1,0.9088422,1
0,0.39357468,0
0,0.46946886,0
0,0.9105623,1
0,0.19536379,0
0,0.37405264,0
0,0.6755666,1
0,0.40283048,0
0,0.40978628,0
0,0.9590423,1
0,0.29934102,0
0,0.5175305,0
1,0.1151841,0
0,0.3106361,0
0,0.27452528,0
1,0.8543742,1
0,0.46089438,0
0,0.30850002,0
0,0.45374328,0
1,0.27067903,0
0,0.7190108,1
0,0.30196175,0
0,0.50811905,0
0,0.5265872,0
0,0.4689739,0
0,0.29572,0
0,0.25769,0
0,0.41708907,0
0,0.3052972,0
0,0.6206176,1
1,0.75342685,1
0,0.45497695,0
0,0.5096147,0
1,0.4302555,0
0,0.5723797,1
1,0.93099123,1
1,0.9290702,1
1,0.9314711,1
1,0.70956177,1
0,0.27808654,0
0,0.1977157,0
0,0.31187546,0
0,0.26973084,0
0,0.45788917,0
0,0.3566944,0
0,0.4337119,0
0,0.13675062,0
1,0.38003206,0
0,0.35365602,0
0,0.82848436,1
0,0.31631464,0
0,0.115498066,0
1,0.41244483,0
0,0.5690658,0
0,0.41781068,0
0,0.62557155,1
1,0.3906994,0
0,0.16364509,0
0,0.47840023,0
0,0.48234576,0
1,0.6463155,1
0,0.26011643,0
1,0.41948587,0
0,0.25227112,0
0,0.36330825,0
1,0.27727795,0
0,0.3642893,0
0,0.3827741,0
0,0.9583219,1
0,0.11599227,0
0,0.665537,1
1,0.73658514,1
0,0.65650034,1
1,0.89549637,1
0,0.3327015,0
0,0.3775228,0
1,0.5161775,0
0,0.44957012,0
0,0.36348653,0
0,0.13669689,0
0,0.42722225,0
0,0.5446225,0
0,0.78632957,1
0,0.08406001,0
0,0.08960486,0
0,0.52902836,0
0,0.67549926,1
0,0.5961107,1
0,0.23495975,0
0,0.19909224,0
0,0.34750703,0
0,0.17039889,0
0,0.45077735,0
0,0.37002698,0
1,0.3545284,0
0,0.42972428,0
0,0.18352322,0
0,0.6286871,1
0,0.63835084,1
0,0.9146059,1
0,0.38796023,0
1,0.6102455,1
1,0.51920944,0
0,0.31212536,0
1,0.9311936,1
0,0.36298302,0
0,0.29073176,0
0,0.4957556,0
1,0.44136527,0
0,0.666953,1
0,0.9402514,1
0,0.4290414,0
1,0.8948558,1
1,0.5994436,1
0,0.7938174,1
0,0.46075535,0
0,0.65236765,1
0,0.29879558,0
0,0.63335365,1
0,0.1585053,0
0,0.7458348,1
0,0.3429152,0
0,0.28000116,0
0,0.6948372,1
1,0.91780365,1
0,0.3751836,0
0,0.32712564,0
0,0.18810232,0
0,0.2556599,0
1,0.9575993,1
0,0.3112269,0
0,0.23389317,0
0,0.34419736,0
0,0.15559727,0
0,0.29530933,0
0,0.104021154,0
0,0.26892743,0
0,0.4553588,0
1,0.37549657,0
0,0.89522284,1
1,0.90805286,1
0,0.1982416,0
1,0.60803145,1
0,0.81536293,1
0,0.28863388,0
0,0.33008003,0
1,0.91753393,1
0,0.48516807,0
1,0.4685306,0
0,0.08998333,0
0,0.5299833,0
0,0.34914196,0
0,0.42722225,0
0,0.90673685,1
0,0.45095986,0
0,0.24070527,0
1,0.89308995,1
0,0.26349592,0
1,0.8815757,1
1,0.8868204,1
1,0.9173171,1
1,0.42697215,0
0,0.39444697,0
1,0.16236295,0
0,0.31617108,0
0,0.52002203,0
1,0.8438651,1
0,0.16655287,0
0,0.43075824,0
0,0.09424217,0
1,0.92913204,1
0,0.19703004,0
0,0.26053104,0
0,0.40878385,0
0,0.36774996,0
0,0.3085865,0
0,0.9009306,1
0,0.42211694,0
0,0.7244997,1
0,0.41122383,0
1,0.21391807,0
0,0.39976317,0
0,0.6097925,1
0,0.33761412,0
0,0.18627071,0
0,0.3654147,0
0,0.3071182,0
0,0.24700324,0
0,0.18400832,0
1,0.95837724,1
0,0.18007049,0
0,0.95837724,1
0,0.2190203,0
0,0.35118258,0
0,0.37910634,0
1,0.41038167,0
0,0.41943642,0
1,0.75397605,1
0,0.36228105,0
0,0.707781,1
0,0.36321816,0
0,0.19362184,0
0,0.28363112,0
0,0.21070443,0
1,0.3535356,0
0,0.67125213,1
0,0.30459872,0
1,0.5916024,1
0,0.35079372,0
1,0.702374,1
0,0.37596485,0
0,0.4871248,0
0,0.76012826,1
0,0.9085594,1
1,0.41935492,0
0,0.5765165,1
1,0.79841864,1
0,0.34803647,0
0,0.2969675,0
0,0.29290956,0
0,0.4258983,0
0,0.28941905,0
0,0.18541314,0
0,0.28991842,0
0,0.0267067,0
0,0.13004006,0
0,0.37159932,0
1,0.90029347,1
0,0.51915365,0
0,0.22780965,0
1,0.8987472,1
0,0.44852746,0
0,0.3457491,0
0,0.40547144,0
0,0.4674988,0
0,0.27389285,0
0,0.30063653,0
1,0.25947526,0
0,0.46574757,0
0,0.42722225,0
0,0.18125165,0
0,0.33460253,0
1,0.1578383,0
0,0.28947964,0
0,0.89128596,1
0,0.1623794,0
0,0.61529964,1
0,0.36191118,0
0,0.5576891,0
0,0.42704025,0
0,0.356976,0
1,0.89418274,1
0,0.33042794,0
0,0.4369082,0
0,0.7819251,1
0,0.39109343,0
0,0.7484202,1
0,0.3852397,0
0,0.27478823,0
0,0.39647788,0
0,0.41676396,0
0,0.53405887,0
0,0.35195056,0
0,0.38224256,0
0,0.43764707,0
1,0.5083621,0
0,0.44205946,0
0,0.24923372,0
0,0.11526125,0
0,0.69164395,1
1,0.22102387,0
0,0.27824396,0
0,0.15235132,0
1,0.61653244,1
1,0.7644502,1
0,0.28776476,0
0,0.12793224,0
0,0.41442028,0
1,0.35811168,0
0,0.05696441,0
0,0.62505656,1
1,0.28102592,0
0,0.14409214,0
0,0.28679794,0
0,0.13274753,0
0,0.29063752,0
1,0.07524508,0
0,0.2244908,0
0,0.32084373,0
0,0.14348784,0
0,0.25221172,0
0,0.53678334,0
0,0.5962913,1
0,0.5925558,1
0,0.40962607,0
0,0.2735871,0
0,0.31773823,0
0,0.10323088,0
0,0.19994257,0
0,0.40491515,0
1,0.9354696,1
0,0.47962427,0
0,0.3981922,0
0,0.059409432,0
0,0.3674775,0
0,0.38367242,0
1,0.8574171,1
0,0.8043655,1
1,0.13934161,0
1,0.900912,1
0,0.5690658,0
0,0.16979101,0
0,0.43579304,0
0,0.25111398,0
0,0.6501372,1
0,0.5844526,1
0,0.64063233,1
0,0.44861993,0
0,0.17123131,0
0,0.30998152,0
0,0.32044423,0
1,0.7564914,1
0,0.33041996,0
0,0.6026891,1
0,0.480601,0
0,0.35704193,0
0,0.122004956,0
0,0.22831744,0
0,0.36087972,0
0,0.26566935,0
1,0.46812665,0
0,0.09186172,0
0,0.37584326,0
0,0.8586738,1
1,0.2635926,0
0,0.6010355,1
0,0.3117737,0
0,0.17127188,0
1,0.4113984,0
0,0.48172846,0
1,0.2942024,0
0,0.46462673,0
0,0.24151516,0
0,0.3030799,0
0,0.23629378,0
0,0.41577712,0
1,0.5584658,0
0,0.16792153,0
0,0.32997358,0
0,0.45893094,0
0,0.58445126,1
0,0.42722225,0
1,0.4139441,0
0,0.35491946,0
0,0.26813528,0
0,0.39579645,0
0,0.38776734,0
0,0.13737336,0
0,0.097126,0
1,0.7020819,1
0,0.22646567,0
0,0.15355448,0
0,0.70385355,1
0,0.27880764,0
0,0.36869684,0
0,0.4266415,0
0,0.46582016,0
0,0.7392098,1
0,0.45023373,0
0,0.21499377,0
0,0.58451724,1
1,0.9147105,1
0,0.20915106,0
0,0.39216778,0
1,0.3537153,0
0,0.5925162,1
0,0.12131496,0
0,0.44039187,0
1,0.6139319,1
0,0.27087653,0
0,0.44248527,0
0,0.13935432,0
0,0.04682698,0
0,0.43357787,0
0,0.57701737,1
0,0.38142502,0
1,0.39376956,0
0,0.18338995,0
0,0.39299914,0
1,0.37830365,0
1,0.16313608,0
0,0.60233945,1
0,0.32180852,0
0,0.19523542,0
0,0.15138707,0
0,0.900681,1
1,0.30289963,0
0,0.6930634,1
0,0.24768578,0
0,0.26680526,0
1,0.58113706,1
1,0.92726123,1
0,0.40294406,0
0,0.14833723,0
0,0.31897828,0
0,0.080040894,0
0,0.3574033,0
0,0.41796216,0
0,0.36602896,0
0,0.2148326,0
0,0.68345016,1
0,0.39646676,0
0,0.60631204,1
0,0.2687976,0
0,0.28727695,0
1,0.9171277,1
0,0.29677182,0
0,0.052473266,0
0,0.41049862,0
0,0.2241139,0
0,0.50088835,0
1,0.5522016,0
1,0.72955394,1
0,0.4013463,0
1,0.40798107,0
1,0.41597912,0
0,0.9658036,1
0,0.2610926,0
0,0.4156577,0
0,0.3468077,0
0,0.17583139,0
1,0.30263373,0
0,0.34980997,0
0,0.85886693,1
0,0.4034339,0
0,0.37319204,0
1,0.5678917,0
0,0.72494817,1
0,0.24136312,0
0,0.28696367,0
0,0.337644,0
0,0.2685038,0
0,0.50285065,0
0,0.43937027,0
1,0.941875,1
0,0.40182555,0
0,0.40739787,0
0,0.26525867,0
0,0.37949973,0
0,0.74744666,1
0,0.3445371,0
1,0.59973764,1
0,0.36225656,0
0,0.17339197,0
0,0.43084344,0
0,0.40795788,0
0,0.42992085,0
0,0.44617817,0
0,0.34401348,0
0,0.15871285,0
0,0.33416596,0
0,0.22776072,0
1,0.7550151,1
0,0.5833886,1
0,0.9073175,1
0,0.5517787,0
0,0.34680313,0
1,0.81382746,1
0,0.4039299,0
1,0.52145827,0
0,0.9583219,1
0,0.66814816,1
0,0.43066898,0
1,0.55243856,0
0,0.5100753,0
0,0.7866522,1
0,0.27623984,0
0,0.34703296,0
0,0.4185985,0
0,0.22204387,0
0,0.39384916,0
1,0.9583051,1
0,0.34750125,0
0,0.29699957,0
1,0.61606336,1
1,0.8048716,1
0,0.52818674,0
0,0.64992195,1
0,0.44761774,0
0,0.35129055,0
0,0.40128687,0
0,0.30351454,0
1,0.853913,1
0,0.6543509,1
0,0.87146693,1
0,0.13380541,0
1,0.5690658,0
0,0.43154413,0
1,0.27069056,0
0,0.23840351,0
1,0.89187926,1
0,0.27723226,0
0,0.50605136,0
0,0.40378663,0
0,0.24639101,0
0,0.417674,0
1,0.22743833,0
1,0.6698462,1
0,0.4195656,0
1,0.5007936,0
0,0.1568097,0
1,0.33748698,0
0,0.2676793,0
0,0.88382757,1
0,0.9440286,1
1,0.40191662,0
0,0.80151105,1
0,0.28618044,0
0,0.09847832,0
1,0.40119135,0
0,0.3116467,0
0,0.30563235,0
0,0.27379563,0
1,0.8729857,1
0,0.5741088,1
0,0.42996478,0
0,0.57143843,1
0,0.15691769,0
0,0.320162,0
0,0.39184624,0
0,0.00994588,0
0,0.23805228,0
0,0.072672814,0
1,0.6794019,1
0,0.123725705,0
0,0.5733981,1
0,0.58475965,1
0,0.1226383,0
0,0.26678452,0
0,0.7081194,1
0,0.3652729,0
1,0.16672206,0
0,0.59491616,1
1,0.95350856,1
0,0.61583954,1
0,0.74989426,1
0,0.29227015,0
0,0.5980365,1
0,0.5136577,0
0,0.33634865,0
0,0.5582436,0
0,0.39727685,0
0,0.1832326,0
0,0.5608356,0
0,0.26796108,0
0,0.31885874,0
0,0.42097723,0
0,0.16557816,0
0,0.50745916,0
1,0.85481524,1
0,0.1382016,0
0,0.41156283,0
1,0.650525,1
0,0.7532738,1
0,0.16246624,0
0,0.51223165,0
1,0.48476472,0
0,0.09046115,0
0,0.2962114,0
0,0.14904739,0
0,0.17437467,0
1,0.8912351,1
0,0.45697194,0
0,0.2874898,0
0,0.29073635,0
1,0.38535148,0
0,0.15042862,0
0,0.21297249,0
0,0.067956254,0
0,0.44143528,0
0,0.23517941,0
1,0.8940719,1
0,0.6805596,1
0,0.30509004,0
0,0.2781459,0
0,0.31127802,0
1,0.6119641,1
1,0.8443194,1
1,0.9223603,1
1,0.47119018,0
0,0.6162059,1
0,0.2483551,0
0,0.25383666,0
0,0.5780634,1
0,0.1861541,0
0,0.19099951,0
0,0.20847434,0
0,0.19896953,0
0,0.43570873,0
1,0.43097314,0
0,0.22059333,0
1,0.7880466,1
1,0.9342486,1
0,0.4327863,0
0,0.95832175,1
0,0.16195068,0
0,0.16356991,0
0,0.6386711,1
0,0.68755174,1
1,0.21319555,0
0,0.09129986,0
0,0.43602967,0
0,0.26993284,0
0,0.3910906,0
0,0.4239359,0
0,0.22436838,0
1,0.9612158,1
0,0.30575466,0
1,0.6689934,1
0,0.33972174,0
0,0.32165286,0
1,0.34800532,0
1,0.36023635,0
0,0.08255587,0
0,0.11053684,0
0,0.17561093,0
0,0.18245398,0
0,0.47431642,0
0,0.27513456,0
0,0.18569295,0
0,0.44927937,0
1,0.41309804,0
0,0.1315867,0
0,0.39834112,0
0,0.5690658,0
1,0.23464464,0
1,0.9091304,1
0,0.30218393,0
0,0.2855488,0
0,0.9168992,1
1,0.43857774,0
0,0.3482693,0
1,0.5561047,0
0,0.39935276,0
0,0.3539621,0
1,0.9158508,1
1,0.5171496,0
0,0.34543657,0
0,0.16208628,0
0,0.2746454,0
0,0.37629637,0
1,0.40287542,0
0,0.2447237,0
0,0.22339089,0
0,0.32782692,0
0,0.4447688,0
0,0.37095213,0
1,0.91421807,1
0,0.5406961,0
0,0.8770867,1
1,0.9583154,1
0,0.4316083,0
0,0.2022403,0
0,0.35667485,0
0,0.085455135,0
0,0.23593517,0
0,0.28033146,0
1,0.9583199,1
0,0.318081,0
0,0.2053013,0
0,0.31185365,0
0,0.37068447,0
0,0.026707701,0
0,0.075092986,0
0,0.1893314,0
0,0.5673688,0
0,0.04533299,0
0,0.59994173,1
0,0.4423193,0
0,0.36493927,0
0,0.5582035,0
0,0.765285,1
0,0.29826847,0
1,0.87730134,1
0,0.03750438,0
0,0.2802739,0
0,0.27561325,0
0,0.06302855,0
1,0.24013942,0
1,0.48414612,0
1,0.45295402,0
0,0.24609809,0
0,0.39214677,0
0,0.55062735,0
0,0.33507934,0
0,0.5816787,1
0,0.26971114,0
0,0.23069672,0
0,0.6956631,1
1,0.5690658,0
0,0.20622464,0
0,0.16417503,0
0,0.46364135,0
0,0.84272945,1
0,0.3848896,0
0,0.6118298,1
0,0.64703137,1
1,0.9582332,1
0,0.4549402,0
0,0.8986767,1
0,0.43205717,0
0,0.20115152,0
0,0.5204913,0
1,0.46914807,0
0,0.44577715,0
0,0.40541065,0
0,0.6634172,1
0,0.35778892,0
0,0.6861076,1
0,0.41362676,0
0,0.24159221,0
0,0.33294246,0
0,0.41189933,0
0,0.05328707,0
0,0.53627574,0
0,0.48650637,0
0,0.35983264,0
0,0.041358884,0
0,0.3661036,0
1,0.6568974,1
0,0.43044376,0
1,0.5291695,0
0,0.30815002,0
0,0.37593117,0
1,0.4257532,0
0,0.121759154,0
0,0.24038558,0
0,0.34330583,0
0,0.44016638,0
0,0.38270152,0
0,0.46810785,0
1,0.9205121,1
1,0.8955818,1
0,0.9581256,1
0,0.22395344,0
0,0.6102756,1
0,0.39065412,0
0,0.3640291,0
1,0.35966927,0
0,0.3311896,0
0,0.15431958,0
1,0.34522173,0
0,0.24637106,0
0,0.34671992,0
0,0.4643977,0
1,0.62770045,1
0,0.28576022,0
0,0.38194448,0
0,0.3924167,0
0,0.20088273,0
0,0.41250533,0
0,0.31351086,0
0,0.34699327,0
0,0.2877079,0
0,0.12890944,0
0,0.42359215,0
0,0.066583894,0
0,0.40944555,0
0,0.26478058,0
0,0.09113451,0
0,0.42722225,0
0,0.4358491,0
0,0.2509893,0
1,0.369679,0
0,0.34547988,0
0,0.4851442,0
1,0.41168353,0
0,0.34335682,0
0,0.076449655,0
0,0.62578994,1
0,0.2065225,0
0,0.36092317,0
1,0.59001195,1
0,0.4058736,0
0,0.6589481,1
0,0.22074981,0
0,0.5581234,0
0,0.23773688,0
0,0.5424892,0
0,0.67233086,1
1,0.44730708,0
1,0.46844146,0
0,0.72158635,1
0,0.32741883,0
0,0.29534775,0
0,0.3616139,0
0,0.40939116,0
0,0.68215793,1
0,0.2660478,0
0,0.643573,1
1,0.91478026,1
0,0.85449684,1
1,0.82599837,1
0,0.17057125,0
0,0.37328127,0
1,0.8917184,1
0,0.45809594,0
0,0.346474,0
0,0.2968956,0
0,0.40946957,0
0,0.5475498,0
0,0.3963899,0
0,0.31912228,0
1,0.25543547,0
0,0.27490872,0
0,0.60544777,1
0,0.71930003,1
0,0.22376795,0
1,0.41857195,0
0,0.28878424,0
0,0.2655481,0
0,0.3339811,0
0,0.14087912,0
0,0.45771864,0
1,0.5982421,1
0,0.3514509,0
0,0.2711182,0
0,0.034394607,0
1,0.85577965,1
0,0.5551996,0
1,0.6671795,1
0,0.16746987,0
0,0.25341332,0
0,0.52255774,0
1,0.08443956,0
1,0.29835972,0
0,0.22684667,0
0,0.3988431,0
1,0.88754636,1
0,0.4351415,0
0,0.23369183,0
0,0.2384167,0
0,0.27133876,0
1,0.8982168,1
0,0.50594926,0
1,0.6573161,1
0,0.3977835,0
0,0.9117841,1
0,0.26119944,0
0,0.9254711,1
0,0.21053547,0
0,0.84389895,1
0,0.5588737,0
1,0.414311,0
1,0.9303877,1
1,0.95758647,1
1,0.96063787,1
0,0.3639669,0
1,0.93353736,1
0,0.28258827,0
0,0.2567831,0
0,0.35316166,0
0,0.3262599,0
0,0.12937358,0
0,0.72779953,1
0,0.4129221,0
0,0.5928004,1
0,0.8839878,1
1,0.7130051,1
0,0.6372879,1
0,0.24957436,0
0,0.23644704,0
0,0.48806635,0
0,0.4141135,0
0,0.44575876,0
0,0.34908465,0
0,0.6086594,1
0,0.40390113,0
0,0.5994168,1
0,0.08377352,0
1,0.63716865,1
0,0.29360545,0
0,0.22501382,0
0,0.19552436,0
0,0.2826903,0
0,0.144103,0
0,0.1906709,0
0,0.25005367,0
1,0.4520569,0
0,0.55529547,0
1,0.43009853,0
1,0.8867315,1
0,0.42722225,0
0,0.18068789,0
0,0.7713216,1
1,0.8377701,1
0,0.43443838,0
0,0.9339349,1
0,0.21820702,0
1,0.8953397,1
0,0.43009773,0
0,0.080993935,0
0,0.36573365,0
1,0.38047713,0
0,0.31281322,0
0,0.38136786,0
0,0.21829098,0
0,0.5812398,1
1,0.33370078,0
1,0.60350806,1
1,0.76255727,1
0,0.9254843,1
0,0.32716432,0
0,0.42156446,0
0,0.3629399,0
0,0.14496562,0
0,0.1417544,0
1,0.6320927,1
0,0.61173606,1
1,0.57538223,1
0,0.30971578,0
0,0.3269503,0
0,0.56183624,0
0,0.4379408,0
0,0.4295732,0
0,0.3200702,0
0,0.2911738,0
0,0.71053326,1
1,0.8799377,1
0,0.5932263,1
1,0.9444845,1
0,0.62069994,1
1,0.8123743,1
1,0.95832175,1
1,0.8973191,1
0,0.25210783,0
1,0.27657026,0
0,0.10386846,0
1,0.8823661,1
0,0.062191855,0
0,0.40377048,0
0,0.5704704,1
1,0.4140768,0
1,0.36951903,0
0,0.29707178,0
0,0.51576465,0
1,0.43874693,0
1,0.50548327,0
0,0.88614017,1
1,0.14043874,0
0,0.20231743,0
0,0.36536327,0
0,0.41385853,0
1,0.34331986,0
0,0.5265761,0
0,0.862846,1
0,0.30787724,0
0,0.5469818,0
0,0.42338684,0
0,0.25710785,0
0,0.08246906,0
0,0.34482673,0
0,0.12902212,0
0,0.18844362,0
1,0.03422264,0
0,0.5690658,0
0,0.5501476,0
0,0.55536216,0
1,0.45963386,0
0,0.11459491,0
1,0.897884,1
1,0.9025076,1
1,0.8717671,1
0,0.26731503,0
0,0.34653103,0
0,0.63704354,1
0,0.44783178,0
0,0.50111824,0
1,0.28293136,0
1,0.18601212,0
1,0.7274265,1
1,0.42133233,0
0,0.40156215,0
1,0.9583224,1
1,0.5899553,1
0,0.58919126,1
1,0.7132156,1
0,0.9083589,1
0,0.10400954,0
0,0.4394551,0
0,0.724669,1
1,0.36114812,0
0,0.06648397,0
1,0.95831627,1
1,0.8157547,1
1,0.9606454,1
0,0.28503585,0
1,0.42948222,0
1,0.7388209,1
0,0.65051115,1
0,0.40321094,0
0,0.8961259,1
0,0.56024927,0
0,0.2970573,0
0,0.79347223,1
0,0.17552064,0
0,0.39163172,0
0,0.3108616,0
0,0.22901507,0
0,0.8978278,1
0,0.47989467,0
1,0.62425864,1
1,0.47835693,0
0,0.60032725,1
0,0.16291437,0
1,0.86987793,1
0,0.25584772,0
1,0.9577189,1
0,0.29468262,0
0,0.29728323,0
0,0.5577315,0
1,0.6059273,1
1,0.713465,1
1,0.35312542,0
1,0.91731006,1
0,0.41706967,0
0,0.32763997,0
1,0.88031316,1
1,0.89305466,1
0,0.4301899,0
0,0.61003864,1
0,0.1825458,0
0,0.10622043,0
1,0.42086473,0
0,0.63352877,1
0,0.901147,1
0,0.27314734,0
0,0.893818,1
1,0.8122876,1
0,0.31346005,0
0,0.84592223,1
0,0.68771255,1
0,0.93621606,1
0,0.6402264,1
0,0.08226009,0
1,0.8593017,1
0,0.24883227,0
1,0.1677936,0
0,0.4341172,0
0,0.43779653,0
0,0.46619093,0
0,0.30426264,0
0,0.21254599,0
0,0.6611091,1
0,0.5884519,1
1,0.9162087,1
0,0.3823378,0
0,0.38164857,0
0,0.9593276,1
1,0.78521264,1
0,0.3624908,0
0,0.15272927,0
1,0.9177567,1
0,0.4307363,0
0,0.4070117,0
0,0.5103861,0
0,0.47720358,0
0,0.9323562,1
0,0.6310251,1
0,0.2905323,0
0,0.5921234,1
1,0.6806759,1
1,0.37511298,0
1,0.96956193,1
0,0.11546164,0
0,0.21984212,0
0,0.40344557,0
0,0.09639416,0
0,0.094160065,0
1,0.9469866,1
1,0.36744374,0
0,0.33479798,0
0,0.5561698,0
0,0.2777275,0
1,0.6322545,1
1,0.30273408,0
1,0.8852626,1
1,0.9583212,1
1,0.63597524,1
0,0.346805,0
0,0.08840707,0
0,0.79286873,1
0,0.33443537,0
0,0.65416455,1
0,0.47218433,0
0,0.36348796,0
0,0.27544472,0
0,0.46152705,0
1,0.61246693,1
1,0.73605216,1
0,0.46779343,0
0,0.52741444,0
1,0.96956193,1
0,0.2618732,0
0,0.1409318,0
0,0.94194734,1
0,0.46189043,0
0,0.5658749,0
0,0.102185264,0
0,0.17691064,0
1,0.38004923,0
0,0.101038024,0
0,0.74878615,1
0,0.2584379,0
0,0.64984185,1
1,0.23543637,0
0,0.44223884,0
0,0.9606485,1
1,0.564162,0
0,0.41222697,0
0,0.3761219,0
0,0.33108813,0
0,0.28235352,0
1,0.64610654,1
1,0.91807705,1
0,0.66541547,1
1,0.43732983,0
0,0.7665357,1
1,0.96956193,1
1,0.4385962,0
0,0.5387489,0
1,0.91635484,1
1,0.4023991,0
1,0.45515072,0
0,0.3408751,0
0,0.21959874,0
0,0.2823839,0
0,0.37886503,0
0,0.28736138,0
0,0.36378905,0
0,0.7544219,1
0,0.1811121,0
1,0.7134069,1
0,0.6251687,1
0,0.2797355,0
1,0.92309517,1
1,0.63007903,1
0,0.34150797,0
0,0.4193316,0
0,0.4181389,0
0,0.3302381,0
1,0.3786594,0
1,0.42722225,0
0,0.19909117,0
0,0.16407815,0
1,0.87279487,1
0,0.3270347,0
0,0.23243736,0
0,0.35085964,0
0,0.48851874,0
0,0.38705122,0
0,0.4101158,0
1,0.9484424,1
0,0.41731432,0
1,0.9198481,1
0,0.4352917,0
0,0.35311452,0
0,0.6227107,1
0,0.26080656,0
1,0.20194632,0
0,0.4000346,0
0,0.42180306,0
0,0.23182054,0
0,0.32320365,0
0,0.3527065,0
1,0.8981957,1
1,0.23525265,0
0,0.21393195,0
1,0.91707,1
0,0.38844845,0
0,0.52113897,0
1,0.9177636,1
0,0.39535683,0
0,0.16424398,0
1,0.52314544,0
0,0.3016544,0
0,0.40500414,0
0,0.3038132,0
1,0.6734841,1
0,0.26671913,0
0,0.26002967,0
0,0.40481687,0
0,0.6385797,1
0,0.2545211,0
1,0.8083528,1
0,0.9511266,1
1,0.7980908,1
0,0.62939453,1
0,0.42722225,0
0,0.38627568,0
0,0.6305743,1
1,0.33829835,0
0,0.38749135,0
0,0.58446264,1
0,0.31513816,0
0,0.58308387,1
1,0.30189928,0
1,0.79299843,1
0,0.3514064,0
0,0.26999888,0
0,0.15510292,0
0,0.10089686,0
0,0.4035042,0
1,0.36703894,0
1,0.69596314,1
0,0.2899266,0
0,0.12036318,0
0,0.3073415,0
1,0.9581079,1
0,0.16922083,0
0,0.0045834985,0
0,0.43740958,0
1,0.6729944,1
1,0.6887542,1
0,0.36618784,0
1,0.93218637,1
1,0.9179543,1
0,0.59597856,1
0,0.68474275,1
0,0.4853701,0
1,0.4134438,0
0,0.27714556,0
0,0.38967657,0
1,0.89547086,1
0,0.27019387,0
0,0.39574587,0
1,0.8974471,1
1,0.5925645,1
0,0.91844636,1
0,0.68072575,1
1,0.64095676,1
0,0.1824803,0
0,0.44602925,0
0,0.24386157,0
0,0.6447523,1
0,0.7651832,1
0,0.23020953,0
1,0.7012798,1
1,0.94253004,1
0,0.50635856,0
0,0.44765294,0
0,0.1441478,0
0,0.29915896,0
0,0.37227413,0
1,0.92680943,1
0,0.0626976,0
0,0.07192415,0
0,0.21487616,0
1,0.49219114,0
1,0.47410345,0
0,0.603684,1
0,0.5687532,0
0,0.46120137,0
1,0.6497605,1
0,0.20751666,0
1,0.30382198,0
0,0.33128998,0
0,0.15911454,0
0,0.28082368,0
0,0.18833482,0
0,0.23958121,0
1,0.8967574,1
0,0.22625029,0
1,0.60103035,1
0,0.82365716,1
0,0.5474559,0
1,0.90750295,1
0,0.36798462,0
0,0.24826665,0
0,0.3974395,0
1,0.20339695,0
0,0.4614763,0
0,0.42106625,0
0,0.44514257,0
1,0.35660163,0
1,0.42722225,0
0,0.91151184,1
0,0.22863166,0
1,0.9191485,1
0,0.20612107,0
0,0.13482818,0
0,0.19274628,0
0,0.2831684,0
0,0.16206476,0
0,0.8783541,1
0,0.1618389,0
1,0.6351093,1
0,0.11325768,0
0,0.103168026,0
0,0.09596768,0
0,0.1337015,0
0,0.43072283,0
0,0.34298748,0
1,0.91668206,1
0,0.65225524,1
0,0.13672838,0
0,0.2441003,0
0,0.42993084,0
0,0.14598458,0
1,0.8043093,1
0,0.34746552,0
0,0.42722225,0
0,0.42017618,0
0,0.31461743,0
0,0.49766794,0
0,0.26224223,0
0,0.63045144,1
0,0.058691062,0
0,0.062467933,0
0,0.22873758,0
0,0.43474683,0
1,0.8959525,1
0,0.32539797,0
0,0.39100087,0
0,0.19537427,0
0,0.113738395,0
1,0.81551284,1
0,0.9599509,1
0,0.16893277,0
0,0.41896543,0
0,0.2987993,0
0,0.55677253,0
0,0.37145165,0
0,0.7169013,1
1,0.93691653,1
1,0.7581962,1
1,0.27600357,0
1,0.8204558,1
0,0.28728414,0
1,0.8968685,1
0,0.29567847,0
0,0.29772198,0
0,0.46458387,0
0,0.5614396,0
0,0.28949916,0
0,0.068287715,0
1,0.29376453,0
0,0.21680646,0
1,0.90087634,1
0,0.23881066,0
0,0.49154097,0
0,0.6041552,1
0,0.6316377,1
0,0.27813068,0
0,0.48630306,0
0,0.37724814,0
0,0.30969772,0
0,0.29749927,0
0,0.36049926,0
0,0.23988035,0
0,0.10920378,0
0,0.7041047,1
0,0.48289502,0
1,0.6782302,1
1,0.8942114,1
0,0.16465399,0
0,0.27534294,0
0,0.3241246,0
0,0.4736126,0
0,0.65387803,1
0,0.4541547,0
0,0.17058045,0
0,0.12838736,0
0,0.9475679,1
1,0.95803136,1
1,0.70032096,1
1,0.5255666,0
1,0.46425068,0
0,0.3124186,0
0,0.25864807,0
0,0.3605958,0
0,0.41440755,0
1,0.30355385,0
0,0.12425475,0
0,0.3675788,0
0,0.36347628,0
1,0.35659727,0
1,0.93300325,1
0,0.41796154,0
0,0.1087121,0
0,0.7535031,1
1,0.7409909,1
0,0.53979045,0
1,0.2994003,0
0,0.37430388,0
0,0.8762884,1
1,0.9139796,1
1,0.8719492,1
0,0.18370858,0
0,0.23348804,0
0,0.6142736,1
0,0.17538747,0
0,0.33212298,0
0,0.39800036,0
1,0.16985857,0
0,0.38139477,0
1,0.90959847,1
0,0.10879581,0
0,0.3884732,0
1,0.5690658,0
0,0.6720338,1
0,0.53611463,0
0,0.3455391,0
0,0.4221989,0
1,0.41518128,0
0,0.17617309,0
0,0.35346884,0
1,0.87907606,1
0,0.5797382,1
0,0.45533806,0
0,0.2764735,0
0,0.29550517,0
0,0.07702767,0
0,0.25059032,0
1,0.5501316,0
0,0.41633064,0
0,0.18036108,0
0,0.1851122,0
0,0.56629,0
0,0.31272787,0
0,0.408534,0
0,0.3192544,0
1,0.42722225,0
1,0.35263053,0
0,0.2980968,0
0,0.4160599,0
0,0.34556603,0
0,0.6524121,1
0,0.40873265,0
0,0.34098798,0
0,0.050595555,0
0,0.3552168,0
0,0.34579876,0
1,0.9430717,1
1,0.21533604,0
1,0.88880986,1
0,0.3267474,0
1,0.91508234,1
0,0.2774023,0
0,0.451299,0
0,0.110770606,0
0,0.41003177,0
0,0.5864804,1
0,0.2714588,0
0,0.28329054,0
0,0.3551611,0
0,0.40898964,0
0,0.15163372,0
0,0.41728392,0
1,0.28069657,0
0,0.12901512,0
0,0.42722225,0
0,0.07036898,0
0,0.37592977,0
0,0.41653043,0
0,0.7276684,1
1,0.42919025,0
0,0.3116322,0
0,0.7534582,1
1,0.9000864,1
0,0.63214594,1
0,0.5748217,1
0,0.12598784,0
0,0.93178564,1
0,0.11580629,0
0,0.74924,1
1,0.400889,0
0,0.43579352,0
0,0.41426173,0
0,0.1468156,0
0,0.7472321,1
0,0.1463053,0
0,0.48353392,0
0,0.54993874,0
0,0.07401444,0
1,0.6506542,1
1,0.9252899,1
0,0.09460365,0
0,0.38305134,0
0,0.0567364,0
0,0.40585467,0
0,0.15724476,0
0,0.07015383,0
0,0.42558613,0
0,0.29380658,0
0,0.7386994,1
0,0.37595138,0
0,0.28201097,0
1,0.9128232,1
0,0.11086518,0
0,0.5690658,0
0,0.12976636,0
0,0.5839503,1
0,0.23692231,0
0,0.6943508,1
0,0.1064365,0
0,0.17805004,0
1,0.7992957,1
1,0.3042782,0
0,0.45340046,0
0,0.36779886,0
0,0.41571218,0
0,0.17513397,0
0,0.95766073,1
1,0.108273536,0
0,0.3728539,0
0,0.31979826,0
1,0.65522486,1
0,0.29234132,0
0,0.16454944,0
0,0.45183012,0
0,0.19397,0
0,0.2679677,0
0,0.16179007,0
1,0.47622436,0
0,0.31866398,0
0,0.57686174,1
0,0.9298257,1
0,0.55077463,0
0,0.5351089,0
1,0.7544219,1
0,0.40313217,0
0,0.3012532,0
0,0.42722225,0
0,0.30163577,0
0,0.5387164,0
0,0.39265627,0
0,0.1793119,0
0,0.16615656,0
1,0.93282264,1
0,0.33685327,0
0,0.3603323,0
0,0.6043113,1
0,0.3838726,0
0,0.2789101,0
0,0.1929804,0
0,0.23554187,0
1,0.46501884,0
0,0.21232031,0
0,0.25580314,0
1,0.94246894,1
0,0.18336709,0
1,0.7775572,1
1,0.9007556,1
1,0.42722225,0
0,0.30172265,0
0,0.36205953,0
0,0.8018138,1
0,0.72972465,1
0,0.22778074,0
0,0.36256588,0
0,0.5102957,0
1,0.8946001,1
1,0.95826405,1
0,0.2570741,0
0,0.15263464,0
0,0.21606669,0
0,0.057874653,0
0,0.40907913,0
1,0.7423149,1
0,0.49259865,0
0,0.445139,0
0,0.2544988,0
0,0.54290694,0
0,0.35324642,0
0,0.59290093,1
0,0.29492986,0
1,0.9146415,1
0,0.3179442,0
1,0.59277207,1
0,0.3474704,0
0,0.286432,0
0,0.50822115,0
0,0.37829933,0
0,0.119110316,0
0,0.41384414,0
0,0.0631311,0
0,0.13762027,0
0,0.34177905,0
0,0.32013518,0
0,0.36437935,0
0,0.5690658,0
1,0.13025934,0
0,0.35557508,0
0,0.36928257,0
0,0.34661838,0
0,0.37302086,0
0,0.32973647,0
1,0.8906877,1
0,0.42698506,0
0,0.42722225,0
0,0.2517213,0
0,0.10362132,0
0,0.3114428,0
0,0.3687035,0
0,0.8605641,1
0,0.41814625,0
1,0.58165574,1
1,0.95832217,1
0,0.38251662,0
0,0.42446867,0
0,0.47404402,0
0,0.40802583,0
0,0.45317784,0
0,0.41700122,0
1,0.8531639,1
0,0.4605631,0
0,0.36454856,0
0,0.4427131,0
0,0.098545514,0
0,0.10620213,0
0,0.13280468,0
0,0.44723475,0
0,0.71236205,1
1,0.40706462,0
0,0.26213208,0
0,0.30915475,0
0,0.14345706,0
0,0.27516004,0
0,0.20432818,0
0,0.16957225,0
0,0.56465137,0
0,0.71175605,1
1,0.35748336,0
0,0.69901586,1
0,0.5821954,1
0,0.38057455,0
0,0.20663163,0
0,0.6585984,1
0,0.33418515,0
1,0.92362267,1
1,0.5430757,0
0,0.7472668,1
0,0.54901004,0
0,0.26998806,0
0,0.35994467,0
0,0.3999435,0
0,0.3059107,0
0,0.6990778,1
1,0.4243596,0
0,0.25122866,0
0,0.8350214,1
0,0.03772134,0
0,0.6215804,1
0,0.29544765,0
0,0.34629536,0
0,0.28422403,0
0,0.19364442,0
0,0.19177353,0
0,0.39943314,0
0,0.19808884,0
0,0.34079492,0
0,0.35189754,0
0,0.39328527,0
0,0.29905152,0
0,0.118844725,0
0,0.14618254,0
0,0.28776714,0
0,0.37607715,0
0,0.39416814,0
0,0.3261607,0
0,0.555979,0
0,0.2996207,0
1,0.6676962,1
0,0.15413001,0
0,0.30480736,0
0,0.056876283,0
1,0.7704223,1
1,0.7248252,1
0,0.6033717,1
0,0.2638102,0
1,0.5749157,1
0,0.30142385,0
0,0.6647678,1
0,0.05489035,0
0,0.21691227,0
0,0.2719834,0
0,0.21390396,0
0,0.1301168,0
0,0.08171437,0
0,0.42037684,0
0,0.93207335,1
1,0.70607513,1
0,0.58880216,1
0,0.3306863,0
1,0.9583186,1
0,0.45686802,0
0,0.19291142,0
0,0.42703304,0
1,0.7322351,1
0,0.26279625,0
0,0.2665142,0
0,0.31353417,0
1,0.8929868,1
1,0.92667955,1
1,0.75256306,1
0,0.67483175,1
0,0.88705605,1
0,0.12402068,0
0,0.13113812,0
0,0.2727556,0
1,0.58399355,1
0,0.4511882,0
0,0.18255773,0
0,0.41366792,0
0,0.38533726,0
0,0.2543969,0
0,0.26243028,0
0,0.3139285,0
0,0.3097513,0
0,0.30202696,0
1,0.60073,1
0,0.23447506,0
0,0.398998,0
0,0.35120928,0
0,0.12122414,0
0,0.03515831,0
0,0.17663659,0
0,0.29037473,0
0,0.1700058,0
0,0.110241085,0
0,0.28777796,0
0,0.8819012,1
0,0.30990037,0
0,0.5690658,0
0,0.42369828,0
0,0.30305696,0
0,0.47950354,0
0,0.34296146,0
0,0.3727174,0
0,0.48524132,0
0,0.16856793,0
0,0.06570713,0
0,0.53581727,0
0,0.43417355,0
0,0.42722225,0
0,0.2326677,0
0,0.14587866,0
0,0.24954595,0
0,0.18679377,0
0,0.23996212,0
0,0.34043205,0
0,0.42722225,0
0,0.1712106,0
0,0.45873803,0
1,0.90588653,1
1,0.3540934,0
0,0.22928283,0
0,0.39084882,0
0,0.1198618,0
0,0.8988204,1
0,0.3104577,0
0,0.1295542,0
0,0.15440212,0
1,0.6863339,1
0,0.064265035,0
0,0.30764616,0
0,0.34426954,0
0,0.28561872,0
0,0.31579775,0
0,0.29157388,0
0,0.716276,1
0,0.41416878,0
0,0.36770836,0
0,0.08081573,0
0,0.17513652,0
0,0.4944495,0
0,0.12920888,0
0,0.06479056,0
0,0.101625904,0
0,0.2996602,0
0,0.09229978,0
0,0.42722225,0
1,0.8746259,1
0,0.91732514,1
0,0.31605765,0
1,0.9537724,1
1,0.50443125,0
0,0.35472843,0
0,0.35543016,0
0,0.6041129,1
1,0.91380197,1
0,0.3497468,0
1,0.37422073,0
0,0.6174429,1
1,0.9606159,1
1,0.9582129,1
0,0.23126033,0
0,0.3382005,0
0,0.36367506,0
1,0.61251163,1
0,0.53187525,0
0,0.4121871,0
0,0.31793794,0
1,0.33056962,0
1,0.89399374,1
1,0.7271015,1
1,0.30031282,0
1,0.7940776,1
0,0.11015892,0
0,0.025509665,0
0,0.47061038,0
0,0.2174854,0
0,0.67831266,1
0,0.7113302,1
0,0.89284766,1
0,0.389557,0
0,0.3043384,0
0,0.5394633,0
0,0.8850662,1
0,0.25702897,0
0,0.37838694,0
0,0.48674905,0
0,0.33902678,0
0,0.68495506,1
0,0.17332965,0
0,0.8946156,1
0,0.16032104,0
0,0.18264519,0
1,0.9208609,1
0,0.09225902,0
0,0.2729215,0
0,0.55328476,0
0,0.1504692,0
1,0.89953774,1
0,0.44139713,0
0,0.32370812,0
0,0.43501645,0
0,0.3194382,0
0,0.2888826,0
1,0.95345634,1
0,0.41369668,0
1,0.9139051,1
0,0.2414055,0
0,0.6439566,1
0,0.40629417,0
0,0.35864735,0
1,0.46519938,0
1,0.79832494,1
0,0.35029182,0
0,0.053204834,0
0,0.43791425,0
0,0.3654458,0
0,0.4479372,0
0,0.36724803,0
1,0.256214,0
0,0.55316037,0
0,0.13643108,0
0,0.32676882,0
0,0.31676695,0
0,0.51446515,0
0,0.29638502,0
1,0.32514897,0
1,0.8410803,1
1,0.66732347,1
1,0.39050245,0
0,0.07247233,0
0,0.091735,0
0,0.36503583,0
0,0.4992244,0
1,0.9148371,1
1,0.43852,0
0,0.52595174,0
0,0.5897453,1
0,0.121313944,0
1,0.96956193,1
0,0.907923,1
0,0.3012332,0
1,0.8298591,1
0,0.40986258,0
0,0.14460829,0
0,0.15457655,0
1,0.43683445,0
0,0.44594488,0
0,0.12277849,0
0,0.07540524,0
0,0.2970442,0
0,0.6072592,1
1,0.67017376,1
1,0.9099822,1
1,0.39201432,0
0,0.332322,0
0,0.088843755,0
0,0.23000683,0
1,0.8947406,1
0,0.19915384,0
0,0.55949134,0
0,0.6709564,1
0,0.5267253,0
0,0.63712806,1
0,0.31060243,0
0,0.48252082,0
0,0.71346897,1
0,0.6328748,1
0,0.42308936,0
0,0.041351333,0
0,0.57845706,1
0,0.025708823,0
0,0.15794986,0
0,0.14314024,0
0,0.90849644,1
0,0.116171815,0
0,0.29883268,0
0,0.08275795,0
1,0.56646097,0
0,0.55492365,0
0,0.68221444,1
0,0.37942564,0
1,0.92038125,1
0,0.33062053,0
0,0.3062712,0
1,0.32020354,0
1,0.90082604,1
0,0.14982393,0
1,0.6434605,1
0,0.13531427,0
0,0.2664528,0
1,0.8579371,1
0,0.08614087,0
0,0.586785,1
1,0.93969434,1
0,0.3729408,0
0,0.45503533,0
0,0.43768525,0
1,0.9532119,1
1,0.9002696,1
0,0.15873082,0
0,0.28765538,0
0,0.4565295,0
0,0.5755496,1
0,0.8680787,1
0,0.35680133,0
0,0.46536145,0
0,0.46111715,0
0,0.30900526,0
0,0.3575252,0
1,0.61171114,1
0,0.64326286,1
0,0.3844992,0
0,0.3837271,0
0,0.15246682,0
0,0.31643385,0
0,0.44320318,0
0,0.3386554,0
0,0.13187644,0
0,0.19190857,0
0,0.5623757,0
0,0.075554244,0
1,0.70463085,1
0,0.36953804,0
0,0.34831312,0
1,0.633855,1
0,0.33457807,0
0,0.35770494,0
0,0.04103395,0
0,0.3670294,0
1,0.66475886,1
0,0.37408924,0
0,0.28719908,0
0,0.36717156,0
0,0.33013752,0
0,0.36690128,0
0,0.39756525,0
0,0.5857284,1
0,0.41973495,0
0,0.75299525,1
0,0.29953945,0
1,0.41964078,0
0,0.05300977,0
0,0.30469507,0
0,0.34440383,0
1,0.729744,1
0,0.33681312,0
0,0.24293086,0
0,0.53968704,0
1,0.69062835,1
1,0.775569,1
0,0.22284913,0
0,0.36801794,0
0,0.057590056,0
0,0.46067855,0
0,0.32685265,0
0,0.56051296,0
0,0.25479057,0
0,0.9154774,1
0,0.2116273,0
1,0.42722225,0
0,0.17130177,0
0,0.29967412,0
1,0.85719603,1
1,0.95101076,1
0,0.5891304,1
0,0.39919364,0
1,0.79295677,1
0,0.17185123,0
0,0.329285,0
0,0.33643442,0
0,0.8110056,1
0,0.094768725,0
0,0.26832902,0
1,0.71561146,1
1,0.42722225,0
0,0.397694,0
0,0.3294455,0
0,0.3093483,0
0,0.424122,0
0,0.55758137,0
0,0.06620075,0
0,0.097489655,0
1,0.29947,0
1,0.6281391,1
0,0.25089037,0
0,0.2017654,0
1,0.16152307,0
1,0.89924425,1
0,0.2250867,0
1,0.85702324,1
1,0.5689527,0
0,0.37996775,0
0,0.38844135,0
1,0.69709885,1
0,0.113364115,0
0,0.61839986,1
0,0.7975737,1
0,0.06096687,0
0,0.2705634,0
0,0.2744528,0
0,0.42870802,0
0,0.15337533,0
1,0.7782899,1
0,0.5798757,1
0,0.13885823,0
0,0.4071263,0
0,0.31286937,0
0,0.5715405,1
0,0.64526,1
0,0.41556475,0
0,0.8974845,1
0,0.93365675,1
0,0.4046796,0
1,0.8938858,1
0,0.29762825,0
0,0.3923359,0
0,0.14577036,0
1,0.41975823,0
1,0.70944726,1
0,0.07878566,0
0,0.081713274,0
0,0.3059537,0
0,0.3308987,0
0,0.6469849,1
0,0.091013096,0
1,0.34143782,0
0,0.87509316,1
0,0.6155106,1
0,0.43787423,0
0,0.4064762,0
0,0.07923327,0
0,0.9141595,1
0,0.23402324,0
0,0.36254415,0
0,0.19510274,0
0,0.3082498,0
0,0.38890108,0
0,0.6256856,1
0,0.16096309,0
0,0.6492646,1
1,0.9183493,1
1,0.6935878,1
0,0.32816157,0
0,0.7130034,1
0,0.25935814,0
0,0.16299118,0
0,0.45252374,0
0,0.22287217,0
0,0.42722225,0
0,0.84349567,1
0,0.1552676,0
0,0.58189374,1
0,0.5690658,0
0,0.5844861,1
0,0.45955792,0
0,0.22387576,0
0,0.2929772,0
0,0.41710198,0
0,0.41014445,0
1,0.19848764,0
0,0.28369224,0
0,0.45356196,0
0,0.57435954,1
0,0.19574666,0
1,0.36361024,0
1,0.5690658,0
0,0.56879956,0
0,0.30190843,0
0,0.27622992,0
1,0.9188194,1
0,0.1638907,0
0,0.38874733,0
0,0.6083555,1
0,0.23875171,0
0,0.189216,0
0,0.077393465,0
1,0.8891769,1
0,0.37322062,0
0,0.4617988,0
0,0.1576924,0
0,0.17591809,0
0,0.37986362,0
0,0.44050878,0
1,0.87214863,1
1,0.44246048,0
0,0.35758185,0
0,0.37921783,0
0,0.28459552,0
0,0.57589304,1
0,0.36474916,0
1,0.31488478,0
0,0.13408689,0
1,0.3517286,0
0,0.5979385,1
0,0.25230733,0
1,0.96956295,1
0,0.113624446,0
0,0.0352106,0
0,0.17784294,0
0,0.58006483,1
0,0.17895928,0
0,0.3953389,0
0,0.12432826,0
0,0.2591885,0
0,0.08736602,0
0,0.6134975,1
0,0.53401566,0
0,0.11981627,0
0,0.19624385,0
0,0.28489435,0
0,0.15287118,0
0,0.39193752,0
1,0.40872014,0
0,0.3080607,0
0,0.25898877,0
0,0.30625623,0
0,0.4200409,0
0,0.30181152,0
1,0.7859927,1
1,0.8940291,1
0,0.118855596,0
0,0.109753914,0
0,0.09280028,0
0,0.31388327,0
0,0.6319262,1
0,0.27355173,0
0,0.3213672,0
0,0.29761878,0
0,0.40204534,0
0,0.5669724,0
0,0.15941925,0
1,0.900367,1
0,0.44107398,0
0,0.42722225,0
0,0.29139674,0
0,0.35653308,0
0,0.3141028,0
0,0.2606219,0
0,0.73708844,1
0,0.18039063,0
0,0.40322998,0
0,0.29600886,0
0,0.19346541,0
1,0.13083017,0
0,0.17737949,0
0,0.22359344,0
0,0.2551437,0
0,0.3647443,0
0,0.711006,1
1,0.9212788,1
0,0.16660698,0
0,0.2618115,0
0,0.5788733,1
0,0.061478693,0
0,0.11983603,0
0,0.4220704,0
0,0.1817641,0
0,0.2907877,0
0,0.52423805,0
0,0.3121066,0
0,0.45973212,0
0,0.2589836,0
0,0.19654736,0
0,0.4476914,0
0,0.8021342,1
0,0.12611747,0
0,0.2406315,0
0,0.19875248,0
0,0.21594462,0
0,0.18046013,0
0,0.13038273,0
1,0.42722225,0
0,0.7231332,1
0,0.1378865,0
0,0.42722225,0
1,0.9177615,1
1,0.53344107,0
0,0.41685906,0
0,0.37966835,0
0,0.45825633,0
0,0.37744865,0
0,0.41529638,0
0,0.41186345,0
0,0.5690658,0
1,0.33329192,0
0,0.40117943,0
0,0.4187253,0
0,0.55984956,0
0,0.20534721,0
0,0.38691315,0
0,0.38233462,0
1,0.8176224,1
0,0.9580626,1
0,0.46605822,0
0,0.16727293,0
0,0.33041382,0
0,0.31614077,0
0,0.40537214,0
0,0.1432683,0
1,0.42722225,0
0,0.15484947,0
1,0.5945424,1
0,0.3046783,0
0,0.63019073,1
0,0.28072837,0
0,0.33431166,0
0,0.13734362,0
0,0.50141263,0
0,0.13323085,0
1,0.36084858,0
0,0.3232288,0
1,0.4654891,0
0,0.39179313,0
0,0.1344893,0
0,0.82902163,1
0,0.23651099,0
1,0.89734817,1
0,0.7332845,1
0,0.81680375,1
0,0.29547414,0
1,0.4656371,0
0,0.18716255,0
0,0.19311118,0
0,0.42119834,0
0,0.17085885,0
0,0.29296577,0
0,0.5159428,0
0,0.45399836,0
0,0.29537618,0
0,0.068763465,0
0,0.68005276,1
0,0.18608241,0
0,0.2489962,0
0,0.0617925,0
0,0.39544597,0
1,0.7518668,1
0,0.509329,0
0,0.44294834,0
0,0.19209623,0
0,0.21107443,0
0,0.3753354,0
0,0.6432806,1
0,0.2294588,0
0,0.8999779,1
0,0.16814394,0
0,0.2280848,0
1,0.95070624,1
0,0.399083,0
0,0.17145094,0
1,0.28406218,0
0,0.26404575,0
0,0.124807656,0
0,0.90808797,1
0,0.46355107,0
0,0.26642102,0
1,0.40981477,0
0,0.068006165,0
0,0.1312649,0
1,0.5690658,0
0,0.42586964,0
0,0.14454746,0
0,0.37664402,0
0,0.09751851,0
0,0.39302558,0
0,0.14197032,0
0,0.32725865,0
1,0.94885504,1
0,0.26669428,0
0,0.6226776,1
0,0.388073,0
0,0.09974468,0
0,0.43294024,0
0,0.16511302,0
0,0.028413879,0
0,0.20855416,0
1,0.04531321,0
0,0.1911986,0
0,0.33193904,0
1,0.42722225,0
0,0.12292107,0
1,0.44021887,0
0,0.0913263,0
0,0.4078016,0
0,0.34827444,0
0,0.15692359,0
0,0.34946507,0
1,0.60572517,1
0,0.30535576,0
0,0.076412834,0
0,0.30232912,0
0,0.3833914,0
1,0.8966994,1
0,0.29453802,0
1,0.7636455,1
0,0.20331088,0
0,0.23238096,0
0,0.21914665,0
0,0.33705178,0
0,0.41606447,0
0,0.3623806,0
1,0.9537704,1
0,0.6254648,1
0,0.053631555,0
0,0.5690658,0
0,0.24672951,0
0,0.049176622,0
0,0.30348432,0
0,0.057070863,0
0,0.44887942,0
1,0.38388538,0
0,0.4090381,0
1,0.27476504,0
0,0.19829482,0
0,0.2021354,0
0,0.42722225,0
1,0.42722225,0
1,0.84515315,1
1,0.42702672,0
0,0.2755861,0
0,0.18005088,0
0,0.13757482,0
1,0.3104553,0
0,0.21767244,0
0,0.39142445,0
0,0.3732059,0
0,0.3331555,0
0,0.40378547,0
0,0.216926,0
0,0.3614636,0
0,0.27522823,0
0,0.06310817,0
0,0.33906516,0
0,0.317482,0
0,0.25564912,0
0,0.3202038,0
0,0.25772774,0
0,0.19242333,0
0,0.09420481,0
0,0.19137664,0
0,0.3036795,0
0,0.3357173,0
0,0.26711616,0
0,0.1773431,0
0,0.40197614,0
1,0.6355391,1
0,0.4212656,0
1,0.6632755,1
0,0.3732028,0
0,0.31883168,0
0,0.2865825,0
0,0.3423436,0
1,0.5788679,1
0,0.09357979,0
0,0.27226362,0
0,0.39571905,0
0,0.21512115,0
0,0.114068404,0
0,0.14784583,0
0,0.3204971,0
0,0.36355782,0
0,0.31119922,0
0,0.15286563,0
1,0.9490888,1
1,0.3090398,0
0,0.451383,0
0,0.4072769,0
0,0.1855854,0
1,0.3641195,0
1,0.6749465,1
0,0.40120924,0
0,0.42722225,0
0,0.2863186,0
1,0.628787,1
0,0.030987982,0
0,0.4008367,0
0,0.39821348,0
0,0.058638137,0
0,0.3108606,0
0,0.2722645,0
1,0.6913914,1
1,0.322634,0
0,0.36053652,0
1,0.27373853,0
0,0.13504675,0
0,0.65537524,1
0,0.4018848,0
0,0.43685555,0
0,0.35135216,0
0,0.37297797,0
0,0.2357936,0
0,0.2983073,0
0,0.58748794,1
1,0.41943642,0
0,0.36552322,0
0,0.3047246,0
0,0.187823,0
0,0.8263293,1
0,0.4812024,0
0,0.35335508,0
0,0.2445787,0
0,0.42722225,0
0,0.3669436,0
0,0.2910881,0
0,0.2212519,0
0,0.1534314,0
0,0.395975,0
0,0.101087995,0
0,0.42722225,0
0,0.27895647,0
0,0.3043531,0
0,0.39653805,0
0,0.24127384,0
0,0.4465547,0
1,0.3832203,0
1,0.407371,0
0,0.367192,0
0,0.33515584,0
0,0.25837246,0
0,0.32502607,0
0,0.26231477,0
1,0.6653625,1
0,0.4056653,0
1,0.7611487,1
1,0.76005656,1
0,0.3694161,0
1,0.25597343,0
0,0.051114295,0
0,0.16076203,0
0,0.1633652,0
1,0.58586824,1
0,0.42497894,0
0,0.16078277,0
0,0.29445937,0
0,0.17079948,0
0,0.50080943,0
0,0.11688145,0
0,0.4288047,0
0,0.07462751,0
0,0.71163046,1
0,0.29044876,0
0,0.3960618,0
0,0.30114672,0
0,0.31965554,0
0,0.34287795,0
0,0.45587486,0
0,0.26301974,0
0,0.40782443,0
0,0.38579163,0
0,0.12957524,0
1,0.42722225,0
0,0.91124976,1
0,0.35553202,0
0,0.34536844,0
0,0.60716134,1
0,0.32400322,0
1,0.1338336,0
1,0.4248447,0
1,0.58675736,1
0,0.39330083,0
0,0.4243347,0
0,0.3906196,0
0,0.44681832,0
0,0.24028227,0
0,0.5595342,0
1,0.86146224,1
0,0.4492351,0
0,0.50746244,0
0,0.21918625,0
0,0.3496869,0
0,0.41151074,0
1,0.89411646,1
0,0.2974599,0
0,0.371329,0
0,0.2225163,0
0,0.42204258,0
0,0.38008633,0
0,0.32313132,0
0,0.076868765,0
0,0.36622974,0
0,0.2509983,0
0,0.6251817,1
0,0.19825746,0
0,0.31288862,0
0,0.14521803,0
0,0.04909582,0
0,0.4317708,0
0,0.15243223,0
1,0.9146541,1
0,0.13497354,0
1,0.36737987,0
1,0.38441193,0
0,0.36163056,0
0,0.6051633,1
0,0.47864938,0
1,0.6697762,1
0,0.42898968,0
0,0.20313707,0
1,0.67082757,1
0,0.6977598,1
0,0.31696805,0
0,0.13300738,0
0,0.42211777,0
0,0.30187425,0
1,0.38355568,0
0,0.1944353,0
1,0.81635803,1
0,0.3480292,0
0,0.40617877,0
0,0.5878071,1
0,0.40542316,0
0,0.5746275,1
0,0.41398856,0
0,0.38615096,0
0,0.26315153,0
0,0.15553308,0
0,0.37557572,0
0,0.23215576,0
0,0.39007542,0
0,0.5907881,1
0,0.28310585,0
0,0.3763617,0
1,0.54657614,0
0,0.38327208,0
0,0.24502507,0
0,0.01582401,0
0,0.27315482,0
0,0.41353118,0
1,0.3720904,0
1,0.3069613,0
0,0.25205103,0
0,0.25032312,0
0,0.12770022,0
1,0.569892,0
1,0.3872169,0
1,0.577944,1
0,0.31292745,0
0,0.4453354,0
1,0.33752486,0
0,0.38884312,0
0,0.14156912,0
1,0.4284932,0
1,0.8908566,1
1,0.66932267,1
1,0.95586616,1
0,0.5250368,0
0,0.24920875,0
0,0.19661604,0
0,0.53936154,0
1,0.880483,1
0,0.33365852,0
0,0.06913128,0
0,0.43781358,0
0,0.41791335,0
0,0.6042416,1
0,0.47806635,0
0,0.32392964,0
0,0.25275928,0
0,0.3638977,0
0,0.42722225,0
0,0.43980908,0
1,0.84580743,1
0,0.25038728,0
0,0.25409126,0
0,0.39890438,0
0,0.28579554,0
1,0.6846977,1
0,0.23224579,0
0,0.6198787,1
0,0.39255044,0
0,0.68058914,1
0,0.30972806,0
0,0.42722225,0
0,0.31397042,0
1,0.3247943,0
0,0.4046004,0
0,0.09376836,0
0,0.6664714,1
0,0.10993913,0
1,0.7313811,1
0,0.6262137,1
0,0.35048518,0
0,0.5117338,0
0,0.23421647,0
0,0.65995234,1
1,0.31293646,0
0,0.33541775,0
1,0.38262972,0
0,0.38760465,0
0,0.21577303,0
0,0.19679618,0
0,0.26689088,0
0,0.20413567,0
1,0.36663657,0
1,0.23512518,0
0,0.35529965,0
0,0.39158726,0
0,0.38686126,0
1,0.6044584,1
0,0.37158358,0
0,0.13790156,0
0,0.1703915,0
0,0.14236361,0
0,0.28042677,0
0,0.5050938,0
0,0.12016295,0
0,0.70754063,1
0,0.47138312,0
1,0.46476594,0
1,0.42722225,0
0,0.20263246,0
1,0.53645456,0
0,0.33212703,0
1,0.4362156,0
0,0.3609611,0
0,0.67579144,1
0,0.15015078,0
0,0.370699,0
0,0.42722225,0
0,0.37283406,0
1,0.44762638,0
0,0.11176821,0
0,0.8928384,1
0,0.16500957,0
0,0.42780232,0
1,0.1557403,0
0,0.3041967,0
0,0.42722225,0
1,0.3969147,0
0,0.41424352,0
0,0.6728171,1
0,0.31041306,0
0,0.21653554,0
0,0.3446839,0
0,0.2819486,0
0,0.8865512,1
0,0.32991222,0
0,0.42722225,0
1,0.8996319,1
0,0.5377233,0
0,0.4337224,0
0,0.35591426,0
0,0.07423501,0
0,0.6387242,1
0,0.895184,1
0,0.9139962,1
0,0.16228668,0
0,0.22703223,0
0,0.30286404,0
0,0.3716898,0
0,0.3810464,0
0,0.3466026,0
0,0.18989663,0
1,0.8953464,1
0,0.7015228,1
0,0.3043525,0
0,0.31697056,0
0,0.7130589,1
0,0.50729364,0
0,0.1717243,0
1,0.5973502,1
1,0.8570198,1
0,0.3423962,0
0,0.28577137,0
1,0.90536386,1
0,0.2232947,0
0,0.37782454,0
0,0.19726884,0
0,0.34237218,0
0,0.64495206,1
0,0.07758981,0
1,0.11156259,0
0,0.5934444,1
1,0.39438576,0
0,0.37478414,0
0,0.5720136,1
0,0.40618563,0
0,0.7923546,1
0,0.31164965,0
0,0.475671,0
0,0.2607958,0
0,0.22390354,0
1,0.9009115,1
1,0.16745244,0
0,0.056117065,0
0,0.29258645,0
0,0.09317895,0
0,0.25586846,0
1,0.6736744,1
0,0.4225122,0
0,0.31313765,0
0,0.4644179,0
1,0.2393345,0
1,0.37773055,0
0,0.4003184,0
0,0.1718629,0
0,0.40713936,0
0,0.48852012,0
0,0.33400285,0
0,0.29673684,0
0,0.32390007,0
0,0.16304788,0
1,0.847646,1
1,0.17179507,0
0,0.2782639,0
0,0.29856384,0
0,0.43466648,0
0,0.49251726,0
0,0.10029502,0
0,0.837637,1
0,0.24669823,0
0,0.5266978,0
1,0.8521106,1
0,0.15734792,0
0,0.44981754,0
0,0.2639579,0
0,0.23974739,0
1,0.06868139,0
0,0.38035348,0
1,0.28128946,0
1,0.47758445,0
0,0.37420404,0
1,0.7301686,1
0,0.13470036,0
0,0.20396286,0
0,0.5935285,1
0,0.3881256,0
0,0.38358116,0
0,0.47384465,0
0,0.22286585,0
1,0.8998785,1
0,0.39005923,0
0,0.39135826,0
0,0.34042317,0
0,0.68150216,1
0,0.14935601,0
0,0.766118,1
0,0.39360178,0
1,0.72954744,1
0,0.37216094,0
0,0.7689779,1
0,0.31667078,0
0,0.3465626,0
0,0.30637175,0
1,0.8963751,1
0,0.8934078,1
0,0.13437319,0
0,0.21283166,0
0,0.63421607,1
0,0.7537235,1
0,0.3911995,0
1,0.9020897,1
0,0.9664478,1
1,0.21035682,0
0,0.57065755,1
0,0.42849424,0
1,0.95734423,1
0,0.42850268,0
0,0.37676534,0
0,0.42418092,0
1,0.20786418,0
0,0.36238557,0
0,0.37814307,0
0,0.23357444,0
0,0.30470145,0
1,0.32645917,0
0,0.08946342,0
1,0.59981894,1
0,0.35345206,0
0,0.31742746,0
1,0.948307,1
0,0.39521396,0
0,0.39670783,0
0,0.16917531,0
0,0.12564917,0
0,0.488013,0
0,0.38692933,0
1,0.92292047,1
0,0.37506717,0
0,0.35464263,0
0,0.36102113,0
0,0.17999102,0
0,0.28616786,0
0,0.3189691,0
1,0.9265037,1
0,0.27110413,0
0,0.31233352,0
0,0.46301237,0
1,0.9173249,1
0,0.3251719,0
0,0.15605631,0
0,0.1748755,0
0,0.9664478,1
1,0.22435623,0
0,0.054375637,0
0,0.32451758,0
0,0.40220526,0
1,0.73842263,1
0,0.26615083,0
1,0.6868559,1
1,0.43156645,0
0,0.24513976,0
0,0.21407041,0
0,0.28359622,0
0,0.06286848,0
0,0.54623884,0
1,0.4200129,0
0,0.30052888,0
0,0.36447656,0
0,0.4240465,0
0,0.22468515,0
0,0.36532885,0
0,0.5890515,1
0,0.13047819,0
0,0.38224992,0
0,0.42876214,0
0,0.6019793,1
0,0.27343175,0
0,0.42722225,0
0,0.15348981,0
0,0.44924322,0
0,0.31308195,0
0,0.68748385,1
0,0.08005062,0
1,0.8017981,1
0,0.046924144,0
0,0.3122782,0
0,0.36627358,0
0,0.5504446,0
0,0.36960137,0
0,0.39159295,0
0,0.11066177,0
0,0.27433628,0
0,0.1672695,0
0,0.4110321,0
0,0.76940876,1
0,0.29162592,0
0,0.35134688,0
0,0.046237405,0
0,0.39262402,0
0,0.28883266,0
1,0.40467963,0
0,0.48371765,0
1,0.82072,1
0,0.24209489,0
0,0.6087614,1
0,0.3273614,0
1,0.32816336,0
1,0.92108756,1
1,0.25035566,0
0,0.41118994,0
0,0.35240954,0
0,0.14842878,0
0,0.42030245,0
0,0.29603508,0
1,0.00807005,0
0,0.23676345,0
0,0.2512258,0
0,0.44778472,0
0,0.31086957,0
0,0.11512236,0
0,0.32552564,0
0,0.7452203,1
0,0.58966947,1
0,0.49880317,0
0,0.34939757,0
0,0.3533248,0
0,0.39483586,0
0,0.42894077,0
1,0.61934656,1
0,0.40308446,0
0,0.39504805,0
1,0.9032457,1
0,0.23574235,0
0,0.18897781,0
0,0.14403693,0
0,0.4271206,0
1,0.9546106,1
0,0.33354026,0
0,0.05688566,0
0,0.35231742,0
0,0.3070873,0
0,0.38063487,0
0,0.25121436,0
0,0.41943642,0
0,0.4258438,0
0,0.3176266,0
0,0.08601367,0
0,0.16473472,0
0,0.36229172,0
0,0.1425966,0
0,0.07771501,0
1,0.5156454,0
0,0.34521973,0
0,0.34681576,0
0,0.71569663,1
0,0.30861354,0
0,0.18212311,0
0,0.22253333,0
0,0.27047238,0
0,0.33258978,0
0,0.30345926,0
0,0.56955194,0
1,0.081652306,0
0,0.27770737,0
0,0.32310134,0
0,0.40586352,0
0,0.28398275,0
0,0.09102648,0
0,0.41098693,0
0,0.15136674,0
0,0.3306773,0
0,0.11886812,0
0,0.94702893,1
0,0.35128403,0
0,0.5487938,0
0,0.4461822,0
0,0.22330105,0
0,0.90006214,1
0,0.39713088,0
0,0.22320127,0
0,0.15598111,0
0,0.14740328,0
0,0.8081054,1
0,0.24894181,0
0,0.31755602,0
0,0.14513217,0
0,0.4825705,0
0,0.43054917,0
0,0.41646326,0
0,0.30661485,0
0,0.6288268,1
0,0.16384897,0
0,0.34561074,0
0,0.5396378,0
1,0.9383813,1
1,0.3912749,0
0,0.4087627,0
0,0.40829185,0
0,0.42722228,0
1,0.96042055,1
1,0.7071372,1
0,0.33333012,0
1,0.76582444,1
0,0.19109324,0
0,0.35406998,0
0,0.38077438,0
0,0.49479738,0
0,0.38838005,0
0,0.19488756,0
0,0.42722228,0
0,0.33579612,0
0,0.38599896,0
0,0.9284674,1
0,0.59219116,1
0,0.20741162,0
0,0.3485509,0
1,0.55780536,0
0,0.42399332,0
0,0.3569665,0
0,0.2800239,0
1,0.41943642,0
0,0.39405036,0
1,0.75442183,1
1,0.2578549,0
0,0.15567625,0
0,0.1312426,0
0,0.25986287,0
0,0.412125,0
0,0.33086196,0
0,0.42687055,0
1,0.27597627,0
0,0.17468365,0
0,0.40532094,0
0,0.38213253,0
0,0.13059276,0
0,0.31766674,0
0,0.3240956,0
1,0.7234683,1
0,0.05431449,0
0,0.27141207,0
0,0.80551964,1
0,0.23720723,0
0,0.66148126,1
0,0.41307652,0
0,0.03192076,0
0,0.23029518,0
0,0.3096557,0
0,0.036826212,0
0,0.40918884,0
0,0.56791526,0
0,0.73307014,1
0,0.17067222,0
0,0.1479863,0
0,0.37385434,0
1,0.31846452,0
0,0.3719945,0
0,0.31157696,0
0,0.2670314,0
0,0.16366738,0
1,0.36456543,0
0,0.42722228,0
0,0.274841,0
1,0.33025208,0
0,0.1584767,0
1,0.357622,0
0,0.29050034,0
0,0.26569465,0
0,0.63576597,1
1,0.3242953,0
0,0.4381456,0
0,0.237656,0
0,0.24819842,0
0,0.4652411,0
0,0.6078335,1
0,0.72481537,1
1,0.5475129,0
1,0.6754424,1
0,0.49267033,0
1,0.19581437,0
0,0.5399132,0
0,0.24287876,0
0,0.94872046,1
0,0.1643358,0
0,0.39199227,0
0,0.5369932,0
0,0.41630185,0
0,0.53582674,0
0,0.42916554,0
0,0.9606221,1
0,0.38255593,0
1,0.9692368,1
0,0.20763147,0
0,0.44349584,0
1,0.87765765,1
1,0.37524235,0
1,0.42146778,0
1,0.6147032,1
1,0.6969269,1
0,0.37272364,0
1,0.95831704,1
0,0.39053947,0
0,0.19302209,0
0,0.7124649,1
0,0.8910558,1
1,0.6882503,1
0,0.41524208,0
0,0.17471106,0
1,0.7169705,1
0,0.34860885,0
0,0.35942766,0
0,0.5023779,0
0,0.295883,0
0,0.3046797,0
0,0.45234242,0
0,0.5075616,0
0,0.67212826,1
0,0.590997,1
1,0.2897847,0
0,0.7919612,1
0,0.43946815,0
0,0.39499694,0
0,0.37565228,0
0,0.10591889,0
0,0.2217334,0
0,0.29125637,0
0,0.40603092,0
0,0.2729851,0
0,0.41267964,0
1,0.14705186,0
1,0.91786504,1
0,0.036113244,0
0,0.67255074,1
1,0.9064061,1
0,0.26598784,0
0,0.94602716,1
0,0.22678877,0
0,0.41010946,0
0,0.35089245,0
0,0.39034617,0
0,0.13528626,0
0,0.65469337,1
0,0.38474658,0
1,0.82967234,1
0,0.10818885,0
1,0.42248338,0
0,0.13625798,0
0,0.30401152,0
1,0.31309143,0
0,0.37053657,0
0,0.17736809,0
0,0.45654806,0
0,0.096088454,0
0,0.4656054,0
0,0.0687536,0
0,0.5911993,1
1,0.149697,0
1,0.82146543,1
0,0.37128925,0
0,0.42722228,0
0,0.38116634,0
0,0.32965234,0
0,0.10350665,0
0,0.07097208,0
1,0.70196,1
0,0.20156308,0
0,0.3462544,0
0,0.5344608,0
1,0.93251556,1
0,0.42409417,0
0,0.6508638,1
0,0.50500345,0
0,0.4774877,0
0,0.11436311,0
1,0.6671912,1
0,0.2145466,0
0,0.3287681,0
0,0.37739298,0
0,0.22975908,0
0,0.42098194,0
0,0.33387733,0
1,0.9584361,1
0,0.41130853,0
0,0.5915087,1
0,0.11723607,0
1,0.29932016,0
0,0.31795818,0
0,0.31118062,0
0,0.29196298,0
0,0.5164686,0
0,0.3167283,0
0,0.29491603,0
1,0.13180247,0
1,0.65613467,1
0,0.16501436,0
0,0.3147795,0
0,0.05116914,0
1,0.42429924,0
1,0.94054437,1
0,0.40668368,0
0,0.28059983,0
0,0.28135598,0
0,0.31779665,0
0,0.32363218,0
0,0.46686321,0
0,0.22078393,0
1,0.9311197,1
1,0.96292084,1
0,0.3734776,0
1,0.5440896,0
0,0.8327453,1
0,0.11494766,0
0,0.24888723,0
0,0.08886271,0
0,0.22755784,0
1,0.4123398,0
1,0.27455804,0
0,0.33323124,0
0,0.3988554,0
0,0.5084427,0
0,0.55015814,0
0,0.32646552,0
0,0.9583224,1
1,0.7952904,1
0,0.25187978,0
0,0.38174877,0
0,0.8925314,1
0,0.20229614,0
0,0.39277154,0
0,0.37401092,0
1,0.55780405,0
0,0.9579669,1
0,0.7747004,1
0,0.414929,0
0,0.28259736,0
1,0.35639808,0
0,0.29450354,0
1,0.6783137,1
0,0.19631632,0
0,0.28137678,0
0,0.3946276,0
0,0.60774165,1
0,0.38456374,0
0,0.652749,1
0,0.12659442,0
0,0.3680353,0
0,0.06359859,0
1,0.3039183,0
0,0.30540946,0
0,0.31338972,0
0,0.27327195,0
1,0.36569118,0
1,0.35438567,0
0,0.05911725,0
1,0.8513025,1
0,0.33112645,0
0,0.15481909,0
0,0.30669254,0
0,0.30755922,0
0,0.35414553,0
0,0.47145244,0
1,0.12785818,0
0,0.30193695,0
1,0.5438768,0
0,0.8035398,1
0,0.35283977,0
0,0.8963276,1
0,0.91238755,1
1,0.42108503,0
0,0.4027446,0
1,0.26763114,0
1,0.40177536,0
0,0.46941954,0
0,0.57690585,1
1,0.35967395,0
0,0.17236497,0
1,0.3162718,0
0,0.89559686,1
0,0.4129449,0
1,0.5157274,0
0,0.5133293,0
1,0.6988816,1
0,0.15916707,0
1,0.9539099,1
0,0.552622,0
1,0.30134764,0
0,0.47934246,0
0,0.38981608,0
0,0.29678813,0
0,0.45478076,0
0,0.37121752,0
0,0.46536326,0
0,0.9196853,1
1,0.77586365,1
0,0.6510923,1
0,0.33605856,0
0,0.6596749,1
0,0.3733898,0
0,0.24485426,0
0,0.45918313,0
0,0.4015256,0
0,0.4442153,0
0,0.31857938,0
0,0.40472168,0
1,0.77437216,1
0,0.2809668,0
0,0.25094473,0
0,0.31371212,0
1,0.3820742,0
0,0.8932452,1
0,0.56906587,0
1,0.91724586,1
1,0.95809823,1
0,0.24188723,0
0,0.38792682,0
1,0.513208,0
0,0.37918374,0
0,0.35797402,0
0,0.42954338,0
0,0.7015111,1
1,0.8960817,1
1,0.58516496,1
0,0.3950328,0
0,0.4403806,0
0,0.36472198,0
0,0.7685711,1
0,0.26697472,0
1,0.61205846,1
0,0.898288,1
1,0.90466535,1
0,0.16776384,0
0,0.6027667,1
0,0.29679638,0
0,0.35848495,0
0,0.56478673,0
0,0.08195318,0
0,0.4166197,0
0,0.27884296,0
0,0.88950765,1
0,0.56906587,0
0,0.19302303,0
1,0.62058634,1
0,0.3697634,0
1,0.9131516,1
0,0.22527778,0
0,0.21622029,0
0,0.31649697,0
0,0.14900196,0
0,0.47962582,0
0,0.74099773,1
0,0.2382206,0
1,0.42534536,0
0,0.78378284,1
0,0.727671,1
0,0.13681324,0
0,0.4407032,0
0,0.18494575,0
1,0.7711667,1
0,0.30623665,0
0,0.43161425,0
0,0.55099136,0
1,0.25411466,0
1,0.7488027,1
0,0.35970357,0
0,0.37419346,0
0,0.11722931,0
0,0.4624012,0
0,0.1449501,0
0,0.15508029,0
0,0.51300997,0
0,0.11310128,0
1,0.35432014,0
0,0.31841522,0
0,0.28969863,0
0,0.8995979,1
0,0.059624106,0
0,0.30859974,0
1,0.95642996,1
1,0.9567736,1
0,0.45005837,0
0,0.38629922,0
0,0.47126684,0
0,0.4252366,0
1,0.39564073,0
1,0.6944858,1
0,0.28234306,0
0,0.22797222,0
0,0.24219811,0
0,0.08651303,0
1,0.6333634,1
0,0.3299613,0
0,0.40546766,0
0,0.119026355,0
0,0.23364878,0
0,0.24319184,0
0,0.015071666,0
0,0.17438073,0
0,0.087874874,0
0,0.09532397,0
0,0.12345333,0
1,0.77607507,1
1,0.38086173,0
1,0.14701359,0
1,0.4963836,0
0,0.4011339,0
0,0.21349412,0
0,0.08319789,0
0,0.5437792,0
0,0.42722228,0
0,0.2117604,0
1,0.046420854,0
0,0.32181275,0
0,0.5578445,0
1,0.61496085,1
0,0.18870667,0
0,0.22868755,0
1,0.31121916,0
1,0.4938095,0
0,0.21829727,0
0,0.06960397,0
0,0.44108042,0
1,0.3969024,0
1,0.8939362,1
0,0.46490663,0
0,0.34132212,0
0,0.41284186,0
0,0.29181764,0
0,0.18436678,0
0,0.14164032,0
0,0.18348451,0
0,0.32207876,0
0,0.36677846,0
1,0.33879772,0
0,0.63204914,1
0,0.272958,0
1,0.9189633,1
0,0.12655775,0
0,0.24608721,0
0,0.36690316,0
1,0.7231439,1
0,0.390481,0
1,0.5796729,1
1,0.39121196,0
0,0.28037947,0
0,0.57151824,1
0,0.37279254,0
0,0.39504847,0
0,0.19064035,0
0,0.20246182,0
1,0.44614854,0
0,0.19725189,0
0,0.3982475,0
1,0.723942,1
0,0.34534675,0
0,0.34322706,0
0,0.9000212,1
0,0.35853434,0
0,0.32874298,0
0,0.1687774,0
0,0.2346033,0
0,0.59224606,1
1,0.95317596,1
1,0.42722228,0
0,0.38326138,0
0,0.41983244,0
0,0.42189166,0
0,0.29366705,0
0,0.41449133,0
0,0.4733435,0
1,0.9114325,1
0,0.17205955,0
0,0.06048112,0
1,0.5835144,1
0,0.7587198,1
1,0.9550028,1
0,0.5353492,0
0,0.25432533,0
0,0.2961583,0
0,0.50561905,0
1,0.3699542,0
0,0.3620864,0
0,0.43863747,0
0,0.064858645,0
0,0.39619255,0
0,0.19305363,0
0,0.34903115,0
1,0.3503893,0
1,0.14820586,0
0,0.45467532,0
0,0.27507475,0
0,0.3885294,0
0,0.23549916,0
0,0.75458974,1
1,0.92345554,1
0,0.26034045,0
1,0.7571365,1
0,0.5871711,1
0,0.1686878,0
0,0.043669235,0
0,0.13027917,0
1,0.30599937,0
0,0.32741213,0
0,0.56906587,0
1,0.51041305,0
0,0.33115298,0
0,0.26771542,0
1,0.77215,1
0,0.28175178,0
0,0.4937837,0
0,0.42960808,0
1,0.46878567,0
0,0.58631194,1
0,0.40372393,0
1,0.49185497,0
1,0.929094,1
0,0.4488835,0
1,0.31513974,0
0,0.28450727,0
1,0.5810959,1
0,0.42722228,0
0,0.40153575,0
0,0.43792665,0
0,0.6004302,1
1,0.4520322,0
0,0.26664266,0
0,0.020847965,0
0,0.38722003,0
0,0.30902836,0
0,0.44487402,0
0,0.14761966,0
0,0.25057372,0
1,0.28862658,0
0,0.19792622,0
0,0.11128466,0
0,0.32407767,0
0,0.08819145,0
0,0.33839995,0
0,0.4519583,0
1,0.31609058,0
0,0.62057596,1
0,0.27092034,0
0,0.33495075,0
0,0.07297908,0
0,0.3275119,0
0,0.45509055,0
0,0.30167934,0
0,0.28807095,0
0,0.20035787,0
1,0.62134886,1
0,0.3813222,0
0,0.24711241,0
0,0.07730611,0
0,0.5743436,1
0,0.4235246,0
0,0.05181219,0
0,0.66184413,1
0,0.7257415,1
0,0.35008553,0
0,0.09563262,0
0,0.34937745,0
0,0.08660749,0
0,0.29995057,0
0,0.2848605,0
1,0.49760756,0
0,0.45036608,0
1,0.5321967,0
0,0.49157903,0
1,0.4004858,0
0,0.35135415,0
1,0.4425194,0
1,0.53198385,0
1,0.44084993,0
0,0.24639076,0
0,0.4094754,0
1,0.28358215,0
0,0.3335408,0
0,0.16291448,0
0,0.42722228,0
0,0.32686615,0
0,0.72948885,1
0,0.12924536,0
1,0.8340539,1
1,0.9620216,1
1,0.9272794,1
0,0.4352086,0
0,0.4134984,0
0,0.4300826,0
1,0.96956193,1
1,0.9167687,1
1,0.4306825,0
1,0.66062784,1
0,0.9002049,1
0,0.87886775,1
0,0.28272232,0
0,0.39389673,0
1,0.59785616,1
1,0.59348345,1
0,0.48472705,0
1,0.34305087,0
0,0.5198507,0
0,0.45354417,0
0,0.32811826,0
0,0.3823144,0
0,0.8937236,1
0,0.34576178,0
0,0.35192502,0
0,0.3447838,0
0,0.39275977,0
1,0.47334775,0
1,0.46934158,0
1,0.46174935,0
0,0.43688747,0
1,0.365272,0
0,0.34139562,0
0,0.1505048,0
1,0.3299478,0
0,0.3573083,0
0,0.89962727,1
0,0.134734,0
0,0.2942213,0
0,0.19029334,0
0,0.37220854,0
0,0.33669698,0
0,0.4694754,0
0,0.139342,0
1,0.84473467,1
0,0.5909784,1
0,0.09914406,0
0,0.43767497,0
1,0.591438,1
0,0.36708462,0
0,0.30043358,0
0,0.24747352,0
0,0.17552726,0
0,0.33030564,0
1,0.5872926,1
0,0.83030725,1
0,0.19237562,0
0,0.54853404,0
0,0.39886555,0
0,0.21033965,0
0,0.194528,0
0,0.27794376,0
0,0.28726867,0
0,0.27940384,0
0,0.40761906,0
0,0.42518628,0
0,0.3852201,0
0,0.23033355,0
0,0.363975,0
0,0.49454427,0
0,0.42566302,0
1,0.8351029,1
0,0.4552696,0
0,0.36686993,0
0,0.32203338,0
0,0.63202035,1
0,0.39749023,0
0,0.24376321,0
1,0.40076277,0
0,0.53784424,0
1,0.4759992,0
0,0.5310018,0
1,0.4948142,0
0,0.8017834,1
0,0.40045807,0
0,0.62895733,1
0,0.16857985,0
0,0.5994837,1
1,0.96064216,1
0,0.8129654,1
0,0.77804196,1
1,0.6290751,1
1,0.443919,0
1,0.36241376,0
1,0.75582284,1
0,0.42008886,0
0,0.39641127,0
1,0.48670897,0
0,0.43128216,0
1,0.34967893,0
0,0.49719277,0
0,0.36487603,0
0,0.14187011,0
0,0.45894635,0
1,0.9570351,1
0,0.31456104,0
1,0.9170864,1
0,0.53862673,0
0,0.24909642,0
1,0.42879093,0
0,0.31272167,0
0,0.39932057,0
0,0.38154727,0
1,0.91582507,1
0,0.231493,0
0,0.40758193,0
0,0.50944114,0
0,0.11856668,0
0,0.32235098,0
1,0.89066094,1
0,0.45896128,0
0,0.27621543,0
0,0.024861505,0
0,0.40108123,0
0,0.43394136,0
1,0.91490036,1
1,0.74881643,1
0,0.2118829,0
0,0.8867734,1
0,0.33956507,0
0,0.39082068,0
0,0.35121688,0
0,0.31220084,0
0,0.3631467,0
0,0.018466836,0
0,0.77955735,1
0,0.7737176,1
0,0.6115013,1
0,0.19861256,0
1,0.42722228,0
0,0.20294023,0
0,0.2925799,0
1,0.5317386,0
1,0.92392945,1
0,0.40512836,0
0,0.6600687,1
0,0.7451851,1
0,0.24160434,0
0,0.5195066,0
0,0.44034305,0
0,0.52101874,0
0,0.09432697,0
0,0.47033054,0
0,0.8224654,1
0,0.3742132,0
0,0.25135452,0
1,0.7413757,1
1,0.21139514,0
0,0.42277732,0
1,0.9141767,1
0,0.42636532,0
0,0.24408588,0
0,0.38972703,0
0,0.34365794,0
0,0.43845686,0
0,0.09362531,0
0,0.38581458,0
0,0.6500892,1
0,0.35932878,0
0,0.24056546,0
0,0.31267712,0
0,0.2749137,0
0,0.16574404,0
0,0.4941211,0
0,0.6434819,1
1,0.3729455,0
0,0.20913133,0
1,0.41226897,0
1,0.75652725,1
1,0.42722228,0
0,0.723442,1
0,0.7107869,1
1,0.457057,0
0,0.51221484,0
1,0.3551185,0
0,0.16890241,0
0,0.38330728,0
0,0.5092598,0
0,0.3751481,0
1,0.88714445,1
0,0.6219347,1
1,0.68174815,1
1,0.9604674,1
0,0.42722228,0
0,0.32041693,0
1,0.33998916,0
