seed,fold,model_name,threshold,runtime,val_roc_auc,val_pr_auc,val_accuracy,val_precision,val_recall,val_specificity,val_f1,val_balanced_acc,val_mcc,val_brier,val_threshold,val_tp,val_fp,val_fn,val_tn,test_roc_auc,test_pr_auc,test_accuracy,test_precision,test_recall,test_specificity,test_f1,test_balanced_acc,test_mcc,test_brier,test_threshold,test_tp,test_fp,test_fn,test_tn
42,0,LogisticRegression,0.56,1.6793348789215088,0.7657596015793253,0.5373492982162466,0.782258064516129,0.5075493612078978,0.5489949748743719,0.8485714285714285,0.5274592637296318,0.6987832017229002,0.38678086958462693,0.18560150636657513,0.56,437,424,359,2376,0.7774160281376152,0.5445484611780322,0.7905890205239446,0.5254480286738351,0.552790346907994,0.8581529890722092,0.5387725101065785,0.7054716679901016,0.4036463385266951,0.18095886728369937,0.56,733,662,593,4005
42,0,CatBoost,0.63,13.262972593307495,0.7862468592964824,0.5718481889143002,0.8042269187986651,0.5614973262032086,0.5276381909547738,0.8828571428571429,0.5440414507772021,0.7052476669059584,0.41987786757207013,0.17706652614799945,0.63,420,328,376,2472,0.7936479003923766,0.5709053596915417,0.8104455197730686,0.5789036544850499,0.5256410256410257,0.8913649025069638,0.5509881422924902,0.7085029640739947,0.43201341159547335,0.17305876011351148,0.63,697,507,629,4160
42,0,LightGBM,0.4,0.2311382293701172,0.7814597541277819,0.560897481538658,0.8028364849833148,0.5591836734693878,0.5163316582914573,0.8842857142857142,0.5369039843239712,0.7003086862885858,0.4124418530588846,0.1532773016628881,0.4,411,324,385,2476,0.7892375011351809,0.5611461364586936,0.8074420156849658,0.5716666666666667,0.5173453996983409,0.8898650096421684,0.5431512272367379,0.7036052046702547,0.422391525309464,0.15191313536864587,0.4,686,514,640,4153
42,0,MLP,0.63,13.315531253814697,0.7767246949030868,0.560217371524602,0.8017241379310345,0.5573997233748271,0.5062814070351759,0.8857142857142857,0.5306122448979592,0.6959978463747307,0.40605034414882263,0.1808758837293774,0.63,403,320,393,2480,0.7858766390635963,0.5541921841817703,0.8072751543467379,0.5745422842197035,0.49698340874811464,0.895436040282837,0.532955923978973,0.6962097245154758,0.41406428512759175,0.1772314778604789,0.63,659,488,667,4179
42,0,TabNet,0.61,25.066969394683838,0.7735824210337401,0.5298065570308018,0.7950500556173526,0.5382619974059663,0.5213567839195979,0.8728571428571429,0.5296745373324825,0.6971069633883704,0.398777914132106,0.19527450307121377,0.61,415,356,381,2444,0.7771010053903713,0.5291503800871082,0.7974303353912898,0.5453808752025932,0.5075414781297134,0.8797943004071138,0.52578125,0.6936678892684136,0.39761507823762254,0.1908207743842705,0.61,673,561,653,4106
42,1,LogisticRegression,0.58,1.7426679134368896,0.7745306891600862,0.5320087194301787,0.7875417130144605,0.5185185185185185,0.5628140703517588,0.8514285714285714,0.5397590361445783,0.7071213208901651,0.40252525476749873,0.18755404318751462,0.58,448,416,348,2384,0.7705326316381409,0.5389277735525076,0.7900884365092607,0.5251107828655834,0.5361990950226244,0.8622241268480823,0.5305970149253731,0.6992116109353533,0.39547022150090066,0.1841573354615787,0.58,711,643,615,4024
42,1,CatBoost,0.63,11.72935438156128,0.7882732860732232,0.5690059421215815,0.8083982202447163,0.5701179554390564,0.5464824120603015,0.8828571428571429,0.5580500320718409,0.7146697774587222,0.43596426745186767,0.18022347581258122,0.63,435,328,361,2472,0.7793044679096937,0.5615223531616258,0.8042716502586351,0.5634854771784232,0.5120663650075414,0.8872937647310907,0.5365468194389569,0.699680064869316,0.41360404066823,0.17856462685040544,0.63,679,526,647,4141
42,1,LightGBM,0.37,0.2120044231414795,0.7769523959081119,0.5595046904627247,0.782258064516129,0.507057546145494,0.5866834170854272,0.8378571428571429,0.5439720442632499,0.712270279971285,0.4037969457036073,0.15404188130218782,0.37,467,454,329,2346,0.7713203904957016,0.5448840300739423,0.7887535458034374,0.5211565585331452,0.557315233785822,0.8545103921148489,0.5386297376093294,0.7059128129503355,0.402226208311336,0.15415207964453406,0.37,739,679,587,3988
42,1,MLP,0.65,12.04157543182373,0.7879556263460157,0.5649798462987589,0.8095105672969967,0.5782792665726375,0.5150753768844221,0.8932142857142857,0.5448504983388704,0.7041448312993539,0.42604691433798975,0.1834237024963649,0.65,410,299,386,2501,0.7766559822326848,0.5464188712196754,0.809444351743701,0.5833333333333334,0.4856711915535445,0.9014356117420185,0.5300411522633744,0.6935534016477815,0.4145022679543649,0.18199810830259155,0.65,644,460,682,4207
42,1,TabNet,0.63,35.76796340942383,0.780800879396985,0.5429496706724563,0.8058954393770856,0.5678670360110804,0.5150753768844221,0.8885714285714286,0.5401844532279315,0.7018234027279253,0.41833585463846756,0.19008942277493543,0.63,410,312,386,2488,0.7685671934874723,0.5305271917970313,0.8042716502586351,0.5706371191135734,0.4660633484162896,0.900364259695736,0.5130759651307597,0.6832138040560127,0.3952973253153458,0.1879911287311654,0.63,618,465,708,4202
42,2,LogisticRegression,0.58,1.5485596656799316,0.7934543251974157,0.5740742678828993,0.8067296996662959,0.5613608748481167,0.5804020100502513,0.8710714285714286,0.5707226683137739,0.7257367193108399,0.4461623324033271,0.18000770945868272,0.58,462,361,334,2439,0.7711221984467173,0.5485388812407981,0.7839145669948273,0.5108924806746311,0.548265460030166,0.8508677951574888,0.5289196071298654,0.6995666275938274,0.3893570353729598,0.1862604686306022,0.58,727,696,599,3971
42,2,CatBoost,0.58,13.538241863250732,0.8017744974874372,0.595387665001149,0.8028364849833148,0.5501730103806228,0.5992462311557789,0.8607142857142858,0.5736620565243535,0.7299802584350323,0.44642117508463464,0.17288388623663983,0.58,477,390,319,2410,0.7835405098730828,0.5700994364361798,0.7859169030535625,0.5146958304853042,0.5678733031674208,0.847868009427898,0.539978486912872,0.7078706562976593,0.40173769301694723,0.17967952641783494,0.58,753,710,573,3957
42,2,LightGBM,0.41,0.21479010581970215,0.7940849335965543,0.5835271099700746,0.8120133481646273,0.5789473684210527,0.5527638190954773,0.8857142857142857,0.5655526992287918,0.7192390524048815,0.44588570799745836,0.1514091636129794,0.41,440,320,356,2480,0.779354157314555,0.5679996870615086,0.7965960287001502,0.5410590943975442,0.5316742081447964,0.871866295264624,0.5363255990871053,0.7017702517047102,0.40608707292275054,0.15414015356893332,0.41,705,598,621,4069
42,2,MLP,0.55,8.323499917984009,0.8004464285714286,0.5849740442858009,0.7947719688542826,0.5315217391304348,0.614321608040201,0.8460714285714286,0.5699300699300699,0.7301965183058148,0.4380536745234889,0.17715513369552766,0.55,489,431,307,2369,0.7794349530948177,0.5639213188276269,0.7760720840981145,0.49479843953185954,0.5739064856711915,0.8335118920077137,0.5314245810055865,0.7037091888394527,0.3871945677784702,0.18344072429035566,0.55,761,777,565,3890
42,2,TabNet,0.59,34.05932021141052,0.7885994705671213,0.5768994137265302,0.8061735261401557,0.5617977528089888,0.5653266331658291,0.8746428571428572,0.5635566687539136,0.7199847451543431,0.4389862796647381,0.18060601233209886,0.59,450,351,346,2449,0.7733663012435117,0.5555301972713942,0.7860837643917904,0.5157819225251076,0.5422322775263951,0.8553674737518748,0.5286764705882353,0.6987998756391349,0.39063726880653404,0.18708131604487446,0.59,719,675,607,3992
42,3,LogisticRegression,0.55,1.8951942920684814,0.7646702261306533,0.5143185215485342,0.7775305895439377,0.4977324263038549,0.5515075376884422,0.8417857142857142,0.5232419547079857,0.6966466259870783,0.3795009175584848,0.1883957982023083,0.55,439,443,357,2357,0.784103575665733,0.550572106394614,0.7897547138328049,0.5218543046357615,0.5942684766214178,0.8452967645168202,0.5557122708039492,0.719782620569119,0.4202823601537259,0.18318492420334964,0.55,788,722,538,3945
42,3,CatBoost,0.6,6.447508811950684,0.7779468772433595,0.5299477548385008,0.7972747497219133,0.542566709021601,0.5364321608040201,0.8714285714285714,0.5394819962097284,0.7039303661162958,0.4095285732517172,0.18328841952556937,0.6,427,360,369,2440,0.799625576195107,0.5862664306649499,0.8062739863173702,0.561613144137416,0.5671191553544495,0.8742232697664453,0.5643527204502814,0.7206712125604473,0.43980773342068075,0.1784391522383026,0.6,752,587,574,4080
42,3,LightGBM,0.4,0.2033088207244873,0.7700652817659728,0.5288268892162161,0.8050611790878754,0.5669957686882934,0.5050251256281407,0.8903571428571428,0.53421926910299,0.6976911342426417,0.4125781544405009,0.15483570964536372,0.4,402,307,394,2493,0.7967437523046995,0.5731706759716254,0.8127815785082596,0.585,0.5294117647058824,0.8932933361902721,0.5558194774346793,0.7113525504480772,0.4384638708346882,0.15174637516331638,0.4,702,498,624,4169
42,3,MLP,0.57,5.941769599914551,0.7705841708542713,0.5204847842942253,0.7847608453837598,0.513126491646778,0.5402010050251256,0.8542857142857143,0.5263157894736842,0.69724335965542,0.38739034832863956,0.1861701878876671,0.57,430,408,366,2392,0.793305003100942,0.5683565925716645,0.7937593859502753,0.53099173553719,0.581447963800905,0.854081851296336,0.5550755939524838,0.7177649075486205,0.4219388299555439,0.18091039752906962,0.57,771,681,555,3986
42,3,TabNet,0.52,25.91036605834961,0.7661026112706388,0.5021391764284251,0.7705784204671857,0.48452508004268946,0.5703517587939698,0.8275,0.5239469128678592,0.6989258793969849,0.37629449748959803,0.18744902014059678,0.52,454,483,342,2317,0.7831650518822023,0.5343751077623319,0.7755715000834307,0.4941824862216779,0.6085972850678733,0.8230126419541461,0.5454545454545454,0.7158049635110098,0.4023886760355884,0.18380598668959408,0.52,807,826,519,3841
42,4,LogisticRegression,0.52,1.8761069774627686,0.7782367193108398,0.5382066402716588,0.7769744160177976,0.49682875264270615,0.5904522613065326,0.83,0.539609644087256,0.7102261306532662,0.39644572305486175,0.1810167668543786,0.52,470,476,326,2324,0.7638270666510246,0.5183974137920623,0.7663941264808943,0.47724477244772445,0.5852187028657617,0.8178701521319905,0.5257452574525745,0.7015444274988761,0.37630465127015983,0.18616375933908696,0.52,776,850,550,3817
42,4,CatBoost,0.52,12.69262409210205,0.7846284996410624,0.564290612584332,0.7789210233592881,0.5005192107995846,0.6055276381909548,0.8282142857142857,0.5480386583285958,0.7168709619526202,0.4066571174917011,0.174204690124323,0.52,482,481,314,2319,0.7835995715884546,0.5497519867085998,0.7722342733188721,0.48826008428657436,0.6116138763197587,0.8178701521319905,0.5430197522597925,0.7147420142258747,0.3982984719849516,0.17754083722749522,0.52,811,850,515,3817
42,4,LightGBM,0.33,0.19677519798278809,0.7814404612347451,0.549660098822754,0.7903225806451613,0.5243055555555556,0.5690954773869347,0.8532142857142857,0.5457831325301205,0.7111548815506101,0.4103641871646458,0.15447423545261868,0.33,453,411,343,2389,0.7779155884469791,0.5385010140718931,0.7807442015684966,0.5039370078740157,0.579185520361991,0.8380115706020999,0.5389473684210526,0.7085985454820454,0.3976804789313361,0.15503629358264506,0.33,768,756,558,3911
42,4,MLP,0.53,7.085022926330566,0.7812544867193109,0.5481348827889561,0.7828142380422692,0.5082690187431091,0.5791457286432161,0.8407142857142857,0.541397533763946,0.7099300071787509,0.40136640744564495,0.17951954904572567,0.53,461,446,335,2354,0.7716335549399994,0.5368327176659297,0.779909894877357,0.5022653721682848,0.5852187028657617,0.8352260552817656,0.5405781957506095,0.7102223790737636,0.39898169740586553,0.18357790395019977,0.53,776,769,550,3898
42,4,TabNet,0.57,35.70343279838562,0.7728302225412779,0.5468621337055327,0.7833704115684094,0.5099882491186839,0.5452261306532663,0.8510714285714286,0.5270188221007893,0.6981487796123474,0.38709805809100867,0.1824397370253549,0.57,434,417,362,2383,0.7609403950138016,0.5226190526786506,0.7794093108626731,0.5013793103448276,0.548265460030166,0.8450824941075638,0.5237752161383286,0.6966739770688648,0.3812520509309457,0.18784254567462746,0.57,727,723,599,3944
2024,0,LogisticRegression,0.52,1.7228951454162598,0.7695490847092605,0.5156931510835854,0.7666852057842046,0.47772020725388603,0.5791457286432161,0.82,0.5235661555934128,0.699572864321608,0.3739753307647137,0.1872361318644048,0.52,461,504,335,2296,0.7689846652840893,0.5305917844500954,0.7767395294510262,0.4961038961038961,0.5761689291101055,0.8337261624169702,0.5331472435450104,0.7049475457635379,0.3893827179072291,0.1822454358813836,0.52,764,776,562,3891
2024,0,CatBoost,0.49,9.000653505325317,0.7844934493898061,0.5439898140650454,0.7516685205784205,0.4555453712190651,0.6243718592964824,0.7878571428571428,0.5267620561738209,0.7061145010768126,0.37226983965446137,0.17960624095390998,0.49,497,594,299,2206,0.7885011283938672,0.5593661462832514,0.7597196729517771,0.4682628062360802,0.6342383107088989,0.79537175916006,0.5387572069186419,0.7148050349344794,0.3892624073703857,0.17528459401281932,0.49,841,955,485,3712
2024,0,LightGBM,0.36,0.20239043235778809,0.7775603463747308,0.5435579539081862,0.7689098998887653,0.48186528497409326,0.5841708542713567,0.8214285714285714,0.5281090289608177,0.7027997128499641,0.3800220533480751,0.1550774240031422,0.36,465,500,331,2300,0.7810238021136823,0.5447928250990919,0.77724011346571,0.497196261682243,0.6018099547511312,0.8270837797300192,0.5445240532241555,0.7144468672405753,0.4020402519921311,0.15396275077639646,0.36,798,807,528,3860
2024,0,MLP,0.51,12.649966716766357,0.7775323043790381,0.5316617606058036,0.7583426028921023,0.46466602129719264,0.6030150753768844,0.8025,0.5248769819573538,0.7027575376884422,0.37206437611788423,0.185302456026122,0.51,480,553,316,2247,0.7793499559339814,0.547474760454671,0.7675621558484899,0.47990401919616077,0.6033182503770739,0.8142275551746304,0.5345806882726362,0.7087729027758521,0.38679756405957394,0.18129683694967613,0.51,800,867,526,3800
2024,0,TabNet,0.47,33.06309390068054,0.7754459798994975,0.5337419373656662,0.7441601779755284,0.445326278659612,0.6344221105527639,0.7753571428571429,0.5233160621761658,0.7048896267049534,0.3661297042708412,0.18284855828329774,0.47,505,629,291,2171,0.7666955592376885,0.5313992488823466,0.7435341231436676,0.44281842818428185,0.6161387631975868,0.7797300192843368,0.5152948596657206,0.6979343912409618,0.35597898364715325,0.18120067901371228,0.47,817,1028,509,3639
2024,1,LogisticRegression,0.5,1.7594664096832275,0.7663574569274946,0.5246017543179218,0.7633481646273638,0.473583093179635,0.6193467336683417,0.8042857142857143,0.5367446924333152,0.711816223977028,0.3877965578329048,0.18736398443006577,0.5,493,548,303,2252,0.7792634236533201,0.5471920976279085,0.7602202569664609,0.46833998859098686,0.6191553544494721,0.8002999785729591,0.5332900292302696,0.7097276665112155,0.38273880502095575,0.1843262771758523,0.5,821,932,505,3735
2024,1,CatBoost,0.56,9.476912021636963,0.7844317569992821,0.5368836747737913,0.78559510567297,0.5140924464487034,0.5728643216080402,0.8460714285714286,0.5418894830659536,0.7094678750897344,0.4034750275123097,0.18084975071506565,0.56,456,431,340,2369,0.7954489191302108,0.5721319108129456,0.7855831803771066,0.5133550488599349,0.5942684766214178,0.8399400042854082,0.5508563439356868,0.7171042404534129,0.41291888151653555,0.17883037503521543,0.56,788,747,538,3920
2024,1,LightGBM,0.37,0.196061372756958,0.7763368180186647,0.5341338854199954,0.7833704115684094,0.5096481271282634,0.5640703517587939,0.8457142857142858,0.5354800238521169,0.7048923187365399,0.39556544954402023,0.1555436373928408,0.37,449,432,347,2368,0.7873572217369088,0.5584315041822976,0.7870849324211581,0.5164690382081687,0.5912518853695324,0.8427255196057425,0.5513361462728551,0.7169887024876375,0.41421457410301793,0.15447307045394085,0.37,784,734,542,3933
2024,1,MLP,0.58,11.5070960521698,0.779954459798995,0.5323202461703481,0.7958843159065628,0.5379901960784313,0.5515075376884422,0.8653571428571428,0.5446650124069479,0.7084323402727926,0.41320272092435434,0.1824020460499005,0.58,439,377,357,2423,0.7901293249577196,0.5760502185718749,0.7900884365092607,0.5243204577968527,0.552790346907994,0.8575101778444397,0.5381791483113069,0.7051502623762169,0.40271368804353097,0.18088543186130482,0.58,733,665,593,4002
2024,1,TabNet,0.57,23.135657787322998,0.7721886216798277,0.5234795818350876,0.7864293659621802,0.5166270783847982,0.5464824120603015,0.8546428571428571,0.5311355311355311,0.7005626346015793,0.3932579920420337,0.18981441772442373,0.57,435,407,361,2393,0.778853869843169,0.5358139641598487,0.7870849324211581,0.5172890733056709,0.5641025641025641,0.8504392543389758,0.5396825396825397,0.70727090922077,0.40217251503586526,0.18907315929332977,0.57,748,698,578,3969
2024,2,LogisticRegression,0.57,1.5315923690795898,0.7704253409906676,0.5559634183416653,0.7911568409343716,0.5274056029232643,0.5439698492462312,0.8614285714285714,0.5355596784168213,0.7026992103374012,0.4009724458990172,0.183143610633008,0.57,433,388,363,2412,0.786309138875342,0.5705180018242291,0.7999332554647088,0.5450035435861091,0.5799396681749623,0.8624383972573387,0.5619291194738765,0.7211890327161505,0.43280592572701915,0.18045130399738682,0.57,769,642,557,4025
2024,2,CatBoost,0.55,11.042335987091064,0.7897141959798994,0.574163148681965,0.792825361512792,0.52989449003517,0.5678391959798995,0.8567857142857143,0.5482110369921165,0.7123124551328068,0.41443230208065185,0.1761848995848492,0.55,452,401,344,2399,0.8076973978264643,0.5996633433739557,0.7999332554647088,0.5421926910299003,0.6153846153846154,0.8523676880222841,0.5764747439067467,0.7338761517034498,0.4477255959602132,0.1709908430920693,0.55,816,689,510,3978
2024,2,LightGBM,0.36,0.20632386207580566,0.7795625448671931,0.5648152141791207,0.7703003337041157,0.48493975903614456,0.6067839195979899,0.8167857142857143,0.5390625,0.7117848169418521,0.39295609007483195,0.1547024507548435,0.36,483,513,313,2287,0.8028456112216935,0.5813721826425388,0.7790755881862172,0.5005747126436781,0.6568627450980392,0.8137990143561175,0.5681669928245271,0.7353308797270783,0.4304049535068205,0.15181867285362724,0.36,871,869,455,3798
2024,2,MLP,0.57,6.357473373413086,0.7838114680545585,0.5659577906901174,0.7953281423804227,0.5369458128078818,0.5477386934673367,0.8657142857142858,0.5422885572139303,0.7067264895908112,0.4105339190085857,0.1800675406444212,0.57,436,376,360,2424,0.799200428799365,0.5849342131117756,0.8032704822292674,0.5517970401691332,0.5904977375565611,0.8637240197128776,0.5704918032786885,0.7271108786347193,0.44352623896774074,0.17669649195481021,0.57,783,636,543,4031
2024,2,TabNet,0.54,28.80762791633606,0.7718346195262025,0.5417526066304488,0.7819799777530589,0.5066815144766147,0.571608040201005,0.8417857142857142,0.5371900826446281,0.7066968772433596,0.3964973778952812,0.18957599252844,0.54,455,443,341,2357,0.79143385362584,0.5587262393045569,0.7879192391122977,0.517639512508018,0.6085972850678733,0.8388686522391258,0.5594454072790295,0.7237329686534995,0.4233794177976261,0.1856529517385584,0.54,807,752,519,3915
2024,3,LogisticRegression,0.6,1.6587841510772705,0.7689617731514716,0.5238747912930948,0.7986651835372637,0.547244094488189,0.5238693467336684,0.8767857142857143,0.5353016688061617,0.7003275305096913,0.40703220627182696,0.1855563185177905,0.6,417,345,379,2455,0.7666690582217625,0.5328037595176619,0.7942599699649591,0.5365278868813825,0.5150829562594268,0.8735804585386758,0.5255867641400539,0.6943317073990514,0.3944383409075088,0.18524828866666032,0.6,683,590,643,4077
2024,3,CatBoost,0.53,10.129483461380005,0.7878836145010769,0.559428894876321,0.7758620689655172,0.4949392712550607,0.614321608040201,0.8217857142857142,0.5482062780269058,0.7180536611629575,0.4055988008501952,0.17849141015412845,0.53,489,499,307,2301,0.7730394015165691,0.5444923300106994,0.7665609878191223,0.47778454047474134,0.5920060331825038,0.8161559888579387,0.5287975749410576,0.7040810110202212,0.379804271759795,0.18024683004159797,0.53,785,858,541,3809
2024,3,LightGBM,0.37,0.2833521366119385,0.7866470746590093,0.5499178594787447,0.7769744160177976,0.4969450101832994,0.6130653266331658,0.8235714285714286,0.5489313835770528,0.7183183776022972,0.4068621642813094,0.15396612580858615,0.37,488,494,308,2306,0.7658834000544886,0.5382026250749777,0.7627231770398799,0.47062423500611994,0.5799396681749623,0.8146560959931434,0.5195945945945946,0.6972978820840529,0.3678100746889763,0.15568301667241927,0.37,769,865,557,3802
2024,3,MLP,0.58,12.667476654052734,0.7824955132806891,0.5435561711693182,0.792825361512792,0.5308343409915357,0.5515075376884422,0.8614285714285714,0.540973505853358,0.7064680545585068,0.40738419711102636,0.18130506781046166,0.58,439,388,357,2412,0.7735238530150238,0.5408322224305612,0.7894209911563491,0.5234604105571847,0.5384615384615384,0.8607242339832869,0.5308550185873606,0.6995928862224127,0.3951981846097623,0.18157281249896706,0.58,714,650,612,4017
2024,3,TabNet,0.53,46.51699614524841,0.7771327620244078,0.5336043579448513,0.7814238042269188,0.5053763440860215,0.5904522613065326,0.8357142857142857,0.544611819235226,0.7130832735104091,0.4040576730613631,0.1780420854615506,0.53,470,460,326,2340,0.7611424652602384,0.5274806818417491,0.7710662439512765,0.4852374839537869,0.5701357466063348,0.8281551317763017,0.5242718446601942,0.6991454391913183,0.3769298087066757,0.1807390125392639,0.53,756,802,570,3865
2024,4,LogisticRegression,0.53,1.3397047519683838,0.7620401112706389,0.5151350435062717,0.7733592880978866,0.48975188781014023,0.5703517587939698,0.8310714285714286,0.5269878119558908,0.7007115936826992,0.3809990129512335,0.18629438138278245,0.53,454,473,342,2327,0.7721685038011182,0.5308158323586805,0.7724011346570999,0.48788265306122447,0.5769230769230769,0.8279408613670453,0.5286800276434002,0.7024319691450611,0.382357920654708,0.18439249072926472,0.53,765,803,561,3864
2024,4,CatBoost,0.54,8.614862203598022,0.7796480168700646,0.5438388433922549,0.7800333704115684,0.5027322404371585,0.5778894472361809,0.8375,0.537697253068381,0.7076947236180904,0.3959424397435267,0.17805867011724202,0.54,460,455,336,2345,0.7840827303544253,0.5567132704654786,0.7814116469214083,0.5052287581699346,0.5829562594268477,0.8377973001928434,0.5413165266106442,0.7103767798098455,0.4005523670137421,0.1777808724039972,0.54,773,757,553,3910
2024,4,LightGBM,0.38,0.20636200904846191,0.7712351938262743,0.5357166829584077,0.7817018909899889,0.506145251396648,0.5690954773869347,0.8421428571428572,0.5357776463630988,0.7056191672648959,0.39487108350706185,0.15515495010945463,0.38,453,442,343,2358,0.7769542802534144,0.539971445436866,0.779743033539129,0.5019973368841545,0.5686274509803921,0.8397257338761517,0.5332390381895332,0.7041765924282719,0.39112908835597443,0.15486987525360765,0.38,754,748,572,3919
2024,4,MLP,0.58,11.203394174575806,0.7737912778176597,0.5340090204953176,0.7914349276974416,0.5285359801488834,0.535175879396985,0.8642857142857143,0.5318352059925093,0.6997307968413496,0.3976865996252145,0.1798813304942531,0.58,426,380,370,2420,0.77728829000902,0.5471653988543405,0.7932588019355915,0.5326331582895724,0.5354449472096531,0.8665095350332119,0.5340353516359534,0.7009772411214326,0.40119868910821066,0.1793419479002745,0.58,710,623,616,4044
2024,4,TabNet,0.48,33.3614559173584,0.7711409727207467,0.5154408921777388,0.7683537263626251,0.48074921956295524,0.5804020100502513,0.8217857142857142,0.5258964143426295,0.7010938621679828,0.3773221989628843,0.17865725386154932,0.48,462,499,334,2301,0.7676159847664406,0.5335313813752308,0.7680627398631737,0.48055893074119077,0.5965309200603318,0.8167988000857082,0.5323014804845222,0.70666486007302,0.38439485040043303,0.17834788653609468,0.48,791,855,535,3812
7,0,LogisticRegression,0.56,1.8090579509735107,0.791907753050969,0.567947402187367,0.7942157953281423,0.531390134529148,0.5954773869346733,0.8507142857142858,0.5616113744075829,0.7230958363244795,0.42891500473371186,0.17907309325056936,0.56,474,418,322,2382,0.7712216580522206,0.5395604695751455,0.7850825963624228,0.5134180790960452,0.548265460030166,0.8523676880222841,0.5302698760029175,0.700316574026225,0.3914852999536179,0.18274015680179193,0.56,727,689,599,3978
7,0,CatBoost,0.59,10.040649890899658,0.8050105437903805,0.6008781592207745,0.8050611790878754,0.5566150178784267,0.5866834170854272,0.8671428571428571,0.5712538226299694,0.7269131371141422,0.4454775492691318,0.1729796137440964,0.59,467,372,329,2428,0.7879132582966764,0.5649673994497814,0.796929751376606,0.5401030169242089,0.5535444947209653,0.866080994214699,0.5467411545623836,0.7098127444678322,0.4159726526376079,0.17676476951733247,0.59,734,625,592,4042
7,0,LightGBM,0.42,0.2084822654724121,0.7987228553481694,0.5943508740088588,0.8170189098998888,0.5977337110481586,0.5301507537688442,0.8985714285714286,0.5619174434087882,0.7143610911701364,0.4480848210704139,0.15143581895376987,0.42,422,284,374,2516,0.7817138788729053,0.5659537154495068,0.8051059569497747,0.5678694158075601,0.4984917043740573,0.8922219841439897,0.5309236947791165,0.6953568442590234,0.4099625600559265,0.15325263648153958,0.42,661,503,665,4164
7,0,MLP,0.61,11.57715129852295,0.8004536073223261,0.5963228294392433,0.8131256952169077,0.5796915167095116,0.5665829145728644,0.8832142857142857,0.5730622617534943,0.7248986001435751,0.45351536406272425,0.17634839488900905,0.61,451,327,345,2473,0.7811536409325643,0.5608692680449833,0.7994326714500251,0.5492063492063493,0.521870286576169,0.8782944075423184,0.5351894818252126,0.7000823470592437,0.40763916805893724,0.18139833737298136,0.61,692,568,634,4099
7,0,TabNet,0.68,22.450278282165527,0.7874789124192391,0.5421536595228003,0.8058954393770856,0.5673076923076923,0.5188442211055276,0.8875,0.541994750656168,0.7031721105527637,0.4198308750269914,0.19379913983959754,0.68,413,315,383,2485,0.7673794955176116,0.5146642565862627,0.7977640580677458,0.5497382198952879,0.4751131221719457,0.8894364688236555,0.5097087378640777,0.6822747954978006,0.3847852883401318,0.1957176803711607,0.68,630,516,696,4151
7,1,LogisticRegression,0.61,1.497298240661621,0.7726061109117014,0.543180172935433,0.8025583982202447,0.5582655826558266,0.5175879396984925,0.8835714285714286,0.5371577574967406,0.7005796841349605,0.4123758228416569,0.18423667021061876,0.61,412,326,384,2474,0.7716876073169951,0.5391456250258033,0.8002669781411647,0.5529122231337161,0.5082956259426847,0.8832226269552175,0.5296660117878192,0.6957591264489511,0.40373798980643416,0.18501683763670088,0.61,674,545,652,4122
7,1,CatBoost,0.55,9.748989582061768,0.785600547379756,0.5641544170155401,0.7847608453837598,0.5119565217391304,0.5917085427135679,0.8396428571428571,0.548951048951049,0.7156756999282126,0.4104212068640673,0.17928657649332946,0.55,471,449,325,2351,0.7938111078685072,0.5724901390893722,0.7847488736859669,0.5115830115830116,0.5995475113122172,0.8373687593743304,0.5520833333333334,0.7184581353432737,0.4138288849241845,0.17736733913057368,0.55,795,759,531,3908
7,1,LightGBM,0.38,0.20474886894226074,0.7825500269203158,0.5629405480472895,0.789210233592881,0.5217889908256881,0.571608040201005,0.8510714285714286,0.5455635491606715,0.7113397343862168,0.4094349466274291,0.1535495479465529,0.38,455,417,341,2383,0.7853307019763618,0.5548488616677963,0.7860837643917904,0.5150478796169631,0.5678733031674208,0.8480822798371545,0.5401721664275466,0.7079777915022876,0.40203781396972565,0.15324394690666657,0.38,753,709,573,3958
7,1,MLP,0.56,5.99907374382019,0.7832777727925341,0.5626582652623459,0.7903225806451613,0.5244755244755245,0.5653266331658291,0.8542857142857143,0.5441354292623942,0.7098061737257717,0.40871769732783003,0.18032913765440678,0.56,450,408,346,2392,0.7847298237585487,0.5562448393567239,0.7877523777740697,0.5184174624829468,0.5731523378582202,0.8487250910649239,0.5444126074498568,0.710938714461572,0.40738470594985104,0.18063105983321093,0.56,760,706,566,3961
7,1,TabNet,0.56,40.97178339958191,0.7760236450107681,0.5369086613337964,0.7886540600667408,0.5215827338129496,0.5464824120603015,0.8575,0.5337423312883436,0.7019912060301507,0.3973773827146021,0.1792335556759693,0.56,435,399,361,2401,0.7812695828772411,0.5376398258757545,0.7897547138328049,0.5234042553191489,0.5565610859728507,0.8560102849796443,0.5394736842105263,0.7062856854762475,0.4037432417537848,0.17823450028008794,0.56,738,672,588,3995
7,2,LogisticRegression,0.52,2.0531461238861084,0.7733641421392677,0.5320656477551684,0.7764182424916574,0.49580712788259956,0.5942211055276382,0.8282142857142857,0.5405714285714286,0.7112176956209619,0.3972420837952958,0.1836794982355422,0.52,473,481,323,2319,0.7752208067878797,0.5379455502254658,0.7777406974803938,0.4981132075471698,0.5972850678733032,0.8290122134133276,0.5432098765432098,0.7131486406433154,0.4008024065618779,0.18311683594765474,0.52,792,798,534,3869
7,2,CatBoost,0.54,7.791360855102539,0.7877366744436467,0.5633968987352753,0.7889321468298109,0.5198711063372717,0.6080402010050251,0.8403571428571428,0.5605095541401274,0.724198671931084,0.4249864991252071,0.17743030285279407,0.54,484,447,312,2353,0.7861924697686429,0.5560056575908169,0.7792424495244452,0.5009487666034156,0.5972850678733032,0.830940647096636,0.544891640866873,0.7141128574849696,0.40334782440407124,0.1785067882092159,0.54,792,789,534,3878
7,2,LightGBM,0.38,0.21257567405700684,0.7821466708542713,0.5600069324266105,0.7919911012235817,0.5273348519362187,0.5816582914572864,0.8517857142857143,0.5531660692951016,0.7167220028715003,0.41888669549455565,0.153435926627127,0.38,463,415,333,2385,0.7803034269368607,0.5491314000780397,0.7810779242449525,0.5046235138705416,0.5761689291101055,0.8392971930576387,0.5380281690140845,0.7077330610838721,0.3968924249706978,0.15378104996212805,0.38,764,750,562,3917
7,2,MLP,0.56,12.877852201461792,0.7818130832735104,0.550168015955255,0.7883759733036707,0.5202312138728323,0.5653266331658291,0.8517857142857143,0.5418422636965683,0.7085561737257717,0.40515359035616266,0.18351179042783938,0.56,450,415,346,2385,0.7807970083584852,0.5487774064584944,0.7857500417153346,0.514266304347826,0.5708898944193062,0.8467966573816156,0.5411007862759114,0.7088432759004608,0.4027819466525645,0.18351671999398436,0.56,757,715,569,3952
7,2,TabNet,0.55,18.917031049728394,0.7746383704235463,0.5336086195621172,0.792825361512792,0.5306122448979592,0.5552763819095478,0.8603571428571428,0.5426642111724984,0.7078167623833453,0.4090092939486008,0.17985922209250665,0.55,442,391,354,2409,0.7666099965063905,0.5265287026532994,0.7855831803771066,0.5146324054246967,0.5437405731523378,0.8542961217055924,0.5287862119545288,0.6990183474289651,0.3903855792068154,0.18150964356057936,0.55,721,680,605,3987
7,3,LogisticRegression,0.57,1.4058465957641602,0.7669562096195263,0.5320214125634073,0.7917130144605117,0.5282112845138055,0.5527638190954773,0.8596428571428572,0.5402087170042971,0.7062033381191672,0.40583387387390196,0.1852467098528287,0.57,440,393,356,2407,0.7883107735355683,0.5516341365504831,0.7995995327882529,0.5453226976069616,0.5671191553544495,0.865652453396186,0.5560073937153419,0.7163858043753177,0.42680401494025916,0.1806507159372603,0.57,752,627,574,4040
7,3,CatBoost,0.58,12.409179449081421,0.7928405419956928,0.569312571254136,0.8008898776418243,0.5477326968973747,0.5766331658291457,0.8646428571428572,0.5618115055079559,0.7206380114860014,0.4333379652091715,0.17609470952824896,0.58,459,379,337,2421,0.8009913480646664,0.5832386410120728,0.8041047889204072,0.5546762589928057,0.581447963800905,0.8673666166702378,0.5677466863033873,0.7244072902355714,0.4413973608401059,0.172377513005602,0.58,771,619,555,4048
7,3,LightGBM,0.39,0.21502089500427246,0.7856925251256281,0.5570466603159201,0.7994994438264739,0.546583850931677,0.5527638190954773,0.8696428571428572,0.5496564647095565,0.7112033381191672,0.42071545372463703,0.15353145840174406,0.39,440,365,356,2435,0.7935902930010494,0.5743580823326868,0.8014350075087602,0.5494186046511628,0.5701357466063348,0.8671523462609814,0.5595854922279793,0.7186440464336581,0.43158780046373185,0.1517605979372623,0.39,756,620,570,4047
7,3,MLP,0.56,8.34122109413147,0.7812253230437903,0.5455091651366452,0.7878197997775306,0.5188571428571429,0.5703517587939698,0.8496428571428571,0.5433871932974267,0.7099973079684134,0.40636002202767135,0.1815430634864358,0.56,454,421,342,2379,0.7968573511717489,0.5738198377059183,0.7954279993325546,0.5345781466113416,0.5829562594268477,0.8557960145703878,0.5577200577200577,0.7193761369986178,0.4256605670678733,0.17667965954783252,0.56,773,673,553,3994
7,3,TabNet,0.56,30.865565538406372,0.7744245782483848,0.5333653082413238,0.7917130144605117,0.5286935286935287,0.5439698492462312,0.8621428571428571,0.5362229102167183,0.7030563531945442,0.40202423724063135,0.18348877756315,0.56,433,386,363,2414,0.7895454946495417,0.5615229849241768,0.796929751376606,0.5389007851534618,0.5693815987933635,0.8615813156203128,0.5537220388705537,0.7154814572068382,0.4226788864782683,0.17824021433828452,0.56,755,646,571,4021
7,4,LogisticRegression,0.54,1.7929315567016602,0.7692693377602298,0.5270516969699904,0.7800333704115684,0.5026910656620022,0.5866834170854272,0.835,0.5414492753623188,0.7108417085427136,0.3999472428457398,0.18604423398953726,0.54,467,462,329,2338,0.7643070743815648,0.5288052489326777,0.7682296012014016,0.48054354539839406,0.5867269984917044,0.8197985858152989,0.5283531409168082,0.7032627921535016,0.3800281184570974,0.18762548809375765,0.54,778,841,548,3826
7,4,CatBoost,0.6,14.577195167541504,0.7816167893036611,0.5476072066252604,0.7969966629588432,0.5408415841584159,0.5489949748743719,0.8675,0.5448877805486284,0.708247487437186,0.41427931581257166,0.17841543520977046,0.6,437,371,359,2429,0.7780535068438873,0.5515027392976389,0.7930919405973635,0.531524926686217,0.5467571644042232,0.8630812084851082,0.5390334572490706,0.7049191864446657,0.40574437299533117,0.17954393941368757,0.6,725,639,601,4028
7,4,LightGBM,0.38,0.20932269096374512,0.7686355886575736,0.5237229045075027,0.7931034482758621,0.5330788804071247,0.5263819095477387,0.8689285714285714,0.5297092288242731,0.6976552404881551,0.39710874003659546,0.15536222205157477,0.38,419,367,377,2433,0.7678451215992652,0.5391404105047802,0.7940931086267312,0.5348484848484848,0.5324283559577677,0.8684379687165202,0.5336356764928194,0.700433162337144,0.4015183339625531,0.1549976526254389,0.38,706,614,620,4053
7,4,MLP,0.58,8.770020723342896,0.7751146356783918,0.5295959306633786,0.7933815350389322,0.531585220500596,0.5603015075376885,0.8596428571428572,0.545565749235474,0.7099721823402728,0.4122189415440695,0.18330296372757215,0.58,446,393,350,2407,0.7715172898122016,0.5389077274141642,0.7824128149507759,0.507554945054945,0.557315233785822,0.8463681165631026,0.5312724658519051,0.7018416751744623,0.39072070235508927,0.18420967191899523,0.58,739,717,587,3950
7,4,TabNet,0.59,28.185333013534546,0.7652102027997129,0.5166988011172636,0.7936596218020022,0.5342639593908629,0.5288944723618091,0.8689285714285714,0.5315656565656566,0.6989115218951902,0.3992673754304281,0.18400199576411128,0.59,421,367,375,2433,0.7632985814523268,0.5251596928979165,0.7940931086267312,0.5358255451713395,0.5188536953242836,0.872294836083137,0.5272030651340996,0.6955742657037103,0.39571773024333656,0.18332480545987845,0.59,688,596,638,4071
