train_losses,val_losses,val_accuracies,val_sensitivities,val_specificities,Fold
0.6500188538813478,0.6120322148005167,0.8260869565217391,0.717948717948718,0.9666666666666667,0
0.5659203109394694,0.5423534862373186,0.8405797101449275,0.7435897435897436,0.9666666666666667,0
0.48567113200258494,0.4757350290167159,0.8405797101449275,0.7435897435897436,0.9666666666666667,0
0.4125203101367559,0.423629858787509,0.8405797101449275,0.7435897435897436,0.9666666666666667,0
0.3568200914874838,0.39582487163336383,0.8405797101449275,0.7435897435897436,0.9666666666666667,0
0.3162958222731218,0.3772180330926094,0.855072463768116,0.7692307692307693,0.9666666666666667,0
0.28881196614125326,0.3746388498423756,0.855072463768116,0.7692307692307693,0.9666666666666667,0
0.2684093645963624,0.38074204390463623,0.855072463768116,0.7692307692307693,0.9666666666666667,0
0.2512194372560552,0.38210587127917056,0.855072463768116,0.7692307692307693,0.9666666666666667,0
0.23825882641248416,0.38593098931554437,0.855072463768116,0.7692307692307693,0.9666666666666667,0
0.22828838754133401,0.38645509781612863,0.855072463768116,0.7692307692307693,0.9666666666666667,0
0.21801247750225036,0.39214361998913944,0.8695652173913043,0.7948717948717948,0.9666666666666667,0
0.21057099937262694,0.3921346415536127,0.8695652173913043,0.7948717948717948,0.9666666666666667,0
0.20556747913360596,0.3904987859229247,0.8695652173913043,0.7948717948717948,0.9666666666666667,0
0.2013909022954968,0.3930619652180568,0.8840579710144928,0.7948717948717948,1.0,0
0.19690098671174916,0.39135317455815233,0.8840579710144928,0.7948717948717948,1.0,0
0.193929225724267,0.3914625615529392,0.8840579710144928,0.7948717948717948,1.0,0
0.19025102201231284,0.3977589392899603,0.8695652173913043,0.7692307692307693,1.0,0
0.18894543970742309,0.3980086402076742,0.8695652173913043,0.7692307692307693,1.0,0
0.18977730402260973,0.4035220163995805,0.8840579710144928,0.7948717948717948,1.0,0
0.18632345351186033,0.4026719957482124,0.8840579710144928,0.7948717948717948,1.0,0
0.18484166391652906,0.39729733883902646,0.8840579710144928,0.7948717948717948,1.0,0
0.18478229707827876,0.3995200263849203,0.8840579710144928,0.7948717948717948,1.0,0
0.1814472083749741,0.3979857220057992,0.8840579710144928,0.7948717948717948,1.0,0
0.18337242194638245,0.39448432467769884,0.8840579710144928,0.7948717948717948,1.0,0
0.18293179418615066,0.3981348794439565,0.8840579710144928,0.7948717948717948,1.0,0
0.17869931468843095,0.3977091486795225,0.8840579710144928,0.7948717948717948,1.0,0
0.1756402518229462,0.40197542628300365,0.8840579710144928,0.7948717948717948,1.0,0
0.17634023276362185,0.4020247978792674,0.8840579710144928,0.7948717948717948,1.0,0
0.1753608334168062,0.4031594991144063,0.8840579710144928,0.7948717948717948,1.0,0
0.17638162301049978,0.4041023949242156,0.8985507246376812,0.8205128205128205,1.0,0
0.17552422773310736,0.40839203841228416,0.8840579710144928,0.7948717948717948,1.0,0
0.1749819015722139,0.40610093175285106,0.8840579710144928,0.7948717948717948,1.0,0
0.17257315118165942,0.4023833231649537,0.8985507246376812,0.8205128205128205,1.0,0
0.16995656969375897,0.3997358675452246,0.8985507246376812,0.8205128205128205,1.0,0
0.16914509168545028,0.4048986518080684,0.8985507246376812,0.8205128205128205,1.0,0
0.16935826350727354,0.4065909523354924,0.8985507246376812,0.8205128205128205,1.0,0
0.16591569006819673,0.4100969921851504,0.8985507246376812,0.8205128205128205,1.0,0
0.1668365546288837,0.4096177640384522,0.8985507246376812,0.8205128205128205,1.0,0
0.16663776604108524,0.4065208507944708,0.8985507246376812,0.8205128205128205,1.0,0
0.16547101458290364,0.4078934861590033,0.8985507246376812,0.8205128205128205,1.0,0
0.1654848913540019,0.4144751603404681,0.8985507246376812,0.8205128205128205,1.0,0
0.16492747926222392,0.413778410549613,0.8985507246376812,0.8205128205128205,1.0,0
0.16577114788653538,0.4134341082063274,0.8985507246376812,0.8205128205128205,1.0,0
0.16153336217476857,0.4172771533114323,0.8985507246376812,0.8205128205128205,1.0,0
0.1604106898933037,0.4135230744014616,0.8985507246376812,0.8205128205128205,1.0,0
0.1615731471805211,0.4130974003802175,0.8985507246376812,0.8205128205128205,1.0,0
0.1596645580083838,0.41025681491347327,0.8985507246376812,0.8205128205128205,1.0,0
0.15886487337461958,0.41530856986840564,0.8985507246376812,0.8205128205128205,1.0,0
0.1593138047539604,0.41840614605209103,0.8985507246376812,0.8205128205128205,1.0,0
0.1556299908607492,0.4205334694057271,0.8985507246376812,0.8205128205128205,1.0,0
0.15657824289648078,0.4220924454106801,0.8985507246376812,0.8205128205128205,1.0,0
0.15489179533898925,0.4235646658833476,0.8985507246376812,0.8205128205128205,1.0,0
0.1543122761387019,0.42635360565306485,0.8985507246376812,0.8205128205128205,1.0,0
0.15325467836988668,0.4213384019507878,0.8840579710144928,0.8205128205128205,0.9666666666666667,0
0.14972033617667865,0.42238184172606125,0.8840579710144928,0.8205128205128205,0.9666666666666667,0
0.15351070754383037,0.4274276201275812,0.8840579710144928,0.8205128205128205,0.9666666666666667,0
0.15165851543558906,0.42945514133443,0.8985507246376812,0.8205128205128205,1.0,0
0.15014957581274505,0.4306665850074395,0.8840579710144928,0.8205128205128205,0.9666666666666667,0
0.15009563106684512,0.43146209289198334,0.8985507246376812,0.8205128205128205,1.0,0
0.15003360579552433,0.4301466676204101,0.8840579710144928,0.8205128205128205,0.9666666666666667,0
0.14505459243464056,0.4390490944834723,0.8840579710144928,0.8205128205128205,0.9666666666666667,0
0.14473089048459442,0.43951483330001,0.8840579710144928,0.8205128205128205,0.9666666666666667,0
0.1449613292564713,0.43913603239301324,0.8840579710144928,0.8205128205128205,0.9666666666666667,0
0.1455012517517777,0.4397728492816289,0.8840579710144928,0.8205128205128205,0.9666666666666667,0
0.1430434426660598,0.44179309062335803,0.8840579710144928,0.8205128205128205,0.9666666666666667,0
0.14553354395697654,0.44884822031726007,0.8695652173913043,0.7948717948717948,0.9666666666666667,0
0.14392035272072465,0.45070566928041156,0.8695652173913043,0.7948717948717948,0.9666666666666667,0
0.14153894121754226,0.4545866615962291,0.8695652173913043,0.7948717948717948,0.9666666666666667,0
0.14238878656149287,0.4569998798163041,0.8695652173913043,0.7948717948717948,0.9666666666666667,0
0.13610024310024618,0.4517079341238823,0.8695652173913043,0.7948717948717948,0.9666666666666667,0
0.13823663101989134,0.4527459094921748,0.8695652173913043,0.7948717948717948,0.9666666666666667,0
0.13673199087051796,0.4581139692361804,0.8695652173913043,0.7948717948717948,0.9666666666666667,0
0.14128030192748442,0.4594168416831804,0.8695652173913043,0.7948717948717948,0.9666666666666667,0
0.13482963434445538,0.458603430269421,0.8695652173913043,0.7948717948717948,0.9666666666666667,0
0.13692839799145765,0.4558416298334149,0.8695652173913043,0.7948717948717948,0.9666666666666667,0
0.13663668344371127,0.4648708932209706,0.8695652173913043,0.7948717948717948,0.9666666666666667,0
0.1314285516409324,0.46380113497160486,0.8695652173913043,0.7948717948717948,0.9666666666666667,0
0.13369668664713794,0.46805443085622095,0.8695652173913043,0.7948717948717948,0.9666666666666667,0
0.13380957583162645,0.4675108278575151,0.8695652173913043,0.7948717948717948,0.9666666666666667,0
0.13033773890132963,0.4698439955279447,0.8695652173913043,0.7948717948717948,0.9666666666666667,0
0.13095645375820508,0.4769479362429052,0.8695652173913043,0.7948717948717948,0.9666666666666667,0
0.13158894289067194,0.4828882733548897,0.8695652173913043,0.7948717948717948,0.9666666666666667,0
0.1307216817733801,0.4754170341336209,0.8695652173913043,0.7948717948717948,0.9666666666666667,0
0.1267522663631334,0.47247026623159216,0.8695652173913043,0.7948717948717948,0.9666666666666667,0
0.12425412491882017,0.48261695689913153,0.8695652173913043,0.7948717948717948,0.9666666666666667,0
0.1251516713161981,0.48570311436618585,0.8695652173913043,0.7948717948717948,0.9666666666666667,0
0.12637027236522658,0.4867634930904361,0.8695652173913043,0.7948717948717948,0.9666666666666667,0
0.12393266547583102,0.4980322386043659,0.8695652173913043,0.7948717948717948,0.9666666666666667,0
0.12452012628881852,0.5019883526408154,0.8695652173913043,0.7948717948717948,0.9666666666666667,0
0.12092391889995496,0.4950887398875278,0.8695652173913043,0.7948717948717948,0.9666666666666667,0
0.12365263076660946,0.4972568422124006,0.8695652173913043,0.7948717948717948,0.9666666666666667,0
0.12221997924513915,0.49325617737528205,0.8695652173913043,0.7948717948717948,0.9666666666666667,0
0.1241359314035277,0.49204691942187323,0.8695652173913043,0.7948717948717948,0.9666666666666667,0
0.1273494483594081,0.4988532571688942,0.8695652173913043,0.7948717948717948,0.9666666666666667,0
0.11904640029674458,0.4999487438927526,0.8695652173913043,0.7948717948717948,0.9666666666666667,0
0.11981456328954365,0.510066232819488,0.8695652173913043,0.7948717948717948,0.9666666666666667,0
0.11838095857633799,0.5101728542991306,0.8695652173913043,0.7948717948717948,0.9666666666666667,0
0.1161017019130984,0.5118606863678365,0.8695652173913043,0.7948717948717948,0.9666666666666667,0
0.11779495405760045,0.5074878261573073,0.8695652173913043,0.7948717948717948,0.9666666666666667,0
0.6594427084620995,0.6359697442123855,0.855072463768116,0.7692307692307693,0.9666666666666667,1
0.5758092569399483,0.5792968705080558,0.855072463768116,0.7948717948717948,0.9333333333333333,1
0.49474080529394027,0.530908925809722,0.8695652173913043,0.8461538461538461,0.9,1
0.4203117089935496,0.49400420119796973,0.8405797101449275,0.8461538461538461,0.8333333333333334,1
0.36333235042004647,0.47400681825651636,0.8405797101449275,0.8461538461538461,0.8333333333333334,1
0.3230115688299831,0.4631737397200819,0.8405797101449275,0.8461538461538461,0.8333333333333334,1
0.29751023461547077,0.459374408359113,0.855072463768116,0.8461538461538461,0.8666666666666667,1
0.2774289623845982,0.4573804291262143,0.855072463768116,0.8461538461538461,0.8666666666666667,1
0.2648053535177738,0.4487022256505662,0.8840579710144928,0.8717948717948718,0.9,1
0.25427655592749393,0.4400456007839977,0.9130434782608695,0.8717948717948718,0.9666666666666667,1
0.24230737210829048,0.4288263009942096,0.9130434782608695,0.8717948717948718,0.9666666666666667,1
0.23804554512983636,0.4228936559048252,0.9130434782608695,0.8717948717948718,0.9666666666666667,1
0.22917079076736788,0.4139178857423257,0.9130434782608695,0.8717948717948718,0.9666666666666667,1
0.22234564642362956,0.4087493853724521,0.9130434782608695,0.8717948717948718,0.9666666666666667,1
0.22067470735386957,0.4006266349899596,0.9130434782608695,0.8717948717948718,0.9666666666666667,1
0.21668175447590743,0.3963165250809296,0.9130434782608695,0.8717948717948718,0.9666666666666667,1
0.21364227522023116,0.3923586056284282,0.9130434782608695,0.8717948717948718,0.9666666666666667,1
0.21239259688160086,0.3907411070405573,0.9130434782608695,0.8717948717948718,0.9666666666666667,1
0.20802028948747658,0.3872673448877058,0.9130434782608695,0.8717948717948718,0.9666666666666667,1
0.2056660786082473,0.38754284446654114,0.8985507246376812,0.8461538461538461,0.9666666666666667,1
0.2053949797078024,0.3847215089245119,0.8985507246376812,0.8461538461538461,0.9666666666666667,1
0.20375247016737733,0.3848505648581878,0.8985507246376812,0.8461538461538461,0.9666666666666667,1
0.20134045617489876,0.3853258594222691,0.8985507246376812,0.8461538461538461,0.9666666666666667,1
0.200078735245934,0.3878030504869378,0.8985507246376812,0.8461538461538461,0.9666666666666667,1
0.19973656723770913,0.38732402804105176,0.8985507246376812,0.8461538461538461,0.9666666666666667,1
0.19852347973781295,0.39076091975405597,0.9130434782608695,0.8717948717948718,0.9666666666666667,1
0.1933872760096683,0.391264829730642,0.8840579710144928,0.8205128205128205,0.9666666666666667,1
0.1952025203765193,0.3916269437126491,0.8840579710144928,0.8205128205128205,0.9666666666666667,1
0.19463055081005337,0.391420040441596,0.8985507246376812,0.8461538461538461,0.9666666666666667,1
0.19122657849441602,0.3955754326737445,0.8985507246376812,0.8461538461538461,0.9666666666666667,1
0.19299137356537807,0.39863662637662195,0.8840579710144928,0.8205128205128205,0.9666666666666667,1
0.18817125015620945,0.40081509494263196,0.8840579710144928,0.8205128205128205,0.9666666666666667,1
0.18858155381830433,0.4044328971185546,0.8840579710144928,0.8205128205128205,0.9666666666666667,1
0.1867702478849435,0.404686422019765,0.8985507246376812,0.8461538461538461,0.9666666666666667,1
0.1869239625108393,0.4055128669825153,0.8985507246376812,0.8461538461538461,0.9666666666666667,1
0.1848948132010955,0.40875562377597974,0.9130434782608695,0.8717948717948718,0.9666666666666667,1
0.18347530708282808,0.4137386295242586,0.8985507246376812,0.8461538461538461,0.9666666666666667,1
0.18355737777450418,0.4150434885767923,0.8840579710144928,0.8205128205128205,0.9666666666666667,1
0.18194541561452648,0.41934425524179486,0.8840579710144928,0.8205128205128205,0.9666666666666667,1
0.17986329107344906,0.42161114621853485,0.8985507246376812,0.8461538461538461,0.9666666666666667,1
0.1792642726928373,0.42549083910990454,0.8985507246376812,0.8461538461538461,0.9666666666666667,1
0.17594745227053196,0.42704490453436755,0.8840579710144928,0.8205128205128205,0.9666666666666667,1
0.17590096309969697,0.42965298480745673,0.8985507246376812,0.8461538461538461,0.9666666666666667,1
0.1762757052349139,0.4348250193440396,0.8840579710144928,0.8205128205128205,0.9666666666666667,1
0.17451554857477358,0.4390773678171462,0.8840579710144928,0.8205128205128205,0.9666666666666667,1
0.17324889309798616,0.4399576433326887,0.8840579710144928,0.8205128205128205,0.9666666666666667,1
0.17185675418829616,0.44036191766676697,0.8840579710144928,0.8205128205128205,0.9666666666666667,1
0.17130787953545776,0.4437359988257505,0.8840579710144928,0.8205128205128205,0.9666666666666667,1
0.1662085169478308,0.4494161957847899,0.8840579710144928,0.8205128205128205,0.9666666666666667,1
0.17001277925092964,0.45237546014613,0.8840579710144928,0.8205128205128205,0.9666666666666667,1
0.16684764925437637,0.4556540015383043,0.8840579710144928,0.8205128205128205,0.9666666666666667,1
0.16663843166979053,0.4597654122373332,0.8840579710144928,0.8205128205128205,0.9666666666666667,1
0.16639134778252132,0.4636863126702931,0.8840579710144928,0.8205128205128205,0.9666666666666667,1
0.16214449760280078,0.4650156037962955,0.8840579710144928,0.8205128205128205,0.9666666666666667,1
0.16176980469800248,0.4683166383833125,0.8985507246376812,0.8461538461538461,0.9666666666666667,1
0.16324376475207414,0.467912119799766,0.8840579710144928,0.8205128205128205,0.9666666666666667,1
0.15975772023578233,0.47149403328480927,0.8840579710144928,0.8205128205128205,0.9666666666666667,1
0.1599342435409751,0.477238732619562,0.8840579710144928,0.8205128205128205,0.9666666666666667,1
0.16072639313679707,0.4807191696287929,0.8840579710144928,0.8205128205128205,0.9666666666666667,1
0.15715410305729396,0.482488626803177,0.8840579710144928,0.8205128205128205,0.9666666666666667,1
0.15742872570511662,0.4883924988300904,0.8985507246376812,0.8461538461538461,0.9666666666666667,1
0.15521766169916226,0.4888140505206758,0.8840579710144928,0.8205128205128205,0.9666666666666667,1
0.15326700444462932,0.49105701973472815,0.8840579710144928,0.8461538461538461,0.9333333333333333,1
0.1525394403481785,0.4935863005078357,0.8695652173913043,0.8205128205128205,0.9333333333333333,1
0.15168769780216337,0.4994670550028483,0.8695652173913043,0.8205128205128205,0.9333333333333333,1
0.15435990766633914,0.5044862530801607,0.8840579710144928,0.8461538461538461,0.9333333333333333,1
0.14709944419468504,0.5076319164987924,0.8840579710144928,0.8461538461538461,0.9333333333333333,1
0.1486897811859469,0.5114188047422878,0.8840579710144928,0.8461538461538461,0.9333333333333333,1
0.15003108657613584,0.5119258852108665,0.8840579710144928,0.8461538461538461,0.9333333333333333,1
0.14782703884794743,0.5144538054431694,0.8840579710144928,0.8461538461538461,0.9333333333333333,1
0.14572775175299826,0.5159606177737748,0.8695652173913043,0.8205128205128205,0.9333333333333333,1
0.14389451206484927,0.5188593791014906,0.8840579710144928,0.8461538461538461,0.9333333333333333,1
0.14302078549620473,0.5257602981899095,0.8840579710144928,0.8461538461538461,0.9333333333333333,1
0.1453548612285264,0.5276476701964503,0.8840579710144928,0.8461538461538461,0.9333333333333333,1
0.14344500665423238,0.5280468044937521,0.8840579710144928,0.8461538461538461,0.9333333333333333,1
0.1379450850094421,0.5334755380948385,0.8840579710144928,0.8461538461538461,0.9333333333333333,1
0.14240348489978646,0.5359878302484319,0.8840579710144928,0.8461538461538461,0.9333333333333333,1
0.1399599930530862,0.5348774812359741,0.8840579710144928,0.8461538461538461,0.9333333333333333,1
0.1380664030019241,0.538777150105739,0.8840579710144928,0.8461538461538461,0.9333333333333333,1
0.1411012695937217,0.5434347693470941,0.8840579710144928,0.8461538461538461,0.9333333333333333,1
0.13961903807483142,0.5457043643446936,0.8840579710144928,0.8461538461538461,0.9333333333333333,1
0.135251050508475,0.545751227416854,0.8840579710144928,0.8461538461538461,0.9333333333333333,1
0.13669226195993303,0.5448918511038241,0.8840579710144928,0.8461538461538461,0.9333333333333333,1
0.13450908566577524,0.5498795997405398,0.8840579710144928,0.8461538461538461,0.9333333333333333,1
0.13391295726163477,0.5531579290611156,0.8840579710144928,0.8461538461538461,0.9333333333333333,1
0.13285735909697377,0.55416793063067,0.8840579710144928,0.8461538461538461,0.9333333333333333,1
0.13169375307197811,0.5562558187090832,0.8840579710144928,0.8461538461538461,0.9333333333333333,1
0.13215953668084326,0.5617892305920089,0.8840579710144928,0.8461538461538461,0.9333333333333333,1
0.13335145519504063,0.5643635482891746,0.8840579710144928,0.8461538461538461,0.9333333333333333,1
0.12937498422740382,0.5698148452717325,0.8840579710144928,0.8461538461538461,0.9333333333333333,1
0.13014708874346334,0.5706352673578954,0.8840579710144928,0.8461538461538461,0.9333333333333333,1
0.12816854575766792,0.5733053800852402,0.8985507246376812,0.8717948717948718,0.9333333333333333,1
0.12543238473089435,0.5812933587509653,0.8985507246376812,0.8717948717948718,0.9333333333333333,1
0.13063454816613015,0.5800863979519277,0.8985507246376812,0.8717948717948718,0.9333333333333333,1
0.12722524698776536,0.5814653907133185,0.8840579710144928,0.8461538461538461,0.9333333333333333,1
0.12717706530908995,0.5781626982101495,0.8985507246376812,0.8717948717948718,0.9333333333333333,1
0.12615623315678368,0.5804393930711608,0.8840579710144928,0.8461538461538461,0.9333333333333333,1
0.12286090728225588,0.5850483809692272,0.8840579710144928,0.8461538461538461,0.9333333333333333,1
0.12745847204063512,0.5870948312939077,0.8985507246376812,0.8717948717948718,0.9333333333333333,1
0.12687595905382423,0.5879115686900374,0.8840579710144928,0.8461538461538461,0.9333333333333333,1
0.6431757548662621,0.5924694710883541,0.8695652173913043,0.7692307692307693,1.0,2
0.5601087620877844,0.5033829117166824,0.8840579710144928,0.7948717948717948,1.0,2
0.4811153976466712,0.4189484931420589,0.8985507246376812,0.8205128205128205,1.0,2
0.410077471291925,0.35087652482848236,0.9130434782608695,0.8461538461538461,1.0,2
0.3566670359119656,0.30920613999815955,0.9130434782608695,0.8461538461538461,1.0,2
0.3185127022228842,0.29056607964246167,0.9130434782608695,0.8461538461538461,1.0,2
0.2925178869972079,0.28317957339079486,0.8985507246376812,0.8205128205128205,1.0,2
0.2716639804558491,0.28846869876851206,0.8985507246376812,0.8205128205128205,1.0,2
0.254738961758576,0.2894496920963992,0.9130434782608695,0.8461538461538461,1.0,2
0.24229949475742701,0.30025692975175555,0.9130434782608695,0.8461538461538461,1.0,2
0.22797250268966193,0.30645348574372305,0.9130434782608695,0.8461538461538461,1.0,2
0.2206715991177897,0.30889539874118305,0.9130434782608695,0.8461538461538461,1.0,2
0.21262899986871583,0.3146923420869786,0.9130434782608695,0.8461538461538461,1.0,2
0.20518307507507444,0.32450885368862015,0.9130434782608695,0.8461538461538461,1.0,2
0.20032657933986092,0.3318632695338,0.9130434782608695,0.8461538461538461,1.0,2
0.19806799032087402,0.3365764052107714,0.9130434782608695,0.8461538461538461,1.0,2
0.19507420896075842,0.340614570007808,0.9130434782608695,0.8461538461538461,1.0,2
0.19333354079817225,0.34564551732678345,0.9130434782608695,0.8461538461538461,1.0,2
0.19145855345125273,0.34898702368356177,0.9130434782608695,0.8461538461538461,1.0,2
0.1895944473076993,0.35282188200432324,0.9130434782608695,0.8461538461538461,1.0,2
0.1879103995214297,0.36028677635434747,0.9130434782608695,0.8461538461538461,1.0,2
0.1862423040618108,0.3666022521430168,0.9130434782608695,0.8461538461538461,1.0,2
0.1839925983759362,0.3668031521897385,0.9130434782608695,0.8461538461538461,1.0,2
0.18381742586301067,0.3688604281000469,0.9130434782608695,0.8461538461538461,1.0,2
0.1824758104686662,0.3736216764951098,0.9130434782608695,0.8461538461538461,1.0,2
0.18299478360517757,0.3754221697648366,0.9130434782608695,0.8461538461538461,1.0,2
0.1811799369459077,0.37761636963789014,0.9130434782608695,0.8461538461538461,1.0,2
0.1786910636453178,0.38087411203246185,0.9130434782608695,0.8461538461538461,1.0,2
0.1790190684983111,0.38373510193997534,0.9130434782608695,0.8461538461538461,1.0,2
0.17651287955561962,0.39093690289967303,0.9130434782608695,0.8461538461538461,1.0,2
0.17532333252936835,0.39197076144425763,0.9130434782608695,0.8461538461538461,1.0,2
0.17363135256166534,0.3944660792316216,0.9130434782608695,0.8461538461538461,1.0,2
0.17438207102103495,0.3973323255777359,0.9130434782608695,0.8461538461538461,1.0,2
0.17355036146528138,0.4001677168020304,0.9130434782608695,0.8461538461538461,1.0,2
0.17247433953397856,0.40028447582237964,0.9130434782608695,0.8461538461538461,1.0,2
0.1682856002661187,0.4040414507406345,0.9130434782608695,0.8461538461538461,1.0,2
0.16646817645688694,0.4077662536199542,0.9130434782608695,0.8461538461538461,1.0,2
0.16895093409799217,0.41346766961657483,0.9130434782608695,0.8461538461538461,1.0,2
0.16691021827731545,0.40872210566548334,0.9130434782608695,0.8461538461538461,1.0,2
0.16464509230664395,0.4139659465223119,0.9130434782608695,0.8461538461538461,1.0,2
0.16458517113539178,0.41555735339289124,0.9130434782608695,0.8461538461538461,1.0,2
0.16463702738754393,0.4198138595059298,0.9130434782608695,0.8461538461538461,1.0,2
0.16228670602239023,0.42295678456624347,0.9130434782608695,0.8461538461538461,1.0,2
0.16071402120777942,0.4241261920635251,0.9130434782608695,0.8461538461538461,1.0,2
0.15842410858691208,0.42839330326819763,0.9130434782608695,0.8461538461538461,1.0,2
0.1594210960498945,0.4275604160367579,0.9130434782608695,0.8461538461538461,1.0,2
0.1607347686225035,0.43189273299514386,0.9130434782608695,0.8461538461538461,1.0,2
0.1573577439925802,0.43549749276776245,0.9130434782608695,0.8461538461538461,1.0,2
0.15470905037611488,0.4389823215163272,0.9130434782608695,0.8461538461538461,1.0,2
0.15578271528397958,0.4390521760004154,0.9130434782608695,0.8461538461538461,1.0,2
0.1546682675523082,0.4430482037689375,0.9130434782608695,0.8461538461538461,1.0,2
0.1546536460166841,0.44587925853936566,0.9130434782608695,0.8461538461538461,1.0,2
0.1526779999413828,0.44741524432016455,0.9130434782608695,0.8461538461538461,1.0,2
0.14995204998752262,0.4515890632418619,0.9130434782608695,0.8461538461538461,1.0,2
0.14878877941079027,0.4533163069382958,0.9130434782608695,0.8461538461538461,1.0,2
0.15142264729879035,0.45745402833689813,0.9130434782608695,0.8461538461538461,1.0,2
0.1506836218627419,0.45675985882247705,0.9130434782608695,0.8461538461538461,1.0,2
0.14950095408075437,0.4590962784013886,0.9130434782608695,0.8461538461538461,1.0,2
0.15003271248396927,0.46089008850032004,0.9130434782608695,0.8461538461538461,1.0,2
0.1476552766843105,0.46637460783771845,0.9130434782608695,0.8461538461538461,1.0,2
0.14872698083402602,0.4725578403559284,0.9130434782608695,0.8461538461538461,1.0,2
0.14521136736775947,0.4716945470891137,0.9130434782608695,0.8461538461538461,1.0,2
0.14244190946104018,0.47395561300758005,0.9130434782608695,0.8461538461538461,1.0,2
0.14499007076259673,0.4767997534810633,0.9130434782608695,0.8461538461538461,1.0,2
0.14494742577470193,0.48104829643515573,0.9130434782608695,0.8461538461538461,1.0,2
0.14248828236746977,0.4843062777882037,0.9130434782608695,0.8461538461538461,1.0,2
0.14248013756875916,0.48469746058833774,0.9130434782608695,0.8461538461538461,1.0,2
0.14032405265203612,0.48590160809133365,0.9130434782608695,0.8461538461538461,1.0,2
0.13860220081928207,0.4920025088864824,0.9130434782608695,0.8461538461538461,1.0,2
0.13980490316556193,0.495159853303778,0.9130434782608695,0.8461538461538461,1.0,2
0.14063545642640646,0.5004701954515084,0.9130434782608695,0.8461538461538461,1.0,2
0.1372521995911448,0.49703278921652533,0.9130434782608695,0.8461538461538461,1.0,2
0.13555170715324522,0.4987161765279977,0.9130434782608695,0.8461538461538461,1.0,2
0.1377261889497126,0.5026887262213058,0.9130434782608695,0.8461538461538461,1.0,2
0.13715522552099754,0.5045148981870085,0.9130434782608695,0.8461538461538461,1.0,2
0.13664051801200927,0.5074535690355992,0.9130434782608695,0.8461538461538461,1.0,2
0.13545528662017012,0.5085945510561916,0.9130434782608695,0.8461538461538461,1.0,2
0.13181184483325387,0.5120954014684843,0.9130434782608695,0.8461538461538461,1.0,2
0.1325073034275235,0.5145785482465357,0.9130434782608695,0.8461538461538461,1.0,2
0.1333494075874644,0.5190727502323579,0.9130434782608695,0.8461538461538461,1.0,2
0.13210119393866832,0.5163649049574051,0.9130434782608695,0.8461538461538461,1.0,2
0.12985931207814555,0.5199003805932791,0.9130434782608695,0.8461538461538461,1.0,2
0.1276356976097963,0.5230958928232607,0.9130434782608695,0.8461538461538461,1.0,2
0.12908682764515164,0.5250404524630394,0.9130434782608695,0.8461538461538461,1.0,2
0.13045469738367035,0.5286103498892508,0.9130434782608695,0.8461538461538461,1.0,2
0.12717668957362963,0.5285772438282552,0.9130434782608695,0.8461538461538461,1.0,2
0.12817682853833898,0.5316833680954532,0.9130434782608695,0.8461538461538461,1.0,2
0.12840629309181154,0.5401381983057313,0.9130434782608695,0.8461538461538461,1.0,2
0.12584240598472085,0.5412974532531656,0.9130434782608695,0.8461538461538461,1.0,2
0.1260866471866923,0.5436083304061405,0.9130434782608695,0.8461538461538461,1.0,2
0.1269559355936651,0.5437139090204585,0.9130434782608695,0.8461538461538461,1.0,2
0.1235102361816121,0.5437197334308556,0.9130434782608695,0.8461538461538461,1.0,2
0.1255828236266384,0.5506567742297614,0.9130434782608695,0.8461538461538461,1.0,2
0.12525007138102073,0.5522352179539376,0.9130434782608695,0.8461538461538461,1.0,2
0.12373203750201098,0.5512301661614059,0.9130434782608695,0.8461538461538461,1.0,2
0.12082513070951297,0.5517759353354357,0.9130434782608695,0.8461538461538461,1.0,2
0.12072504309453364,0.556821505120699,0.9130434782608695,0.8461538461538461,1.0,2
0.12078545043083626,0.5615443125151206,0.9130434782608695,0.8461538461538461,1.0,2
0.12000884114522634,0.5645465800079746,0.9130434782608695,0.8461538461538461,1.0,2
0.11914600586797308,0.5668751058587129,0.9130434782608695,0.8461538461538461,1.0,2
0.6509808532533333,0.6300899887430496,0.7536231884057971,0.8157894736842105,0.6774193548387096,3
0.5571262229251416,0.5763451612513998,0.7681159420289855,0.868421052631579,0.6451612903225806,3
0.4751312023205988,0.5329997707968173,0.7391304347826086,0.8157894736842105,0.6451612903225806,3
0.4112494122033558,0.5049893441407577,0.7681159420289855,0.8157894736842105,0.7096774193548387,3
0.3549400553711677,0.486893634001414,0.7681159420289855,0.8157894736842105,0.7096774193548387,3
0.3100602739314765,0.4823955005925635,0.7681159420289855,0.8157894736842105,0.7096774193548387,3
0.27604545706333866,0.48957792118839594,0.7681159420289855,0.8157894736842105,0.7096774193548387,3
0.25372725548498715,0.5021529145862745,0.7536231884057971,0.7894736842105263,0.7096774193548387,3
0.23705657626184026,0.5164776485467303,0.7681159420289855,0.8157894736842105,0.7096774193548387,3
0.22538462270620785,0.532949648041656,0.782608695652174,0.8421052631578947,0.7096774193548387,3
0.21489393074129376,0.545110239714816,0.782608695652174,0.8421052631578947,0.7096774193548387,3
0.20357753148130991,0.5555321004079736,0.782608695652174,0.8421052631578947,0.7096774193548387,3
0.1978447160693743,0.5681054931187975,0.7681159420289855,0.7894736842105263,0.7419354838709677,3
0.18803473905472784,0.5769756869345471,0.7681159420289855,0.7894736842105263,0.7419354838709677,3
0.18326424287745435,0.5852324167347472,0.782608695652174,0.7894736842105263,0.7741935483870968,3
0.1799969647120388,0.5957896209497383,0.782608695652174,0.7631578947368421,0.8064516129032258,3
0.17449840032691702,0.6036338300808616,0.782608695652174,0.7631578947368421,0.8064516129032258,3
0.17117623489512807,0.6151888751141403,0.782608695652174,0.7631578947368421,0.8064516129032258,3
0.1693914146765532,0.6188226145678672,0.782608695652174,0.7631578947368421,0.8064516129032258,3
0.165648886024394,0.6236040101427099,0.782608695652174,0.7631578947368421,0.8064516129032258,3
0.16413591804444883,0.6286142526221448,0.7971014492753623,0.7894736842105263,0.8064516129032258,3
0.16368451382087285,0.631782451617545,0.782608695652174,0.7631578947368421,0.8064516129032258,3
0.16285135129367853,0.6258203622115694,0.782608695652174,0.7631578947368421,0.8064516129032258,3
0.16200117021799088,0.625281801312298,0.782608695652174,0.7631578947368421,0.8064516129032258,3
0.16054913038373364,0.6233988753047542,0.782608695652174,0.7631578947368421,0.8064516129032258,3
0.1571114230639477,0.6245203903079897,0.782608695652174,0.7631578947368421,0.8064516129032258,3
0.15976199737856056,0.6269168259333009,0.782608695652174,0.7631578947368421,0.8064516129032258,3
0.16026716262055635,0.6361814627720825,0.7971014492753623,0.7894736842105263,0.8064516129032258,3
0.15888512339123326,0.6372627429664135,0.7971014492753623,0.7894736842105263,0.8064516129032258,3
0.15419061098381434,0.6376018185654412,0.7971014492753623,0.7894736842105263,0.8064516129032258,3
0.15481356785933426,0.6299153421668039,0.7971014492753623,0.7894736842105263,0.8064516129032258,3
0.15247502176791383,0.626421790516031,0.7971014492753623,0.7894736842105263,0.8064516129032258,3
0.1512136872212712,0.626501705929421,0.7971014492753623,0.7894736842105263,0.8064516129032258,3
0.15235651532034047,0.6300508579158265,0.7971014492753623,0.7894736842105263,0.8064516129032258,3
0.15379634058733532,0.6381802054095096,0.7971014492753623,0.7894736842105263,0.8064516129032258,3
0.14923307588164128,0.6401779186790404,0.7971014492753623,0.7894736842105263,0.8064516129032258,3
0.14911132669672023,0.637127087653979,0.782608695652174,0.7631578947368421,0.8064516129032258,3
0.14732473154149822,0.626629822658024,0.7971014492753623,0.7631578947368421,0.8387096774193549,3
0.14566925274972425,0.6322903092680634,0.7971014492753623,0.7631578947368421,0.8387096774193549,3
0.14708658443784192,0.6341186700847702,0.7971014492753623,0.7631578947368421,0.8387096774193549,3
0.14686098820333734,0.6338740435523399,0.7971014492753623,0.7631578947368421,0.8387096774193549,3
0.14464647238042536,0.6317501550783282,0.7971014492753623,0.7631578947368421,0.8387096774193549,3
0.14544338362898776,0.6295094873918139,0.7971014492753623,0.7631578947368421,0.8387096774193549,3
0.1430389028200197,0.6307837217506291,0.7971014492753623,0.7631578947368421,0.8387096774193549,3
0.14120123948024327,0.6291937883673371,0.7971014492753623,0.7631578947368421,0.8387096774193549,3
0.141479475583515,0.6290292867823787,0.7971014492753623,0.7631578947368421,0.8387096774193549,3
0.14146526172821078,0.6302761664965014,0.782608695652174,0.7631578947368421,0.8064516129032258,3
0.13896090601238184,0.6318140104413033,0.782608695652174,0.7631578947368421,0.8064516129032258,3
0.1389053187764565,0.628575196246738,0.782608695652174,0.7631578947368421,0.8064516129032258,3
0.13776732244283285,0.630108647318422,0.7971014492753623,0.7894736842105263,0.8064516129032258,3
0.13568241324699984,0.6422404344531073,0.782608695652174,0.7894736842105263,0.7741935483870968,3
0.1422409817878616,0.644615066656168,0.782608695652174,0.7894736842105263,0.7741935483870968,3
0.13806223855375685,0.6447709593112054,0.782608695652174,0.7894736842105263,0.7741935483870968,3
0.13970762704224463,0.6488718584287858,0.7971014492753623,0.7894736842105263,0.8064516129032258,3
0.13624585956311822,0.6482139205479104,0.7971014492753623,0.7894736842105263,0.8064516129032258,3
0.13376214147171997,0.6492297020943268,0.7971014492753623,0.7894736842105263,0.8064516129032258,3
0.13490268349787002,0.6560254831784877,0.7971014492753623,0.7894736842105263,0.8064516129032258,3
0.13366108993286277,0.6531601409441319,0.782608695652174,0.7631578947368421,0.8064516129032258,3
0.12986748089342612,0.6354935751229093,0.7971014492753623,0.7894736842105263,0.8064516129032258,3
0.13490934490971557,0.6349728302895159,0.782608695652174,0.7894736842105263,0.7741935483870968,3
0.13524968972699877,0.6344099096090033,0.7971014492753623,0.7894736842105263,0.8064516129032258,3
0.13220973437224834,0.6360505876549776,0.7971014492753623,0.7894736842105263,0.8064516129032258,3
0.1264830859328581,0.6386143955523553,0.7971014492753623,0.7894736842105263,0.8064516129032258,3
0.1291792404179733,0.643576980393002,0.7971014492753623,0.7894736842105263,0.8064516129032258,3
0.12950227189919505,0.6467002107613329,0.7971014492753623,0.7894736842105263,0.8064516129032258,3
0.12592184562207012,0.6467121249685684,0.7971014492753623,0.7894736842105263,0.8064516129032258,3
0.12696396663932816,0.6484760652579691,0.7971014492753623,0.7894736842105263,0.8064516129032258,3
0.12396979830758109,0.6463296642877917,0.7971014492753623,0.7894736842105263,0.8064516129032258,3
0.12362230735338423,0.6496592405373636,0.7971014492753623,0.7894736842105263,0.8064516129032258,3
0.12332941111694445,0.6530775900498249,0.7971014492753623,0.7894736842105263,0.8064516129032258,3
0.12394336944606765,0.6602189051716224,0.7971014492753623,0.7894736842105263,0.8064516129032258,3
0.12486467197793136,0.6617956547525482,0.7971014492753623,0.7894736842105263,0.8064516129032258,3
0.1255523715859828,0.6628496793193229,0.7971014492753623,0.7894736842105263,0.8064516129032258,3
0.12385306975770852,0.6673617577855138,0.782608695652174,0.7631578947368421,0.8064516129032258,3
0.12115240394604188,0.6681394615359064,0.782608695652174,0.7631578947368421,0.8064516129032258,3
0.12037581718249273,0.6654404045986957,0.782608695652174,0.7631578947368421,0.8064516129032258,3
0.12054354463836146,0.663519237946341,0.782608695652174,0.7631578947368421,0.8064516129032258,3
0.1195025306410053,0.6594807886235092,0.7971014492753623,0.7894736842105263,0.8064516129032258,3
0.1251448387288824,0.6392456308493147,0.782608695652174,0.7368421052631579,0.8387096774193549,3
0.12935535472566365,0.6383713849050843,0.7681159420289855,0.7368421052631579,0.8064516129032258,3
0.12586953933822942,0.638903428516958,0.7681159420289855,0.7368421052631579,0.8064516129032258,3
0.12495050750173012,0.6468630335631146,0.782608695652174,0.7368421052631579,0.8387096774193549,3
0.12373140858785596,0.6489954979793318,0.782608695652174,0.7368421052631579,0.8387096774193549,3
0.12387239765637378,0.6523243854281263,0.7971014492753623,0.7894736842105263,0.8064516129032258,3
0.11721351180173306,0.6647592803220386,0.7971014492753623,0.7894736842105263,0.8064516129032258,3
0.11969829476097026,0.6685265119902898,0.7971014492753623,0.7894736842105263,0.8064516129032258,3
0.1161058801407933,0.6725681500536376,0.7971014492753623,0.7894736842105263,0.8064516129032258,3
0.11458991140936459,0.6743360195254934,0.7971014492753623,0.7894736842105263,0.8064516129032258,3
0.11560745993498335,0.6718344155267097,0.7971014492753623,0.7894736842105263,0.8064516129032258,3
0.11237933111265186,0.6740248245119617,0.7971014492753623,0.7894736842105263,0.8064516129032258,3
0.11452659764639488,0.6749943569302559,0.7971014492753623,0.7894736842105263,0.8064516129032258,3
0.1141519630066295,0.675697565699617,0.7971014492753623,0.7894736842105263,0.8064516129032258,3
0.11182346098508553,0.6724888806001864,0.7971014492753623,0.7894736842105263,0.8064516129032258,3
0.11422770276270493,0.6619267629972403,0.8115942028985508,0.8421052631578947,0.7741935483870968,3
0.11643798136357189,0.6436671053423829,0.8115942028985508,0.8157894736842105,0.8064516129032258,3
0.11372755433021581,0.6422798922960309,0.7971014492753623,0.7894736842105263,0.8064516129032258,3
0.11227163346066589,0.6482823480298554,0.7971014492753623,0.7894736842105263,0.8064516129032258,3
0.11518320114484025,0.6512955310552017,0.782608695652174,0.7631578947368421,0.8064516129032258,3
0.11107494235154991,0.6553787693543278,0.782608695652174,0.7631578947368421,0.8064516129032258,3
0.10914684513615744,0.6605132647344599,0.7971014492753623,0.7894736842105263,0.8064516129032258,3
0.6642561909518664,0.6417706816092782,0.7971014492753623,0.7368421052631579,0.8709677419354839,4
0.5780315376535247,0.5838057485179625,0.7971014492753623,0.7631578947368421,0.8387096774193549,4
0.49113100804860077,0.5343349014503368,0.7971014492753623,0.7631578947368421,0.8387096774193549,4
0.4138715071014211,0.4968343644902326,0.782608695652174,0.7631578947368421,0.8064516129032258,4
0.3513409136971341,0.47725314636161364,0.8260869565217391,0.8157894736842105,0.8387096774193549,4
0.30812563926358766,0.46483861881753674,0.8115942028985508,0.7894736842105263,0.8387096774193549,4
0.2763448863089839,0.46183635013690894,0.8405797101449275,0.8157894736842105,0.8709677419354839,4
0.25377903199648555,0.46220164195350977,0.8405797101449275,0.8157894736842105,0.8709677419354839,4
0.23521217892441568,0.4627518101014953,0.8260869565217391,0.7894736842105263,0.8709677419354839,4
0.21936233473729483,0.46602674973183783,0.8260869565217391,0.7894736842105263,0.8709677419354839,4
0.20801902175704134,0.4647274393102397,0.7971014492753623,0.7368421052631579,0.8709677419354839,4
0.19678682975376707,0.4677993581778761,0.7971014492753623,0.7368421052631579,0.8709677419354839,4
0.18824480926688714,0.4690046357935753,0.8260869565217391,0.7631578947368421,0.9032258064516129,4
0.18265969674044016,0.47241127793339716,0.8260869565217391,0.7631578947368421,0.9032258064516129,4
0.17630764219579817,0.47978199694467627,0.8260869565217391,0.7631578947368421,0.9032258064516129,4
0.17107959261423425,0.48044626738714136,0.8405797101449275,0.7894736842105263,0.9032258064516129,4
0.166206497180311,0.4855951092381408,0.8260869565217391,0.7631578947368421,0.9032258064516129,4
0.16170197385775892,0.48814581744912744,0.8260869565217391,0.7631578947368421,0.9032258064516129,4
0.16027902255329904,0.4946691951026087,0.8260869565217391,0.7631578947368421,0.9032258064516129,4
0.1553324413827703,0.5038910754348921,0.8115942028985508,0.7631578947368421,0.8709677419354839,4
0.1523703380098826,0.5074246759000032,0.8115942028985508,0.7631578947368421,0.8709677419354839,4
0.15574291499355172,0.5093583654666293,0.8115942028985508,0.7631578947368421,0.8709677419354839,4
0.15280715046049673,0.5156108205733092,0.8115942028985508,0.7631578947368421,0.8709677419354839,4
0.15129053215437296,0.5199505600376405,0.8260869565217391,0.7894736842105263,0.8709677419354839,4
0.15180780653712117,0.5298858176970828,0.8260869565217391,0.7894736842105263,0.8709677419354839,4
0.14744788464866107,0.5311608625494916,0.8260869565217391,0.7894736842105263,0.8709677419354839,4
0.14598094813431364,0.5348638175190359,0.8260869565217391,0.7894736842105263,0.8709677419354839,4
0.14573991553315632,0.5388725227203922,0.8115942028985508,0.7631578947368421,0.8709677419354839,4
0.1430874454635608,0.5364526950794718,0.8260869565217391,0.7894736842105263,0.8709677419354839,4
0.14268773831898654,0.5400489361389823,0.8260869565217391,0.7894736842105263,0.8709677419354839,4
0.14026872738252713,0.5461314294649207,0.8115942028985508,0.7631578947368421,0.8709677419354839,4
0.14242017335152324,0.5520968679068745,0.8115942028985508,0.7631578947368421,0.8709677419354839,4
0.13705902348590804,0.5556345702945322,0.8115942028985508,0.7631578947368421,0.8709677419354839,4
0.13802762254129483,0.5543777303419252,0.8115942028985508,0.7631578947368421,0.8709677419354839,4
0.13519746612144423,0.5570825381555419,0.8115942028985508,0.7631578947368421,0.8709677419354839,4
0.134686850199971,0.5640294664147971,0.7971014492753623,0.7368421052631579,0.8709677419354839,4
0.1342878892451902,0.5683008346004762,0.7971014492753623,0.7368421052631579,0.8709677419354839,4
0.13372240206108818,0.5723620065744373,0.7971014492753623,0.7368421052631579,0.8709677419354839,4
0.13175564721415314,0.5764505854551343,0.7971014492753623,0.7368421052631579,0.8709677419354839,4
0.12956369064653975,0.580848627332328,0.7971014492753623,0.7368421052631579,0.8709677419354839,4
0.12918598374611215,0.5751425900321075,0.7971014492753623,0.7368421052631579,0.8709677419354839,4
0.12532680057272128,0.5771577721056731,0.7971014492753623,0.7368421052631579,0.8709677419354839,4
0.1260457018130942,0.5794189701909604,0.7971014492753623,0.7368421052631579,0.8709677419354839,4
0.12681429352186904,0.5841289845065795,0.7971014492753623,0.7368421052631579,0.8709677419354839,4
0.1268703037802177,0.5859961319660795,0.7971014492753623,0.7368421052631579,0.8709677419354839,4
0.12449044724808464,0.5917096293490866,0.7971014492753623,0.7368421052631579,0.8709677419354839,4
0.12157134532551223,0.5957843177560447,0.7971014492753623,0.7368421052631579,0.8709677419354839,4
0.1243025703897959,0.5994255637777024,0.7971014492753623,0.7368421052631579,0.8709677419354839,4
0.12185158118416992,0.5957643925279811,0.7971014492753623,0.7368421052631579,0.8709677419354839,4
0.12418441927131219,0.6012383483458257,0.8115942028985508,0.7631578947368421,0.8709677419354839,4
0.12021834431569788,0.6034784247909767,0.8115942028985508,0.7631578947368421,0.8709677419354839,4
0.11917181916629212,0.6042497797288756,0.8115942028985508,0.7631578947368421,0.8709677419354839,4
0.116945065746579,0.613908943058788,0.8115942028985508,0.7631578947368421,0.8709677419354839,4
0.11830967362922958,0.6245909004971602,0.8115942028985508,0.7631578947368421,0.8709677419354839,4
0.11509846641293055,0.6180115843164748,0.8115942028985508,0.7631578947368421,0.8709677419354839,4
0.11793629230954979,0.6145353377729222,0.8115942028985508,0.7631578947368421,0.8709677419354839,4
0.11463812045470069,0.6189931743386863,0.8115942028985508,0.7631578947368421,0.8709677419354839,4
0.11404713625206223,0.6158132674037546,0.8115942028985508,0.7631578947368421,0.8709677419354839,4
0.11565736907569668,0.6243585469066233,0.8260869565217391,0.7894736842105263,0.8709677419354839,4
0.1110930459786065,0.6294656957405201,0.8260869565217391,0.7894736842105263,0.8709677419354839,4
0.11340747443558294,0.6300704436025758,0.8115942028985508,0.7631578947368421,0.8709677419354839,4
0.1130117851344845,0.6301615298658177,0.8115942028985508,0.7631578947368421,0.8709677419354839,4
0.11366808301285852,0.6312246728634489,0.8115942028985508,0.7631578947368421,0.8709677419354839,4
0.10963016805015033,0.6389740506807963,0.8115942028985508,0.7631578947368421,0.8709677419354839,4
0.11264737299348734,0.6503457530685093,0.7971014492753623,0.7368421052631579,0.8709677419354839,4
0.11029777430658098,0.6464131414026454,0.8115942028985508,0.7631578947368421,0.8709677419354839,4
0.10798552104189427,0.6412692925204402,0.8115942028985508,0.7631578947368421,0.8709677419354839,4
0.1059091381634338,0.6434022430060566,0.8115942028985508,0.7631578947368421,0.8709677419354839,4
0.1094527930681464,0.6503288279408994,0.8115942028985508,0.7631578947368421,0.8709677419354839,4
0.10626617861510831,0.6526450177897578,0.8115942028985508,0.7631578947368421,0.8709677419354839,4
0.10537442036821873,0.6501471763071807,0.8115942028985508,0.7631578947368421,0.8709677419354839,4
0.1066427938168562,0.6490544599035512,0.8115942028985508,0.7631578947368421,0.8709677419354839,4
0.10517608308339421,0.6541361221368762,0.8115942028985508,0.7631578947368421,0.8709677419354839,4
0.09975933632518671,0.6594126682350601,0.7971014492753623,0.7368421052631579,0.8709677419354839,4
0.10467098030862929,0.6584182761717534,0.7971014492753623,0.7368421052631579,0.8709677419354839,4
0.09943025200804577,0.6605948874915856,0.7971014492753623,0.7368421052631579,0.8709677419354839,4
0.0998033260620093,0.6607253508291383,0.8115942028985508,0.7631578947368421,0.8709677419354839,4
0.10287594917831541,0.6702526755954908,0.7971014492753623,0.7368421052631579,0.8709677419354839,4
0.0990383422261552,0.6649769138598788,0.8115942028985508,0.7631578947368421,0.8709677419354839,4
0.10089449395861806,0.6836694746777632,0.7971014492753623,0.7368421052631579,0.8709677419354839,4
0.10090303722816178,0.6737838871237161,0.7971014492753623,0.7368421052631579,0.8709677419354839,4
0.09647899073890492,0.6680406444314597,0.7971014492753623,0.7368421052631579,0.8709677419354839,4
0.09932377038499977,0.6774265982102656,0.7971014492753623,0.7368421052631579,0.8709677419354839,4
0.09608843583094923,0.678014941405559,0.782608695652174,0.7105263157894737,0.8709677419354839,4
0.09595970705717424,0.6698666836904443,0.7971014492753623,0.7368421052631579,0.8709677419354839,4
0.09704952715318414,0.679407334845999,0.8115942028985508,0.7368421052631579,0.9032258064516129,4
0.09608611766296098,0.6841758848100469,0.8115942028985508,0.7368421052631579,0.9032258064516129,4
0.09142152432210837,0.6889164996319923,0.8115942028985508,0.7368421052631579,0.9032258064516129,4
0.09367656424830231,0.6841387472290924,0.8115942028985508,0.7368421052631579,0.9032258064516129,4
0.0956371689710436,0.6938070499378702,0.8115942028985508,0.7368421052631579,0.9032258064516129,4
0.0935948421306248,0.6870956883050393,0.7971014492753623,0.7105263157894737,0.9032258064516129,4
0.08928880642486524,0.6927738267442455,0.8115942028985508,0.7368421052631579,0.9032258064516129,4
0.08826854466637478,0.6970503891723744,0.8115942028985508,0.7368421052631579,0.9032258064516129,4
0.08704564050783085,0.7032206416993901,0.8115942028985508,0.7368421052631579,0.9032258064516129,4
0.08948028889260715,0.7218060951302017,0.7971014492753623,0.7105263157894737,0.9032258064516129,4
0.08814580097228666,0.7134863501009734,0.8115942028985508,0.7368421052631579,0.9032258064516129,4
0.08844586273160161,0.7102822955103888,0.7971014492753623,0.7105263157894737,0.9032258064516129,4
0.09023787175552754,0.7203716432702714,0.8115942028985508,0.7368421052631579,0.9032258064516129,4
0.08810939592651174,0.7302060537580131,0.8115942028985508,0.7368421052631579,0.9032258064516129,4
0.08501746609241148,0.7209815732810808,0.8115942028985508,0.7368421052631579,0.9032258064516129,4
0.6492726184180563,0.6161709686984187,0.8115942028985508,0.7631578947368421,0.8709677419354839,5
0.5659870240737288,0.5442673183869624,0.8260869565217391,0.7894736842105263,0.8709677419354839,5
0.4842592807836819,0.47678363150444586,0.855072463768116,0.8421052631578947,0.8709677419354839,5
0.4108259874685869,0.42154106195422186,0.855072463768116,0.8421052631578947,0.8709677419354839,5
0.35271241399349196,0.3810253661611806,0.8840579710144928,0.8947368421052632,0.8709677419354839,5
0.31524137528775054,0.35493318714957306,0.8695652173913043,0.868421052631579,0.8709677419354839,5
0.28802017723967865,0.33245614732521167,0.8695652173913043,0.868421052631579,0.8709677419354839,5
0.2691555811801416,0.3174026837383491,0.8695652173913043,0.868421052631579,0.8709677419354839,5
0.2536579934059161,0.3060367828693943,0.8695652173913043,0.868421052631579,0.8709677419354839,5
0.24277572556270807,0.29439939277759497,0.8695652173913043,0.868421052631579,0.8709677419354839,5
0.2312344998874559,0.28561671704485797,0.855072463768116,0.8421052631578947,0.8709677419354839,5
0.224862251260081,0.2769210204698037,0.855072463768116,0.8421052631578947,0.8709677419354839,5
0.2151521754114172,0.2738339758437613,0.8695652173913043,0.8421052631578947,0.9032258064516129,5
0.20999061512815256,0.2679991242678269,0.8985507246376812,0.868421052631579,0.9354838709677419,5
0.20717839124549245,0.2648013704928799,0.8985507246376812,0.868421052631579,0.9354838709677419,5
0.20141693064575136,0.2629422670689182,0.8985507246376812,0.868421052631579,0.9354838709677419,5
0.19831734045892718,0.2600191775439442,0.8840579710144928,0.8421052631578947,0.9354838709677419,5
0.1975850985278074,0.25913730306901794,0.8985507246376812,0.868421052631579,0.9354838709677419,5
0.1931464577926467,0.26016747865124024,0.8840579710144928,0.8421052631578947,0.9354838709677419,5
0.19420661331164704,0.2595735270044078,0.8985507246376812,0.868421052631579,0.9354838709677419,5
0.19106460926468716,0.25907251238822937,0.8985507246376812,0.868421052631579,0.9354838709677419,5
0.18873056286789983,0.2599440584148186,0.8985507246376812,0.868421052631579,0.9354838709677419,5
0.1863042086033271,0.25847719501757965,0.8985507246376812,0.868421052631579,0.9354838709677419,5
0.18571111616365152,0.2556325287922569,0.8985507246376812,0.868421052631579,0.9354838709677419,5
0.18577773537116027,0.2585344085658806,0.8985507246376812,0.868421052631579,0.9354838709677419,5
0.18251975652825023,0.2587627751239832,0.8985507246376812,0.868421052631579,0.9354838709677419,5
0.18223110754719654,0.25791931843412097,0.8985507246376812,0.868421052631579,0.9354838709677419,5
0.179715526000395,0.256702008454696,0.8985507246376812,0.868421052631579,0.9354838709677419,5
0.18083665029132537,0.2578984870426897,0.8985507246376812,0.868421052631579,0.9354838709677419,5
0.1783420733083481,0.25816070774327154,0.8985507246376812,0.868421052631579,0.9354838709677419,5
0.17737713523244406,0.25841184370759607,0.8985507246376812,0.868421052631579,0.9354838709677419,5
0.17764448523992235,0.2571491517018581,0.8985507246376812,0.868421052631579,0.9354838709677419,5
0.17670646994882286,0.25792015678640723,0.8985507246376812,0.868421052631579,0.9354838709677419,5
0.1747509980983267,0.2560093018455782,0.8985507246376812,0.868421052631579,0.9354838709677419,5
0.17260112164992292,0.2573726289514182,0.8985507246376812,0.868421052631579,0.9354838709677419,5
0.16910190162312175,0.25588414591291675,0.8985507246376812,0.868421052631579,0.9354838709677419,5
0.16921107953570277,0.2577582485433938,0.8985507246376812,0.868421052631579,0.9354838709677419,5
0.17151200041575076,0.25836302318434784,0.8985507246376812,0.868421052631579,0.9354838709677419,5
0.16794905916303632,0.25873491686323413,0.8985507246376812,0.868421052631579,0.9354838709677419,5
0.16693907051007328,0.25736753318620764,0.8985507246376812,0.868421052631579,0.9354838709677419,5
0.16612939477720154,0.2574225197667661,0.8985507246376812,0.868421052631579,0.9354838709677419,5
0.16606993726079497,0.2561272996059362,0.8985507246376812,0.868421052631579,0.9354838709677419,5
0.16410203223921488,0.25531604108603106,0.8985507246376812,0.868421052631579,0.9354838709677419,5
0.16359280014490063,0.25735269162965857,0.8985507246376812,0.868421052631579,0.9354838709677419,5
0.16121583820378046,0.25787236811458203,0.8985507246376812,0.868421052631579,0.9354838709677419,5
0.16143026898540028,0.2591118670028189,0.8985507246376812,0.868421052631579,0.9354838709677419,5
0.16036080627880203,0.25850795360579004,0.8985507246376812,0.868421052631579,0.9354838709677419,5
0.15918477988356097,0.2575178120447242,0.8985507246376812,0.868421052631579,0.9354838709677419,5
0.15883688109604668,0.2581159614998361,0.8985507246376812,0.868421052631579,0.9354838709677419,5
0.15829753605016222,0.25778786730075226,0.8985507246376812,0.868421052631579,0.9354838709677419,5
0.15508030941136075,0.25607639076053235,0.8985507246376812,0.868421052631579,0.9354838709677419,5
0.15771576314929162,0.25792684503223584,0.8985507246376812,0.868421052631579,0.9354838709677419,5
0.1527701921725725,0.25795487174089404,0.8985507246376812,0.868421052631579,0.9354838709677419,5
0.15168932520476938,0.258999105380929,0.8985507246376812,0.868421052631579,0.9354838709677419,5
0.15407062923362094,0.259264317975528,0.8985507246376812,0.868421052631579,0.9354838709677419,5
0.1516028456684161,0.2592823000057884,0.8985507246376812,0.868421052631579,0.9354838709677419,5
0.15122726785628152,0.2626041152339051,0.8985507246376812,0.868421052631579,0.9354838709677419,5
0.1509431279006916,0.25911829264267633,0.8985507246376812,0.868421052631579,0.9354838709677419,5
0.1486801847132838,0.2612233451311139,0.8985507246376812,0.868421052631579,0.9354838709677419,5
0.14783537949289755,0.2614643759485604,0.8985507246376812,0.868421052631579,0.9354838709677419,5
0.14756963203115298,0.2632948851239854,0.8985507246376812,0.868421052631579,0.9354838709677419,5
0.14636029493752248,0.2619248028250708,0.8985507246376812,0.868421052631579,0.9354838709677419,5
0.1476315626459664,0.263040439374205,0.8985507246376812,0.868421052631579,0.9354838709677419,5
0.1470090394006898,0.2665113888788914,0.8985507246376812,0.868421052631579,0.9354838709677419,5
0.14350924591458805,0.26636584902155225,0.8985507246376812,0.868421052631579,0.9354838709677419,5
0.14290082382882752,0.26552031653514807,0.8985507246376812,0.868421052631579,0.9354838709677419,5
0.14265023896950305,0.26750092100406037,0.8840579710144928,0.8421052631578947,0.9354838709677419,5
0.13901370784965172,0.2682807786741119,0.8840579710144928,0.8421052631578947,0.9354838709677419,5
0.1414012610441512,0.26713669429654663,0.8840579710144928,0.8421052631578947,0.9354838709677419,5
0.14047632349940462,0.2663132725418478,0.8985507246376812,0.868421052631579,0.9354838709677419,5
0.13675563749496783,0.2693132213924242,0.8840579710144928,0.8421052631578947,0.9354838709677419,5
0.1375592775160291,0.27215378267177637,0.8840579710144928,0.8421052631578947,0.9354838709677419,5
0.1391220980722569,0.2726299106210902,0.8840579710144928,0.8421052631578947,0.9354838709677419,5
0.13557589906275178,0.27192718265713123,0.8840579710144928,0.8421052631578947,0.9354838709677419,5
0.13536784130532595,0.27336303997730865,0.8840579710144928,0.8421052631578947,0.9354838709677419,5
0.13693031125465088,0.2759946269401606,0.8840579710144928,0.8421052631578947,0.9354838709677419,5
0.13602379334010595,0.2778896607350612,0.8985507246376812,0.868421052631579,0.9354838709677419,5
0.13378704666479316,0.2782002648581629,0.8840579710144928,0.8421052631578947,0.9354838709677419,5
0.13345229220804633,0.2763795502807783,0.8985507246376812,0.868421052631579,0.9354838709677419,5
0.12918882813498872,0.27721071113710816,0.8985507246376812,0.868421052631579,0.9354838709677419,5
0.12800911567975748,0.28000930210818414,0.8985507246376812,0.868421052631579,0.9354838709677419,5
0.1302824539219222,0.27798717220624286,0.8985507246376812,0.868421052631579,0.9354838709677419,5
0.1275974449482386,0.2847919805326324,0.8985507246376812,0.868421052631579,0.9354838709677419,5
0.1290271016658765,0.2877357364564702,0.8985507246376812,0.868421052631579,0.9354838709677419,5
0.12682984743449738,0.2884923297425975,0.8985507246376812,0.868421052631579,0.9354838709677419,5
0.12733851373195648,0.285821344109549,0.8985507246376812,0.868421052631579,0.9354838709677419,5
0.12663271754838845,0.28756948916808417,0.8840579710144928,0.868421052631579,0.9032258064516129,5
0.12532477280916574,0.28750252075817273,0.8840579710144928,0.868421052631579,0.9032258064516129,5
0.12416149871232574,0.28951117396354675,0.8840579710144928,0.868421052631579,0.9032258064516129,5
0.12428908316068363,0.292974884527317,0.8840579710144928,0.868421052631579,0.9032258064516129,5
0.12226483114004888,0.2934487483639648,0.8840579710144928,0.868421052631579,0.9032258064516129,5
0.12293939796198412,0.29344263672828674,0.8840579710144928,0.868421052631579,0.9032258064516129,5
0.12256342293856456,0.29797639838163403,0.8840579710144928,0.868421052631579,0.9032258064516129,5
0.12347243130677872,0.29627018216727435,0.8840579710144928,0.868421052631579,0.9032258064516129,5
0.12150820395298667,0.29509870168091595,0.8840579710144928,0.868421052631579,0.9032258064516129,5
0.12387847922754137,0.3001933149669481,0.8840579710144928,0.868421052631579,0.9032258064516129,5
0.12112476496617376,0.301861904669499,0.8840579710144928,0.868421052631579,0.9032258064516129,5
0.11767037070428402,0.3044995756252952,0.8840579710144928,0.868421052631579,0.9032258064516129,5
0.1211092224665351,0.30251181255216186,0.8840579710144928,0.868421052631579,0.9032258064516129,5
0.11821131092182832,0.3027018261128578,0.8840579710144928,0.868421052631579,0.9032258064516129,5
0.643360122569702,0.6162895629371422,0.8115942028985508,0.8947368421052632,0.7096774193548387,6
0.5535477418569649,0.5517739256223043,0.8115942028985508,0.8947368421052632,0.7096774193548387,6
0.46882028699670947,0.4985460898150568,0.8115942028985508,0.9210526315789473,0.6774193548387096,6
0.3961632930257785,0.4614396890004476,0.8115942028985508,0.9210526315789473,0.6774193548387096,6
0.34015051786254785,0.4433542256769927,0.8115942028985508,0.9210526315789473,0.6774193548387096,6
0.3042132981918143,0.4364963312079941,0.7971014492753623,0.8947368421052632,0.6774193548387096,6
0.27656828157556884,0.4355856646662173,0.782608695652174,0.8947368421052632,0.6451612903225806,6
0.2582290129466627,0.43825542235719983,0.782608695652174,0.8947368421052632,0.6451612903225806,6
0.24349591726402067,0.4359970585159633,0.8115942028985508,0.8947368421052632,0.7096774193548387,6
0.23112800998507804,0.43846154126568115,0.8115942028985508,0.8947368421052632,0.7096774193548387,6
0.22053471545003495,0.44529399837272754,0.7971014492753623,0.868421052631579,0.7096774193548387,6
0.21212316374733764,0.44768447979636816,0.7971014492753623,0.868421052631579,0.7096774193548387,6
0.2034767301015134,0.44983164814935217,0.8260869565217391,0.868421052631579,0.7741935483870968,6
0.2001154290617637,0.45747024943863135,0.8260869565217391,0.868421052631579,0.7741935483870968,6
0.19446007345082625,0.46289980584296625,0.8260869565217391,0.868421052631579,0.7741935483870968,6
0.1901263656481257,0.46607894310052844,0.8260869565217391,0.868421052631579,0.7741935483870968,6
0.18769971754565928,0.47457996313122736,0.8260869565217391,0.868421052631579,0.7741935483870968,6
0.1808022916691858,0.47950922406238056,0.7971014492753623,0.8157894736842105,0.7741935483870968,6
0.1827301488919828,0.48100337947624316,0.7971014492753623,0.8157894736842105,0.7741935483870968,6
0.17689509033781928,0.48629864747973456,0.7971014492753623,0.8157894736842105,0.7741935483870968,6
0.17958177091940394,0.4915033198785091,0.782608695652174,0.7894736842105263,0.7741935483870968,6
0.17466715296859261,0.4934625366459722,0.782608695652174,0.7894736842105263,0.7741935483870968,6
0.17543661116429096,0.49612672087075055,0.782608695652174,0.7894736842105263,0.7741935483870968,6
0.1711342155745944,0.5027543893758801,0.782608695652174,0.7894736842105263,0.7741935483870968,6
0.1717978018634724,0.5080739639807439,0.782608695652174,0.7894736842105263,0.7741935483870968,6
0.17058282790693846,0.507923292077106,0.782608695652174,0.7894736842105263,0.7741935483870968,6
0.16839478080565073,0.503510834514231,0.782608695652174,0.7894736842105263,0.7741935483870968,6
0.1675632506515245,0.5082281136858291,0.782608695652174,0.7894736842105263,0.7741935483870968,6
0.1646048754641095,0.5119659226873646,0.7681159420289855,0.7631578947368421,0.7741935483870968,6
0.1662862406774137,0.5170451022576594,0.782608695652174,0.7894736842105263,0.7741935483870968,6
0.16343792743465435,0.5238900927529819,0.782608695652174,0.7894736842105263,0.7741935483870968,6
0.16118877591951838,0.5240545946618785,0.782608695652174,0.7894736842105263,0.7741935483870968,6
0.16023458737247395,0.522692348646081,0.782608695652174,0.7894736842105263,0.7741935483870968,6
0.1599588672507484,0.5249065713606019,0.782608695652174,0.7894736842105263,0.7741935483870968,6
0.158149815861534,0.530561948168105,0.782608695652174,0.7894736842105263,0.7741935483870968,6
0.15680287544082547,0.5255693508231122,0.782608695652174,0.7894736842105263,0.7741935483870968,6
0.15560826696689772,0.5283679720284282,0.782608695652174,0.7894736842105263,0.7741935483870968,6
0.1538123349723576,0.5344388260357622,0.782608695652174,0.7894736842105263,0.7741935483870968,6
0.15239733888668083,0.5400205867877905,0.782608695652174,0.7894736842105263,0.7741935483870968,6
0.14991419907635864,0.5397011888199958,0.782608695652174,0.7894736842105263,0.7741935483870968,6
0.149363784951234,0.5462276538213094,0.782608695652174,0.7894736842105263,0.7741935483870968,6
0.14606459096730132,0.5472792317901832,0.782608695652174,0.7894736842105263,0.7741935483870968,6
0.14999915500107053,0.5528485792270605,0.782608695652174,0.7894736842105263,0.7741935483870968,6
0.14637429037558958,0.5556927815727566,0.782608695652174,0.7894736842105263,0.7741935483870968,6
0.14429574539451478,0.5609157171802245,0.782608695652174,0.7894736842105263,0.7741935483870968,6
0.1459523823651128,0.5598642653313236,0.782608695652174,0.7894736842105263,0.7741935483870968,6
0.14343419699174054,0.5635051710018213,0.782608695652174,0.7894736842105263,0.7741935483870968,6
0.14402902899485714,0.5660847701888153,0.782608695652174,0.7894736842105263,0.7741935483870968,6
0.14289046617798834,0.5732094636861829,0.782608695652174,0.7894736842105263,0.7741935483870968,6
0.1393697420193714,0.5785493211469789,0.782608695652174,0.7894736842105263,0.7741935483870968,6
0.14171636348250527,0.5797247143759243,0.782608695652174,0.7894736842105263,0.7741935483870968,6
0.13586429576828796,0.5827212126358695,0.782608695652174,0.7894736842105263,0.7741935483870968,6
0.13638757750298242,0.584951841312906,0.7681159420289855,0.7894736842105263,0.7419354838709677,6
0.13578540046916068,0.5928890117700549,0.782608695652174,0.8157894736842105,0.7419354838709677,6
0.13473136113874568,0.59780762679335,0.7681159420289855,0.7894736842105263,0.7419354838709677,6
0.13502916150123068,0.6010228378185327,0.7681159420289855,0.7894736842105263,0.7419354838709677,6
0.13675771159289768,0.5989662858023159,0.782608695652174,0.8157894736842105,0.7419354838709677,6
0.13277641800964404,0.6067128941632699,0.782608695652174,0.8157894736842105,0.7419354838709677,6
0.13101876756680086,0.6125296924425208,0.7681159420289855,0.7894736842105263,0.7419354838709677,6
0.12751886885870928,0.6236855845520461,0.7681159420289855,0.7894736842105263,0.7419354838709677,6
0.12904810286917776,0.6296967008839482,0.7681159420289855,0.7894736842105263,0.7419354838709677,6
0.12761097626303727,0.6307964394058007,0.7681159420289855,0.7894736842105263,0.7419354838709677,6
0.12828213473161063,0.6349984355594801,0.7681159420289855,0.7894736842105263,0.7419354838709677,6
0.1264178602950378,0.641679162564485,0.7681159420289855,0.7894736842105263,0.7419354838709677,6
0.12444961010097708,0.6402428910352181,0.7681159420289855,0.7894736842105263,0.7419354838709677,6
0.12448447417912993,0.6449864498083142,0.7681159420289855,0.7894736842105263,0.7419354838709677,6
0.12399171728570506,0.6511540585669918,0.7971014492753623,0.8421052631578947,0.7419354838709677,6
0.12174246328994164,0.6540081984754922,0.7681159420289855,0.7894736842105263,0.7419354838709677,6
0.12321052751826041,0.655945442724919,0.7971014492753623,0.8421052631578947,0.7419354838709677,6
0.12276075527353107,0.6621158779531285,0.7971014492753623,0.8421052631578947,0.7419354838709677,6
0.11954762088427753,0.6668391780576844,0.7971014492753623,0.8421052631578947,0.7419354838709677,6
0.12095087096563675,0.6734495059303616,0.782608695652174,0.8157894736842105,0.7419354838709677,6
0.11561827464673505,0.6814705530802408,0.7971014492753623,0.8421052631578947,0.7419354838709677,6
0.11855903909828677,0.6841848103896432,0.7971014492753623,0.8421052631578947,0.7419354838709677,6
0.1191812774763917,0.6885523415993953,0.782608695652174,0.8157894736842105,0.7419354838709677,6
0.11793700104239602,0.699914082236912,0.7971014492753623,0.8421052631578947,0.7419354838709677,6
0.1179474468032519,0.7079309484233027,0.8115942028985508,0.868421052631579,0.7419354838709677,6
0.11698818412966698,0.7063067685002866,0.7971014492753623,0.8421052631578947,0.7419354838709677,6
0.11402400859496878,0.7108714407768802,0.7971014492753623,0.8421052631578947,0.7419354838709677,6
0.11503192313812063,0.7161593990049501,0.7971014492753623,0.8421052631578947,0.7419354838709677,6
0.11215321916454243,0.7226167001586029,0.7971014492753623,0.8421052631578947,0.7419354838709677,6
0.11186221841746156,0.7310411584550056,0.7971014492753623,0.8421052631578947,0.7419354838709677,6
0.1097056232158493,0.7312882568525232,0.7971014492753623,0.8421052631578947,0.7419354838709677,6
0.11092393231466881,0.7338347331337307,0.7971014492753623,0.8421052631578947,0.7419354838709677,6
0.10954840373505587,0.7320678579634514,0.7971014492753623,0.8421052631578947,0.7419354838709677,6
0.10831728680703626,0.7412509918212891,0.7971014492753623,0.8421052631578947,0.7419354838709677,6
0.10655942315575462,0.7470528457475745,0.782608695652174,0.8421052631578947,0.7096774193548387,6
0.10800573628091212,0.7569251095039257,0.7971014492753623,0.868421052631579,0.7096774193548387,6
0.10880516157866274,0.7691195909527765,0.782608695652174,0.8421052631578947,0.7096774193548387,6
0.10521325904805705,0.7690118153889974,0.7971014492753623,0.8421052631578947,0.7419354838709677,6
0.10589203055737154,0.7685741514399431,0.8115942028985508,0.868421052631579,0.7419354838709677,6
0.10394722073333068,0.7755961245384769,0.782608695652174,0.8421052631578947,0.7096774193548387,6
0.10444170639574903,0.7851842624553735,0.7971014492753623,0.868421052631579,0.7096774193548387,6
0.10758310144052566,0.7886481699736222,0.7971014492753623,0.868421052631579,0.7096774193548387,6
0.106806532766834,0.7913613250290138,0.7971014492753623,0.868421052631579,0.7096774193548387,6
0.10465740785002708,0.7914176125457322,0.7971014492753623,0.868421052631579,0.7096774193548387,6
0.10374597921592635,0.8000973687655684,0.7971014492753623,0.868421052631579,0.7096774193548387,6
0.10200311712124063,0.8075770537058512,0.782608695652174,0.8421052631578947,0.7096774193548387,6
0.10394519112957348,0.817219589067542,0.782608695652174,0.8421052631578947,0.7096774193548387,6
0.10209981797251312,0.8162131171295608,0.7971014492753623,0.868421052631579,0.7096774193548387,6
0.6559794460561373,0.6084713996320531,0.8405797101449275,0.7894736842105263,0.9032258064516129,7
0.5686761988826354,0.5294825184172478,0.8260869565217391,0.7631578947368421,0.9032258064516129,7
0.48894307628414985,0.4573730031649272,0.8405797101449275,0.7631578947368421,0.9354838709677419,7
0.4162432223276385,0.4020298589830813,0.8405797101449275,0.7631578947368421,0.9354838709677419,7
0.36301035760705025,0.36431058722993603,0.8260869565217391,0.7368421052631579,0.9354838709677419,7
0.32297185796668476,0.3409842408221701,0.8115942028985508,0.7368421052631579,0.9032258064516129,7
0.2963851196720773,0.3260181878787884,0.8115942028985508,0.7368421052631579,0.9032258064516129,7
0.27630532803219576,0.3261798568393873,0.8115942028985508,0.7368421052631579,0.9032258064516129,7
0.25791827464705386,0.3339736509150353,0.7971014492753623,0.7105263157894737,0.9032258064516129,7
0.24699951393371125,0.338851824618768,0.7971014492753623,0.7105263157894737,0.9032258064516129,7
0.23423155568751627,0.3502024006152499,0.8115942028985508,0.7105263157894737,0.9354838709677419,7
0.2240149846964454,0.3589448056359222,0.8260869565217391,0.7368421052631579,0.9354838709677419,7
0.21538866722621378,0.3710885056550952,0.8260869565217391,0.7368421052631579,0.9354838709677419,7
0.20855780091571507,0.3825187467146611,0.8405797101449275,0.7631578947368421,0.9354838709677419,7
0.20519012363175113,0.3867249834364739,0.8405797101449275,0.7631578947368421,0.9354838709677419,7
0.20175803459781202,0.39755538494690607,0.8405797101449275,0.7631578947368421,0.9354838709677419,7
0.19809692289550973,0.40118034248766693,0.8405797101449275,0.7631578947368421,0.9354838709677419,7
0.19639241375757693,0.41017590743907983,0.8405797101449275,0.7631578947368421,0.9354838709677419,7
0.1927135503066451,0.4147174773008927,0.8405797101449275,0.7631578947368421,0.9354838709677419,7
0.19209117660951164,0.4183057840319647,0.8405797101449275,0.7631578947368421,0.9354838709677419,7
0.1890138404602508,0.4193728497062904,0.8405797101449275,0.7631578947368421,0.9354838709677419,7
0.18797302241393068,0.4254144723864569,0.8405797101449275,0.7631578947368421,0.9354838709677419,7
0.1854035631527284,0.4198389459347379,0.8405797101449275,0.7631578947368421,0.9354838709677419,7
0.18477157190771132,0.4277209432228752,0.8405797101449275,0.7631578947368421,0.9354838709677419,7
0.18449347619002548,0.427418343398882,0.8405797101449275,0.7631578947368421,0.9354838709677419,7
0.18243101361422132,0.42659298146980396,0.8405797101449275,0.7631578947368421,0.9354838709677419,7
0.18058339095078055,0.4278942605723505,0.855072463768116,0.7631578947368421,0.967741935483871,7
0.17960572111117726,0.4241168827250384,0.8405797101449275,0.7631578947368421,0.9354838709677419,7
0.1787508304938909,0.42686284884162573,0.855072463768116,0.7631578947368421,0.967741935483871,7
0.176180779792909,0.4325119930764903,0.855072463768116,0.7631578947368421,0.967741935483871,7
0.17559600689621754,0.43487446118092193,0.855072463768116,0.7631578947368421,0.967741935483871,7
0.1746177202801599,0.43326254253802093,0.855072463768116,0.7631578947368421,0.967741935483871,7
0.17264372740258177,0.4291651827701624,0.855072463768116,0.7631578947368421,0.967741935483871,7
0.17376653831275857,0.4285396708958391,0.855072463768116,0.7631578947368421,0.967741935483871,7
0.17194285048671326,0.4290076641068942,0.855072463768116,0.7631578947368421,0.967741935483871,7
0.1718467834526056,0.42052763354951056,0.855072463768116,0.7631578947368421,0.967741935483871,7
0.16714808876018042,0.42464031430258264,0.855072463768116,0.7631578947368421,0.967741935483871,7
0.16766218789368398,0.4278331537177597,0.855072463768116,0.7631578947368421,0.967741935483871,7
0.1662991327066151,0.4290079837260039,0.855072463768116,0.7631578947368421,0.967741935483871,7
0.16359242768693796,0.4277588180873705,0.855072463768116,0.7631578947368421,0.967741935483871,7
0.16344549795994623,0.43368748737418134,0.855072463768116,0.7631578947368421,0.967741935483871,7
0.16082527998494048,0.4280250573503798,0.855072463768116,0.7631578947368421,0.967741935483871,7
0.16097237508191672,0.43036441785701807,0.855072463768116,0.7631578947368421,0.967741935483871,7
0.16186653519466473,0.43013530192167865,0.855072463768116,0.7631578947368421,0.967741935483871,7
0.16051814679279688,0.428306570087654,0.855072463768116,0.7631578947368421,0.967741935483871,7
0.15844009529904987,0.4359331286471823,0.855072463768116,0.7631578947368421,0.967741935483871,7
0.1556290066580667,0.4285599822583406,0.855072463768116,0.7631578947368421,0.967741935483871,7
0.15794647966837658,0.434698154097018,0.855072463768116,0.7631578947368421,0.967741935483871,7
0.1575470562048891,0.4280650736629099,0.855072463768116,0.7631578947368421,0.967741935483871,7
0.1531364995316376,0.43019230383029883,0.855072463768116,0.7631578947368421,0.967741935483871,7
0.15445166158751358,0.4278192727462105,0.855072463768116,0.7631578947368421,0.967741935483871,7
0.15198297582402215,0.43440706747165625,0.855072463768116,0.7631578947368421,0.967741935483871,7
0.1504331277653998,0.4380581033402595,0.855072463768116,0.7631578947368421,0.967741935483871,7
0.15045616218720326,0.4375144666519718,0.855072463768116,0.7631578947368421,0.967741935483871,7
0.1509102253883795,0.42983567801074707,0.855072463768116,0.7631578947368421,0.967741935483871,7
0.15040647207938534,0.4301565056261809,0.855072463768116,0.7631578947368421,0.967741935483871,7
0.14980497307581855,0.4351205134737319,0.855072463768116,0.7631578947368421,0.967741935483871,7
0.14899854817977087,0.44156484241070953,0.855072463768116,0.7631578947368421,0.967741935483871,7
0.1456877799346244,0.4415249859077343,0.855072463768116,0.7631578947368421,0.967741935483871,7
0.14369761088293057,0.43383796837018884,0.855072463768116,0.7631578947368421,0.967741935483871,7
0.14442429108668578,0.43642076979512756,0.855072463768116,0.7631578947368421,0.967741935483871,7
0.14409649221679013,0.44123629297035327,0.855072463768116,0.7631578947368421,0.967741935483871,7
0.13869850556087043,0.44037916522095166,0.855072463768116,0.7631578947368421,0.967741935483871,7
0.14460086103305456,0.4469480782315351,0.855072463768116,0.7631578947368421,0.967741935483871,7
0.14151800771711,0.4426604708035787,0.855072463768116,0.7631578947368421,0.967741935483871,7
0.13955116215564475,0.4472259015276812,0.855072463768116,0.7631578947368421,0.967741935483871,7
0.139931903981636,0.44546301209408307,0.855072463768116,0.7631578947368421,0.967741935483871,7
0.13687679977729117,0.45051519248796545,0.855072463768116,0.7631578947368421,0.967741935483871,7
0.13655079402946146,0.4558176061381464,0.855072463768116,0.7631578947368421,0.967741935483871,7
0.1349695971946611,0.4584975026655888,0.855072463768116,0.7631578947368421,0.967741935483871,7
0.13428178934926865,0.4532005372254745,0.855072463768116,0.7631578947368421,0.967741935483871,7
0.13371292978807203,0.451577541620835,0.855072463768116,0.7631578947368421,0.967741935483871,7
0.1301421810305833,0.4493361927460933,0.855072463768116,0.7631578947368421,0.967741935483871,7
0.13227297518437592,0.455705185731252,0.855072463768116,0.7631578947368421,0.967741935483871,7
0.13616568592820633,0.46214534752610803,0.855072463768116,0.7631578947368421,0.967741935483871,7
0.13056088538623006,0.46346501509348553,0.855072463768116,0.7631578947368421,0.967741935483871,7
0.1305295428737105,0.4636345764865046,0.855072463768116,0.7631578947368421,0.967741935483871,7
0.13121810628318636,0.46878509936125384,0.855072463768116,0.7631578947368421,0.967741935483871,7
0.12858891280291584,0.4585324715876925,0.855072463768116,0.7631578947368421,0.967741935483871,7
0.13279727037866784,0.46395515790884045,0.855072463768116,0.7631578947368421,0.967741935483871,7
0.12735772612343074,0.4693118826202724,0.855072463768116,0.7631578947368421,0.967741935483871,7
0.12166305925191764,0.4737497879111249,0.855072463768116,0.7631578947368421,0.967741935483871,7
0.12664712533025713,0.4791628485140593,0.855072463768116,0.7631578947368421,0.967741935483871,7
0.12461155206435111,0.4723542168520499,0.855072463768116,0.7631578947368421,0.967741935483871,7
0.12542371665735727,0.46438835842021997,0.855072463768116,0.7631578947368421,0.967741935483871,7
0.12502451161104797,0.47090380347293354,0.855072463768116,0.7631578947368421,0.967741935483871,7
0.11981288280208781,0.478195922098298,0.855072463768116,0.7631578947368421,0.967741935483871,7
0.12186728187539976,0.4780155308004739,0.855072463768116,0.7631578947368421,0.967741935483871,7
0.11770578024891273,0.47633819562801416,0.855072463768116,0.7631578947368421,0.967741935483871,7
0.1168677052864893,0.4819053748379583,0.855072463768116,0.7631578947368421,0.967741935483871,7
0.1182232334833792,0.48358333974644757,0.855072463768116,0.7631578947368421,0.967741935483871,7
0.1164701986670118,0.4899211422256801,0.855072463768116,0.7631578947368421,0.967741935483871,7
0.11714688824836388,0.49903529536896857,0.855072463768116,0.7631578947368421,0.967741935483871,7
0.11536250787578546,0.4935473298680955,0.855072463768116,0.7631578947368421,0.967741935483871,7
0.12105851916578667,0.499544564364613,0.855072463768116,0.7631578947368421,0.967741935483871,7
0.11474772206616327,0.4932702175085095,0.855072463768116,0.7631578947368421,0.967741935483871,7
0.11414260964852402,0.4897111654281616,0.855072463768116,0.7631578947368421,0.967741935483871,7
0.11623132148939729,0.49502831351929816,0.855072463768116,0.7631578947368421,0.967741935483871,7
0.11231760412736647,0.5069371505060057,0.855072463768116,0.7631578947368421,0.967741935483871,7
0.11568545009529553,0.5196193119753962,0.855072463768116,0.7631578947368421,0.967741935483871,7
0.6520153718748376,0.6210039689920951,0.7681159420289855,0.7894736842105263,0.7419354838709677,8
0.5659577708475653,0.5595171252886454,0.7536231884057971,0.7631578947368421,0.7419354838709677,8
0.4836067883341525,0.5035544711610546,0.7536231884057971,0.7631578947368421,0.7419354838709677,8
0.4112817757939322,0.460253712059795,0.7681159420289855,0.7631578947368421,0.7741935483870968,8
0.35064326732744444,0.4322317635667497,0.782608695652174,0.7631578947368421,0.8064516129032258,8
0.3076203256519001,0.4159151134283646,0.7971014492753623,0.7631578947368421,0.8387096774193549,8
0.27986980538599554,0.4079416623150093,0.8115942028985508,0.7894736842105263,0.8387096774193549,8
0.25768830262252795,0.40578276523645374,0.7971014492753623,0.7631578947368421,0.8387096774193549,8
0.23922115424429308,0.41187006213526794,0.7971014492753623,0.7631578947368421,0.8387096774193549,8
0.22365119202129533,0.41752763394860254,0.8115942028985508,0.7894736842105263,0.8387096774193549,8
0.21407717163200857,0.4243111387974974,0.8115942028985508,0.7631578947368421,0.8709677419354839,8
0.2032734493787673,0.42441795226456464,0.8115942028985508,0.7631578947368421,0.8709677419354839,8
0.1949105977965446,0.43254093221132306,0.8260869565217391,0.7894736842105263,0.8709677419354839,8
0.18809947774910218,0.4387229033138441,0.8260869565217391,0.7894736842105263,0.8709677419354839,8
0.18478971146082093,0.4460243589204291,0.8405797101449275,0.7894736842105263,0.9032258064516129,8
0.17940284589273456,0.4533613615709802,0.8405797101449275,0.7894736842105263,0.9032258064516129,8
0.17731719315984812,0.4586371099171431,0.8405797101449275,0.7894736842105263,0.9032258064516129,8
0.17460524145053213,0.46427405042492825,0.8405797101449275,0.7894736842105263,0.9032258064516129,8
0.17179139280263248,0.4696797791166582,0.8405797101449275,0.7894736842105263,0.9032258064516129,8
0.17037316688069715,0.4772239208653353,0.8405797101449275,0.7894736842105263,0.9032258064516129,8
0.1698175053547992,0.47967388999202976,0.8405797101449275,0.7894736842105263,0.9032258064516129,8
0.1663828798349661,0.4800165891647339,0.8405797101449275,0.7894736842105263,0.9032258064516129,8
0.16603627544426955,0.48615337649117346,0.8405797101449275,0.7894736842105263,0.9032258064516129,8
0.16507862979350887,0.4913472843126974,0.8405797101449275,0.7894736842105263,0.9032258064516129,8
0.1653927059753773,0.4922346413351487,0.8405797101449275,0.7894736842105263,0.9032258064516129,8
0.1657456701303685,0.49313448034766794,0.8405797101449275,0.7894736842105263,0.9032258064516129,8
0.16516741126169435,0.49558451458595804,0.8405797101449275,0.7894736842105263,0.9032258064516129,8
0.1640050924020194,0.49765406613764557,0.8405797101449275,0.7894736842105263,0.9032258064516129,8
0.16195846546050716,0.4971797362617824,0.8405797101449275,0.7894736842105263,0.9032258064516129,8
0.16169843963800648,0.4985946307795635,0.8405797101449275,0.7894736842105263,0.9032258064516129,8
0.16172317029538102,0.49894069091997284,0.8405797101449275,0.7894736842105263,0.9032258064516129,8
0.15885787690422717,0.49793281751698343,0.8405797101449275,0.7894736842105263,0.9032258064516129,8
0.1586884253648152,0.5022602757250053,0.8405797101449275,0.7894736842105263,0.9032258064516129,8
0.1552565337999699,0.5055620551541231,0.8405797101449275,0.7894736842105263,0.9032258064516129,8
0.1567285612621964,0.5036207903986392,0.8405797101449275,0.7894736842105263,0.9032258064516129,8
0.15892328338257397,0.5068995502331982,0.8405797101449275,0.7894736842105263,0.9032258064516129,8
0.15749706333745067,0.5076868579439495,0.8405797101449275,0.7894736842105263,0.9032258064516129,8
0.15559689912810945,0.5103283050483551,0.8405797101449275,0.7894736842105263,0.9032258064516129,8
0.1565406441525301,0.5084628539456837,0.8405797101449275,0.7894736842105263,0.9032258064516129,8
0.15462862829647153,0.5088956076381863,0.8405797101449275,0.7894736842105263,0.9032258064516129,8
0.15488033700903445,0.5085171823916228,0.8405797101449275,0.7894736842105263,0.9032258064516129,8
0.15278328234600907,0.5111213180681934,0.8405797101449275,0.7894736842105263,0.9032258064516129,8
0.1507826378694349,0.5128462680655977,0.8405797101449275,0.7894736842105263,0.9032258064516129,8
0.15274707641866472,0.5166177417057148,0.8405797101449275,0.7894736842105263,0.9032258064516129,8
0.14963257268467606,0.5180715269584587,0.8405797101449275,0.7894736842105263,0.9032258064516129,8
0.14980587678056367,0.517498383919398,0.8405797101449275,0.7894736842105263,0.9032258064516129,8
0.14999601760287426,0.5170586879054705,0.8405797101449275,0.7894736842105263,0.9032258064516129,8
0.146729503625622,0.5209034140343252,0.8405797101449275,0.7894736842105263,0.9032258064516129,8
0.14994019994013746,0.5175627554240434,0.8405797101449275,0.7894736842105263,0.9032258064516129,8
0.14578530523512098,0.5177708034930022,0.8405797101449275,0.7894736842105263,0.9032258064516129,8
0.1473999647234154,0.5227007104650788,0.8405797101449275,0.7894736842105263,0.9032258064516129,8
0.14643609611221323,0.5241244166441585,0.8405797101449275,0.7894736842105263,0.9032258064516129,8
0.14504953635876913,0.5264925025943397,0.8405797101449275,0.7894736842105263,0.9032258064516129,8
0.14469465893199188,0.5310209880488507,0.8405797101449275,0.7894736842105263,0.9032258064516129,8
0.14406130564324732,0.5284257681257483,0.8405797101449275,0.7894736842105263,0.9032258064516129,8
0.1416598905070287,0.5282268204550812,0.8405797101449275,0.7894736842105263,0.9032258064516129,8
0.14268810689122838,0.5290839726078338,0.8405797101449275,0.7894736842105263,0.9032258064516129,8
0.14067258227599058,0.5330341865403064,0.8405797101449275,0.7894736842105263,0.9032258064516129,8
0.1393012092426909,0.5349582036336263,0.8405797101449275,0.7894736842105263,0.9032258064516129,8
0.14197799636864325,0.5337530312978703,0.8405797101449275,0.7894736842105263,0.9032258064516129,8
0.13693552910815196,0.5421006680614706,0.8405797101449275,0.7894736842105263,0.9032258064516129,8
0.14006360891932426,0.5420101787085119,0.8405797101449275,0.7894736842105263,0.9032258064516129,8
0.13629792374157942,0.5411647519339686,0.8405797101449275,0.7894736842105263,0.9032258064516129,8
0.1370020183459134,0.5411879517461943,0.8405797101449275,0.7894736842105263,0.9032258064516129,8
0.13671609635737395,0.5393917225841163,0.8405797101449275,0.7894736842105263,0.9032258064516129,8
0.13533137554480623,0.5429301227348439,0.8405797101449275,0.7894736842105263,0.9032258064516129,8
0.13717994194168814,0.5424087640383969,0.8405797101449275,0.7894736842105263,0.9032258064516129,8
0.1346794385608746,0.5476279499522154,0.8405797101449275,0.7894736842105263,0.9032258064516129,8
0.13548106227962065,0.5471171541274458,0.8405797101449275,0.7894736842105263,0.9032258064516129,8
0.13087570368777232,0.5460059542370879,0.8405797101449275,0.7894736842105263,0.9032258064516129,8
0.13167534456100075,0.5476039493645447,0.8405797101449275,0.7894736842105263,0.9032258064516129,8
0.13213213319789635,0.5498273194484089,0.8405797101449275,0.7894736842105263,0.9032258064516129,8
0.12823874110440506,0.5518950719548308,0.8405797101449275,0.7894736842105263,0.9032258064516129,8
0.12870389165965979,0.5520959450066953,0.8405797101449275,0.7894736842105263,0.9032258064516129,8
0.13103222860976563,0.549711440352426,0.8405797101449275,0.7894736842105263,0.9032258064516129,8
0.12923949046267402,0.5571803914895956,0.8405797101449275,0.7894736842105263,0.9032258064516129,8
0.12666061194103462,0.5593600267733353,0.8405797101449275,0.7894736842105263,0.9032258064516129,8
0.12574370860680356,0.564624913468741,0.8405797101449275,0.7894736842105263,0.9032258064516129,8
0.1256415442285217,0.5636731552473013,0.8405797101449275,0.7894736842105263,0.9032258064516129,8
0.12310958253758987,0.5679251416653827,0.8405797101449275,0.7894736842105263,0.9032258064516129,8
0.12306941714551714,0.5721396694796673,0.8405797101449275,0.7894736842105263,0.9032258064516129,8
0.12065350368082617,0.5777520151889842,0.8405797101449275,0.7894736842105263,0.9032258064516129,8
0.1215958447896632,0.5822442055180452,0.8405797101449275,0.7894736842105263,0.9032258064516129,8
0.11953042706413448,0.5770429570929728,0.8260869565217391,0.7894736842105263,0.8709677419354839,8
0.12188345683572438,0.576004198603872,0.8260869565217391,0.7894736842105263,0.8709677419354839,8
0.12052768963813222,0.580772078771522,0.8405797101449275,0.7894736842105263,0.9032258064516129,8
0.11601040702377313,0.5800441879293193,0.8405797101449275,0.7894736842105263,0.9032258064516129,8
0.11880405783559982,0.5792451372937016,0.8405797101449275,0.7894736842105263,0.9032258064516129,8
0.1190887245936946,0.5837051792313224,0.8405797101449275,0.7894736842105263,0.9032258064516129,8
0.11691265367262986,0.587747114022141,0.8260869565217391,0.7894736842105263,0.8709677419354839,8
0.11667386294344034,0.5958001181699227,0.8260869565217391,0.7894736842105263,0.8709677419354839,8
0.11375616080417693,0.5945055070670618,0.8260869565217391,0.7894736842105263,0.8709677419354839,8
0.11451366702342444,0.5976324357848236,0.8260869565217391,0.7894736842105263,0.8709677419354839,8
0.11153752125904594,0.5998122851377812,0.8260869565217391,0.7894736842105263,0.8709677419354839,8
0.11021315485985253,0.5987616731528786,0.8260869565217391,0.7894736842105263,0.8709677419354839,8
0.1123249372919214,0.6013135294011538,0.8260869565217391,0.7894736842105263,0.8709677419354839,8
0.1129166723953353,0.6071771240752676,0.8260869565217391,0.7894736842105263,0.8709677419354839,8
0.1140173141012356,0.616956993235626,0.8115942028985508,0.7631578947368421,0.8709677419354839,8
0.11289360420851267,0.6118451345549978,0.8260869565217391,0.7894736842105263,0.8709677419354839,8
0.11044342033506746,0.6161403914616592,0.8260869565217391,0.7894736842105263,0.8709677419354839,8
0.6521695501996443,0.6112073262532552,0.8115942028985508,0.7631578947368421,0.8709677419354839,9
0.5708616670650705,0.5343316724334938,0.8260869565217391,0.7894736842105263,0.8709677419354839,9
0.4876833405069077,0.4647383875604989,0.8260869565217391,0.7894736842105263,0.8709677419354839,9
0.41199938508006634,0.4097430019275002,0.8405797101449275,0.8157894736842105,0.8709677419354839,9
0.35579836067241893,0.3749304098495539,0.8405797101449275,0.8157894736842105,0.8709677419354839,9
0.31329952371063957,0.35229110177876294,0.8840579710144928,0.868421052631579,0.9032258064516129,9
0.2869654332197861,0.3369051587322484,0.8840579710144928,0.868421052631579,0.9032258064516129,9
0.2659860980736701,0.3224625334791515,0.8985507246376812,0.868421052631579,0.9354838709677419,9
0.25066546481367535,0.31073435341966327,0.927536231884058,0.8947368421052632,0.967741935483871,9
0.23863842734981675,0.29872685346914374,0.927536231884058,0.8947368421052632,0.967741935483871,9
0.2310499620004476,0.28666932535344275,0.9420289855072463,0.9210526315789473,0.967741935483871,9
0.22062257859755843,0.2745727082525474,0.9420289855072463,0.9210526315789473,0.967741935483871,9
0.21415074501557374,0.26444760979949566,0.927536231884058,0.8947368421052632,0.967741935483871,9
0.20805030446764416,0.2549062075390332,0.927536231884058,0.8947368421052632,0.967741935483871,9
0.20268659037059705,0.2469125418127447,0.927536231884058,0.8947368421052632,0.967741935483871,9
0.20048832177739195,0.24062082560166068,0.927536231884058,0.8947368421052632,0.967741935483871,9
0.19576650088149788,0.2349062611659368,0.927536231884058,0.8947368421052632,0.967741935483871,9
0.1947848257766139,0.23139398750187695,0.927536231884058,0.8947368421052632,0.967741935483871,9
0.19195121806850554,0.22535701808722122,0.9130434782608695,0.868421052631579,0.967741935483871,9
0.19223344180067944,0.22341369956299878,0.9130434782608695,0.868421052631579,0.967741935483871,9
0.18712295085709618,0.22063645418139471,0.9130434782608695,0.868421052631579,0.967741935483871,9
0.18671226991108056,0.21975488572017007,0.9130434782608695,0.868421052631579,0.967741935483871,9
0.18672957952836114,0.21884087635123212,0.9130434782608695,0.868421052631579,0.967741935483871,9
0.18644885933041383,0.2165718203869419,0.9130434782608695,0.868421052631579,0.967741935483871,9
0.18408447311011158,0.2130605487719826,0.927536231884058,0.8947368421052632,0.967741935483871,9
0.18274970964703702,0.2118435180273609,0.927536231884058,0.8947368421052632,0.967741935483871,9
0.18229182196360252,0.21062717964683753,0.927536231884058,0.8947368421052632,0.967741935483871,9
0.17992503281924022,0.2104464734809986,0.927536231884058,0.8947368421052632,0.967741935483871,9
0.1785942682346085,0.21060824912527334,0.927536231884058,0.8947368421052632,0.967741935483871,9
0.18036882329796916,0.20827008913392606,0.927536231884058,0.8947368421052632,0.967741935483871,9
0.17766008475474648,0.20733899482782336,0.927536231884058,0.8947368421052632,0.967741935483871,9
0.17648072020514127,0.20842739982881409,0.927536231884058,0.8947368421052632,0.967741935483871,9
0.17869958269746758,0.20732912809952445,0.927536231884058,0.8947368421052632,0.967741935483871,9
0.17481780949079595,0.20660287616909415,0.927536231884058,0.8947368421052632,0.967741935483871,9
0.17490410531678283,0.20552948786728625,0.927536231884058,0.8947368421052632,0.967741935483871,9
0.17283487943770573,0.20615472633769547,0.927536231884058,0.8947368421052632,0.967741935483871,9
0.17341544939349235,0.20542003624681113,0.927536231884058,0.8947368421052632,0.967741935483871,9
0.17105230230008256,0.20380574011284372,0.927536231884058,0.8947368421052632,0.967741935483871,9
0.16915658829618968,0.20350030950014142,0.927536231884058,0.8947368421052632,0.967741935483871,9
0.16868703900637785,0.2046548065499983,0.927536231884058,0.8947368421052632,0.967741935483871,9
0.17001725069436982,0.20453265806039175,0.927536231884058,0.8947368421052632,0.967741935483871,9
0.16629158753731052,0.20315689258817313,0.927536231884058,0.8947368421052632,0.967741935483871,9
0.16489092372416697,0.20207957275535748,0.927536231884058,0.8947368421052632,0.967741935483871,9
0.1688030966414848,0.20125716989455017,0.927536231884058,0.8947368421052632,0.967741935483871,9
0.16389879586666492,0.20027743603872217,0.927536231884058,0.8947368421052632,0.967741935483871,9
0.16330352164275275,0.20135856603366742,0.927536231884058,0.8947368421052632,0.967741935483871,9
0.16097930518654285,0.20166731204675592,0.927536231884058,0.8947368421052632,0.967741935483871,9
0.16288241063719866,0.20106907728789508,0.927536231884058,0.8947368421052632,0.967741935483871,9
0.1626645548601663,0.2001615559709245,0.927536231884058,0.8947368421052632,0.967741935483871,9
0.1589564250496703,0.19936880858048148,0.927536231884058,0.8947368421052632,0.967741935483871,9
0.15915201328941997,0.19929267574047696,0.927536231884058,0.8947368421052632,0.967741935483871,9
0.15951492525578298,0.20070008393647015,0.927536231884058,0.8947368421052632,0.967741935483871,9
0.1578940449261929,0.20049033044041067,0.927536231884058,0.8947368421052632,0.967741935483871,9
0.1570097661649258,0.20092042351978412,0.927536231884058,0.8947368421052632,0.967741935483871,9
0.1566233650250081,0.2003282161726468,0.927536231884058,0.8947368421052632,0.967741935483871,9
0.15602912233574506,0.19912833904010663,0.9420289855072463,0.9210526315789473,0.967741935483871,9
0.1537062623207038,0.19893570330695828,0.927536231884058,0.8947368421052632,0.967741935483871,9
0.1507186934610867,0.1984015184900035,0.9420289855072463,0.9210526315789473,0.967741935483871,9
0.1547488424261976,0.20064999119959015,0.9420289855072463,0.9210526315789473,0.967741935483871,9
0.15329063939163093,0.19892498958801877,0.927536231884058,0.8947368421052632,0.967741935483871,9
0.1508995827528726,0.19715205612389938,0.9420289855072463,0.9210526315789473,0.967741935483871,9
0.14727715361645624,0.19682758636232736,0.9420289855072463,0.9210526315789473,0.967741935483871,9
0.1504405759992946,0.19795076052347818,0.9420289855072463,0.9210526315789473,0.967741935483871,9
0.1435908925547419,0.19805024499478546,0.9420289855072463,0.9210526315789473,0.967741935483871,9
0.1450506013951972,0.1981104847745619,0.9420289855072463,0.9210526315789473,0.967741935483871,9
0.14740175969227795,0.1969132110260535,0.9420289855072463,0.9210526315789473,0.967741935483871,9
0.14764526206264375,0.196023842346841,0.9420289855072463,0.9210526315789473,0.967741935483871,9
0.1448068445516047,0.19495237975016885,0.9420289855072463,0.9210526315789473,0.967741935483871,9
0.14304688704710625,0.19503073329510895,0.9420289855072463,0.9210526315789473,0.967741935483871,9
0.1438735796941965,0.19588538442832837,0.9565217391304348,0.9473684210526315,0.967741935483871,9
0.14431653333030417,0.19524981103081634,0.9565217391304348,0.9473684210526315,0.967741935483871,9
0.14523057721990734,0.19494099612685217,0.9565217391304348,0.9473684210526315,0.967741935483871,9
0.14217868798057803,0.19469253891620084,0.9565217391304348,0.9473684210526315,0.967741935483871,9
0.14078832764949467,0.19318031120127527,0.9565217391304348,0.9473684210526315,0.967741935483871,9
0.1389506973361517,0.191806523696236,0.9565217391304348,0.9473684210526315,0.967741935483871,9
0.1375325188676328,0.1910746155873589,0.9565217391304348,0.9473684210526315,0.967741935483871,9
0.14176251227256811,0.18911345000716223,0.9565217391304348,0.9473684210526315,0.967741935483871,9
0.13643511844943107,0.1905588874782341,0.9565217391304348,0.9473684210526315,0.967741935483871,9
0.135481128030667,0.19036406969678574,0.9565217391304348,0.9473684210526315,0.967741935483871,9
0.13807785214406054,0.18958554276521655,0.9565217391304348,0.9473684210526315,0.967741935483871,9
0.13482701773703756,0.18949638501457547,0.9565217391304348,0.9473684210526315,0.967741935483871,9
0.13194459601412828,0.1878142657055371,0.9565217391304348,0.9473684210526315,0.967741935483871,9
0.13536800364088297,0.18580712010894995,0.9565217391304348,0.9473684210526315,0.967741935483871,9
0.13102867338941748,0.1864264635504156,0.9565217391304348,0.9473684210526315,0.967741935483871,9
0.13252421256631472,0.1861748999875525,0.9565217391304348,0.9473684210526315,0.967741935483871,9
0.13235912170690758,0.184368458563003,0.9565217391304348,0.9473684210526315,0.967741935483871,9
0.1261381232437176,0.18244329677975696,0.9565217391304348,0.9473684210526315,0.967741935483871,9
0.12925651024491489,0.18211819566246393,0.9565217391304348,0.9473684210526315,0.967741935483871,9
0.1326092782637802,0.1802985791278922,0.9565217391304348,0.9473684210526315,0.967741935483871,9
0.13086945348158832,0.1791544132258581,0.9565217391304348,0.9473684210526315,0.967741935483871,9
0.13170160153089164,0.17861396009507385,0.9565217391304348,0.9473684210526315,0.967741935483871,9
0.1318159454147586,0.1800778405605883,0.9565217391304348,0.9473684210526315,0.967741935483871,9
0.12628939043948248,0.17942559719085693,0.9710144927536232,0.9736842105263158,0.967741935483871,9
0.12754557774906852,0.17920436969269876,0.9710144927536232,0.9736842105263158,0.967741935483871,9
0.12592226481079866,0.17912770624178043,0.9710144927536232,0.9736842105263158,0.967741935483871,9
0.12411617279335221,0.17956587380689124,0.9710144927536232,0.9736842105263158,0.967741935483871,9
0.12342757254980187,0.17877554817908053,0.9710144927536232,0.9736842105263158,0.967741935483871,9
0.12479694421280993,0.17849856820227444,0.9710144927536232,0.9736842105263158,0.967741935483871,9
0.1251842940541052,0.1772662297539089,0.9710144927536232,0.9736842105263158,0.967741935483871,9
0.12336361003336371,0.1770043115037075,0.9710144927536232,0.9736842105263158,0.967741935483871,9
