LIMIT_BAL,AGE,BILL_AMT1,BILL_AMT2,BILL_AMT3,BILL_AMT4,BILL_AMT5,BILL_AMT6,PAY_AMT1,PAY_AMT2,PAY_AMT3,PAY_AMT4,PAY_AMT5,PAY_AMT6,avg_bill_amt,max_bill_amt,std_bill_amt,avg_pay_amt,max_pay_amt,std_pay_amt,avg_pay_delay,max_pay_delay,num_delayed_months,utilization_current,avg_utilization,payment_to_bill_ratio_1,avg_payment_to_bill_ratio,recent_bill_change,recent_payment_change,SEX,EDUCATION,MARRIAGE,PAY_0,PAY_2,PAY_3,PAY_4,PAY_5,PAY_6
0.0,0.0,0.0,0.0,0.0,0.0,0.0,0.18042044,0.0,0.0,0.0,0.0,0.0,0.0,0.0,0.0,0.0,0.0,0.0,0.0,0.0,0.35327426,0.0,0.46630526,0.0,0.0,0.0,0.0,0.0,0.0,0.0,0.0,0.0,0.0,0.0,0.0,0.0,0.0
0.0,0.0,0.0,0.0,0.0,0.0,0.0,0.0,0.0,0.0,0.0,0.010826552,0.03893175,0.0,0.0,0.0,0.0,0.0,0.0,0.0,0.0,0.505233,0.18270783,0.0,0.0,0.0,0.0,0.032645147,0.06707508,0.0,0.0,0.0,0.0,0.15166424,0.0,0.0,0.01091636,0.0
0.0,0.0,0.016170474,0.0,0.0,0.0,0.0,0.0,0.0,0.0,0.0,0.0,0.0,0.0,0.0,0.0,0.0,0.0,0.0,0.0,0.0,0.067445286,0.0,0.0,0.0,0.0,0.0,0.9144334,0.0,0.0,0.0,0.0,0.0019508521,0.0,0.0,0.0,0.0,0.0
0.0,0.0,0.0,0.0,0.0,0.0,0.0,0.0,0.0,0.0,0.0,0.0,0.0,0.0,0.0,0.0,0.0,0.29906023,0.0,0.0,0.0,0.5271112,0.1169035,0.0,0.0,0.0,0.0,0.0,0.05692514,0.0,0.0,0.0,0.0,0.0,0.0,0.0,0.0,0.0
0.013738459,0.0,0.0,0.0,0.0,0.0,0.0,0.063597575,0.0,0.0,0.0,0.0,0.0,0.0,0.0,0.07074273,0.0,0.0,0.0,0.0,0.0,0.47176075,0.0,0.38016048,0.0,0.0,0.0,0.0,0.0,0.0,0.0,0.0,0.0,0.0,0.0,0.0,0.0,0.0
0.0,0.0,0.02730412,0.0,0.0,0.0,0.0,0.0,0.0,0.0,0.0,0.0,0.0,0.20378515,0.0,0.0,0.0,0.0,0.0,0.0,0.0,0.14865634,0.0,0.0,0.0,0.00700922,0.0,0.57989144,0.0,0.0,0.0050644088,0.0,0.028289305,0.0,0.0,0.0,0.0,0.0
0.2620938,0.0,0.0,0.0,0.0,0.31185922,0.0,0.0,0.0,0.0,0.0,0.0,0.0,0.0,0.0,0.0,0.0,0.0,0.0,0.0,0.0,0.0,0.2531853,0.0,0.0,0.0,0.0,0.17286165,0.0,0.0,0.0,0.0,0.0,0.0,0.0,0.0,0.0,0.0
0.0,0.0,0.0,0.0,0.0,0.0,0.0,0.0,0.0,0.025249958,0.0,0.0,0.0,0.0,0.0,0.0,0.0,0.12392462,0.0,0.0,0.0,0.3857395,0.22062814,0.0,0.0,0.0,0.0,0.0,0.0,0.01827726,0.0,0.0,0.0,0.22618051,0.0,0.0,0.0,0.0
0.21644591,0.0,0.0,0.2759226,0.0,0.27965838,0.0,0.0,0.0,0.11547104,0.0,0.0,0.0,0.0,0.0,0.0,0.0,0.0,0.0,0.0,0.0,0.0,0.11250207,0.0,0.0,0.0,0.0,0.0,0.0,0.0,0.0,0.0,0.0,0.0,0.0,0.0,0.0,0.0
0.2214326,0.0,0.0,0.06914774,0.0,0.2634774,0.0,0.0,0.003982111,0.0,0.0,0.0,0.0,0.0,0.0,0.0,0.0,0.025924696,0.0,0.08365461,0.0,0.030490361,0.30189046,0.0,0.0,0.0,0.0,0.0,0.0,0.0,0.0,0.0,0.0,0.0,0.0,0.0,0.0,0.0
0.13766009,0.0,0.0,0.0,0.0,0.09723934,0.0,0.0,0.0,0.07667376,0.09225255,0.0,0.0,0.0,0.0,0.0,0.0,0.15481623,0.0,0.0,0.0,0.0745228,0.12166377,0.0013380427,0.0,0.0,0.0,0.007152286,0.042063553,0.0,0.0,0.0,0.0,0.0,0.0,0.0,0.19461763,0.0
0.0,0.0,0.0,0.0,0.0,0.0,0.0,0.0,0.031579733,0.0,0.03130607,0.0,0.034221694,0.0,0.0,0.0,0.0,0.08574623,0.24264453,0.0,0.0,0.50857663,0.03854377,0.0,0.0,0.0,0.0,0.0,0.0,0.027381372,0.0,0.0,0.0,0.0,0.0,0.0,0.0,0.0
0.17394722,0.0,0.0,0.0,0.0,0.16423368,0.0,0.0,0.0,0.0,0.0,0.0,0.0,0.0,0.0,0.0,0.0,0.18328476,0.0,0.0042142575,0.0,0.02945072,0.40692917,0.0,0.0,0.0,0.0,0.0,0.0,0.0,0.0,0.0,0.0,0.0,0.0,0.0,0.037940152,0.0
0.0,0.0,0.0,0.0,0.034047056,0.0,0.0,0.0,0.011619737,0.0,0.0,0.0,0.0,0.0,0.0,0.0,0.0,0.012730843,0.0,0.0,0.0,0.0030859532,0.62949634,0.094384946,0.0,0.0,0.0,0.0,0.0,0.0,0.0,0.0,0.0,0.21463522,0.0,0.0,0.0,0.0
0.26358762,0.0,0.0,0.0,0.0,0.31363666,0.0,0.0,0.0,0.0,0.0021273873,0.0,0.0,0.03132505,0.0,0.0692419,0.0,0.0,0.0,0.0,0.0,0.0,0.2098909,0.09010792,0.0,0.0,0.0,0.0,0.020082612,0.0,0.0,0.0,0.0,0.0,0.0,0.0,0.0,0.0
0.0,0.0,0.0,0.0,0.0,0.0,0.0,0.23602846,0.0,0.0,0.0,0.0,0.0,0.0,0.0,0.0,0.0,0.0,0.0,0.0,0.0,0.31945825,0.0,0.44451326,0.0,0.0,0.0,0.0,0.0,0.0,0.0,0.0,0.0,0.0,0.0,0.0,0.0,0.0
0.0,0.0,0.0,0.0,0.0,0.0,0.0,0.0400345,0.0,0.0,0.0,0.0,0.0,0.0,0.0,0.0,0.0,0.0,0.0,0.0,0.0,0.23657386,0.0,0.7233916,0.0,0.0,0.0,0.0,0.0,0.0,0.0,0.0,0.0,0.0,0.0,0.0,0.0,0.0
0.13053685,0.0,0.0,0.056165535,0.0,0.10350029,0.0,0.0,0.0,0.044055227,0.0,0.0,0.06525024,0.0,0.0,0.0,0.0,0.0,0.033520587,0.0,0.0,0.0,0.25688905,0.0,0.0,0.0,0.0,0.2377913,0.0,0.0,0.0,0.0,0.0,0.0,0.07229088,0.0,0.0,0.0
0.0,0.0,0.0,0.0,0.0,0.0,0.0,0.0,0.0,0.0,0.0,0.0,0.0057531525,0.0,0.0,0.0,0.0,0.0,0.062470432,0.0,0.0,0.0,0.6363481,0.25312835,0.0,0.0,0.0,0.0,0.0,0.0,0.0,0.0,0.0,0.04229996,0.0,0.0,0.0,0.0
0.17390534,0.0,0.0,0.35314667,0.0,0.16592996,0.0,0.0,0.0,0.0,0.0,0.0,0.0,0.0,0.0,0.0,0.0,0.0,0.0,0.03797116,0.0,0.0,0.26904693,0.0,0.0,0.0,0.0,0.0,0.0,0.0,0.0,0.0,0.0,0.0,0.0,0.0,0.0,0.0
0.18691461,0.0,0.0,0.0,0.0,0.16000053,0.0,0.0,0.0,0.07179427,0.0,0.0,0.0,0.029669836,0.0,0.0,0.0,0.111494415,0.0,0.0,0.0,0.0,0.22701614,0.0,0.0,0.0,0.0,0.0,0.0,0.0,0.0,0.0,0.0,0.0,0.0,0.0,0.21311022,0.0
0.004154872,0.0,0.0,0.0,0.032545485,0.0,0.0,0.0,0.0,0.0,0.0,0.0,0.06454915,0.0,0.0,0.0,0.0,0.074636765,0.0,0.0,0.0,0.0,0.64611685,0.1779969,0.0,0.0,0.0,0.0,0.0,0.0,0.0,0.0,0.0,0.0,0.0,0.0,0.0,0.0
0.0,0.0,0.0,0.0,0.0,0.0,0.0,0.0,0.0,0.0,0.0,0.0,0.0,0.0,0.0,0.0,0.0,0.283333,0.0,0.0,0.0,0.3687252,0.17292516,0.0,0.0,0.0,0.0,0.0,0.03197096,0.0,0.0,0.0,0.0,0.0,0.0,0.0,0.14304571,0.0
0.008813571,0.0,0.0,0.0,0.0,0.0,0.0,0.05903664,0.0,0.0,0.0,0.0,0.0,0.0,0.0,0.0066818246,0.0,0.0,0.0,0.0,0.0,0.46692893,0.0,0.45853907,0.0,0.0,0.0,0.0,0.0,0.0,0.0,0.0,0.0,0.0,0.0,0.0,0.0,0.0
0.14138885,0.0,0.0,0.4775075,0.0,0.12027659,0.0,0.0,0.0,0.06065648,0.0,0.0,0.0,0.0,0.0,0.0,0.0,0.0,0.0,0.0,0.0,0.039040815,0.16112973,0.0,0.0,0.0,0.0,0.0,0.0,0.0,0.0,0.0,0.0,0.0,0.0,0.0,0.0,0.0
0.15000862,0.0,0.0,0.0,0.0,0.1777858,0.0,0.0,0.0,0.0,0.02505881,0.0,0.0,0.094936855,0.0,0.058123466,0.0,0.010788273,0.0,0.0,0.0,0.0,0.37146613,0.0,0.0,0.0,0.0,0.0,0.013057422,0.0,0.0,0.0,0.0,0.0,0.0,0.0,0.09877464,0.0
0.0,0.0,0.0,0.0,0.0,0.0,0.0,0.0,0.0,0.0,0.10823754,0.0,0.0,0.0,0.0,0.0,0.0,0.0,0.0,0.0,0.0,0.44752347,0.0,0.027126826,0.0,0.0,0.0,0.0,0.0,0.0,0.0,0.0,0.0,0.0,0.0,0.0,0.41711214,0.0
0.0,0.0,0.0,0.0,0.0,0.0,0.0,0.0,0.0,0.0,0.0,0.0,0.23121724,0.0,0.0,0.0,0.0,0.0,0.14409691,0.0,0.0,0.511291,0.11339487,0.0,0.0,0.0,0.0,0.0,0.0,0.0,0.0,0.0,0.0,0.0,0.0,0.0,0.0,0.0
0.26959622,0.0,0.0,0.0,0.0,0.32078618,0.0,0.0,0.0,0.0,0.034251288,0.0,0.0,0.027412606,0.0,0.0343934,0.0,0.0,0.0,0.0,0.0,0.0,0.21642075,0.09713954,0.0,0.0,0.0,0.0,0.0,0.0,0.0,0.0,0.0,0.0,0.0,0.0,0.0,0.0
0.0,0.0,0.0,0.014444786,0.0,0.0,0.0,0.0,0.13033566,0.0,0.0025599857,0.0,0.07779967,0.0,0.0,0.0,0.0,0.0,0.08560421,0.0,0.0,0.06585571,0.5811111,0.04228882,0.0,0.0,0.0,0.0,0.0,0.0,0.0,0.0,0.0,0.0,0.0,0.0,0.0,0.0
0.0,0.0,0.0,0.004531366,0.0,0.0,0.0,0.0,0.0,0.0,0.0,0.0,0.0,0.0,0.0,0.0,0.0,0.069429584,0.0,0.0,0.0,0.0,0.7326752,0.16347325,0.0,0.0,0.016547801,0.0,0.0,0.0,0.0,0.0,0.0,0.013342806,0.0,0.0,0.0,0.0
0.0,0.0,0.0,0.04511046,0.0,0.0,0.0,0.0,0.0,0.0,0.0,0.0,0.0,0.0,0.0,0.0,0.0,0.0,0.0,0.3140159,0.0,0.52454036,0.116333336,0.0,0.0,0.0,0.0,0.0,0.0,0.0,0.0,0.0,0.0,0.0,0.0,0.0,0.0,0.0
0.011360963,0.0,0.0,0.0,0.0,0.0,0.0,0.05101862,0.0,0.0,0.0,0.0,0.0,0.0,0.0,0.0,0.0,0.0,0.0,0.0,0.0,0.48119906,0.0,0.45642138,0.0,0.0,0.0,0.0,0.0,0.0,0.0,0.0,0.0,0.0,0.0,0.0,0.0,0.0
0.0,0.0,0.0,0.0,0.0,0.0,0.0,0.0,0.0,0.0,0.0,0.0,0.0,0.0,0.0,0.0,0.0,0.070606105,0.0,0.0,0.0,0.53028214,0.11760676,0.0,0.0,0.0,0.0,0.0,0.0,0.0,0.0,0.0,0.0,0.281505,0.0,0.0,0.0,0.0
0.0,0.0,0.009648594,0.0,0.0,0.0,0.0,0.0,0.0,0.0,0.0,0.0,0.0,0.0,0.0,0.0,0.0,0.0,0.0,0.0,0.0,0.042135857,0.0,0.0,0.0,0.0,0.0,0.94821554,0.0,0.0,0.0,0.0,0.0,0.0,0.0,0.0,0.0,0.0
0.0,0.0,0.0,0.0,0.0,0.0,0.0,0.0,0.0,0.0,0.011836509,0.0,0.0,0.0,0.0,0.0,0.0,0.13569888,0.0,0.0,0.0,0.39891067,0.08681307,0.0,0.0,0.0,0.0,0.0,0.0,0.0,0.0,0.0,0.0,0.22743188,0.0,0.0,0.13930902,0.0
0.0,0.0,0.0,0.0,0.0,0.0,0.0,0.0,0.011816153,0.0,0.0,0.0,0.0,0.0,0.0,0.0,0.0,0.036709957,0.0,0.0,0.0,0.859216,0.06313513,0.02313691,0.0,0.0,0.0,0.0,0.0,0.0059858575,0.0,0.0,0.0,0.0,0.0,0.0,0.0,0.0
0.0,0.0,0.0,0.0,0.0,0.0,0.0,0.0,0.0,0.0,0.0,0.0,0.0,0.0,0.0,0.0,0.0,0.13590431,0.0,0.0,0.0,0.5085666,0.14011712,0.0,0.0,0.0,0.0,0.0,0.07984833,0.0,0.0,0.0,0.0,0.09506084,0.0,0.0,0.04050279,0.0
0.0,0.0,0.0,0.0,0.0,0.0,0.0,0.0,0.0,0.089492075,0.0,0.0,0.037763607,0.0,0.0,0.0,0.0,0.027800582,0.0,0.0,0.0,0.47595605,0.09740364,0.0,0.0,0.0,0.0,0.0,0.0,0.0,0.0,0.0,0.0,0.27158406,0.0,0.0,0.0,0.0
0.19012548,0.0,0.0,0.0,0.0,0.16631143,0.0,0.0,0.0,0.0,0.0,0.0,0.018710172,0.021767784,0.0,0.08318771,0.0,0.0,0.0,0.0,0.0,0.008835964,0.3648588,0.05462925,0.0,0.0,0.0,0.0,0.0,0.0,0.0,0.0,0.0,0.06742965,0.0,0.0,0.02414365,0.0
0.0,0.0,0.0,0.0,0.0,0.0,0.0,0.0,0.0,0.012985348,0.0,0.0,0.0,0.0,0.0,0.0,0.0,0.044934187,0.0,0.0,0.0,0.7275967,0.08376895,0.12138961,0.0,0.0,0.0,0.0,0.0,0.009325182,0.0,0.0,0.0,0.0,0.0,0.0,0.0,0.0
0.19698882,0.0,0.0,0.0,0.0,0.18397169,0.0,0.0,0.0,0.0,0.0,0.0,0.0,0.011472685,0.029236153,0.015871216,0.0,0.035193067,0.0,0.121170156,0.0,0.0,0.40609622,0.0,0.0,0.0,0.0,0.0,0.0,0.0,0.0,0.0,0.0,0.0,0.0,0.0,0.0,0.0
0.0,0.0,0.0,0.0,0.0,0.0,0.0,0.0,0.0,0.0,0.0958926,0.0,0.0,0.0,0.0,0.0,0.0,0.08484444,0.0,0.0,0.0,0.4894113,0.027561747,0.02689618,0.0,0.0,0.0,0.03430654,0.0,0.0,0.0,0.0,0.0,0.0,0.0,0.0,0.24108721,0.0
0.0,0.0,0.0,0.0,0.18833359,0.0,0.0,0.0,0.0,0.0,0.0,0.0,0.0,0.0,0.18236169,0.0,0.0,0.0,0.0,0.023553543,0.0,0.0,0.60575116,0.0,0.0,0.0,0.0,0.0,0.0,0.0,0.0,0.0,0.0,0.0,0.0,0.0,0.0,0.0
0.0,0.0,0.0,0.0,0.0,0.0,0.0,0.0,0.0,0.0,0.034323294,0.0,0.0,0.0,0.0,0.0,0.0,0.17955363,0.0,0.0,0.0,0.3098647,0.0061756596,0.0101742195,0.0,0.0,0.0,0.0,0.06715313,0.0,0.0,0.0,0.0,0.0,0.0,0.0,0.39275533,0.0
0.017714927,0.0,0.0,0.0,0.0,0.0,0.0,0.0,0.0,0.0,0.037811864,0.0,0.04627807,0.0,0.0,0.042016454,0.0,0.0,0.0,0.0,0.0,0.52892506,0.1514139,0.087164454,0.0,0.0,0.0,0.0,0.062110193,0.0,0.0,0.0,0.0,0.02656507,0.0,0.0,0.0,0.0
0.011750524,0.0,0.020267898,0.0,0.0,0.0,0.0,0.0,0.0,0.0,0.0,0.0,0.0,0.0,0.0,0.0,0.0,0.23531653,0.0,0.0,0.0,0.518522,0.08541151,0.0,0.0,0.0,0.0,0.0,0.0,0.0,0.0,0.0,0.0,0.0,0.0,0.0,0.12873152,0.0
0.1690379,0.0,0.0,0.0,0.0,0.15975775,0.0,0.0,0.0,0.0,0.0,0.0,0.0,0.049209934,0.0,0.072774865,0.0,0.0,0.0,0.0,0.0,0.0,0.36598948,0.18323009,0.0,0.0,0.0,0.0,0.0,0.0,0.0,0.0,0.0,0.0,0.0,0.0,0.0,0.0
0.16386795,0.0,0.0,0.0,0.0,0.18302974,0.0,0.0,0.0,0.0,0.0,0.0,0.0,0.0,0.0,0.0,0.0,0.10923863,0.0,0.0,0.0,0.0,0.3744899,0.0,0.0,0.0,0.0,0.0,0.0,0.0,0.0,0.0,0.0,0.0,0.0,0.0,0.1693738,0.0
0.0,0.0,0.0,0.0,0.0,0.0,0.0,0.0,0.0,0.0,0.0,0.0,0.0,0.0,0.0,0.0,0.0,0.20425251,0.0,0.0,0.0,0.47570786,0.27089715,0.0,0.0,0.0,0.0,0.0,0.0,0.0,0.0,0.0,0.0,0.049142502,0.0,0.0,0.0,0.0
0.17970575,0.0,0.0,0.0,0.0,0.21382762,0.0,0.0,0.0,0.0,0.0,0.0,0.0,0.06373651,0.0,0.03354778,0.004202479,0.0781123,0.0,0.037635166,0.0,0.0051233387,0.35473394,0.0,0.0,0.0,0.0,0.023280893,0.006094125,0.0,0.0,0.0,0.0,0.0,0.0,0.0,0.0,0.0
0.18549311,0.0,0.0,0.0,0.0,0.16036688,0.0,0.0,0.0,0.053477034,0.0060954187,0.0,0.0,0.108305834,0.0,0.0,0.0,0.009017695,0.0,0.0,0.0,0.0,0.23913956,0.0,0.0,0.0,0.0,0.011710587,0.0,0.0,0.0,0.0,0.0,0.0,0.0,0.0,0.22639392,0.0
0.0,0.0,0.0,0.0,0.0,0.0,0.0,0.6508118,0.0,0.0,0.0,0.0,0.0,0.0,0.0,0.0,0.0,0.0,0.0,0.0,0.0,0.1565105,0.0,0.19267778,0.0,0.0,0.0,0.0,0.0,0.0,0.0,0.0,0.0,0.0,0.0,0.0,0.0,0.0
0.19033444,0.0,0.0,0.0,0.0,0.22647445,0.0,0.0,0.0,0.0,0.05435268,0.0,0.0,0.0,0.0,0.0,0.0,0.0,0.0,0.0,0.0,0.0,0.32927606,0.0,0.0,0.0,0.0,0.09717884,0.07716278,0.0,0.0,0.0,0.0,0.0,0.0,0.0,0.025220748,0.0
0.28065816,0.0,0.0,0.0,0.0,0.33394852,0.0,0.0,0.0,0.0,0.0,0.0,0.0,0.0,0.0,0.0,0.0,0.0,0.0,0.0,0.0,0.0,0.22982581,0.15556751,0.0,0.0,0.0,0.0,0.0,0.0,0.0,0.0,0.0,0.0,0.0,0.0,0.0,0.0
0.0,0.0,0.0,0.0,0.0,0.0,0.0,0.0,0.0,0.0,0.0,0.0,0.0,0.0,0.0,0.0,0.0,0.23136418,0.0,0.0,0.0,0.36412662,0.38799977,0.0,0.0,0.0,0.0,0.0,0.016509421,0.0,0.0,0.0,0.0,0.0,0.0,0.0,0.0,0.0
0.14700587,0.0,0.0,0.06894563,0.0,0.1749188,0.0,0.0,0.0,0.0,0.0,0.0,0.0,0.0,0.0,0.0,0.0,0.058862057,0.0,0.0,0.0,0.0,0.40462312,0.0,0.0,0.0,0.0,0.13121803,0.0144265685,0.0,0.0,0.0,0.0,0.0,0.0,0.0,0.0,0.0
0.124253586,0.0,0.0,0.0,0.0,0.14690395,0.0,0.0,0.0,0.0,0.0,0.0,0.0,0.05323892,0.0,0.0,0.0,0.09057733,0.0,0.0,0.0,0.0,0.40938735,0.0,0.0,0.0,0.0,0.045858223,0.06427484,0.0,0.0,0.0,0.0,0.0,0.0,0.0,0.065505825,0.0
0.2143538,0.0,0.0,0.0,0.0,0.25505447,0.0,0.0,0.0,0.0,0.07995896,0.0,0.0,0.0,0.0,0.0,0.0,0.0,0.0,0.0,0.0,0.0,0.28208712,0.0,0.0,0.0,0.0,0.0,0.0,0.0,0.0,0.0,0.0,0.0,0.0,0.0,0.16854556,0.0
0.031944152,0.0,0.0,0.0,0.0,0.0,0.0,0.0,0.0,0.0,0.0,0.0,0.0,0.0,0.0,0.057938833,0.0,0.0,0.0,0.0,0.0,0.49171147,0.12650743,0.18258575,0.0,0.0,0.0,0.0,0.0,0.0,0.0,0.0,0.0,0.109312415,0.0,0.0,0.0,0.0
0.18028753,0.0,0.0,0.0,0.0,0.21451984,0.0,0.0,0.0,0.0,0.039167468,0.0,0.0,0.08549917,0.0,0.07940834,0.0,0.0,0.0,0.0,0.0,0.0,0.34735,0.0,0.0,0.0,0.0,0.0,0.020497512,0.0,0.0,0.0,0.0,0.0,0.0,0.0,0.03327009,0.0
0.17158754,0.0,0.0,0.0,0.0,0.16754492,0.0,0.0,0.0,0.0,0.01569268,0.0,0.0,0.08141196,0.0,0.08476366,0.0,0.040519968,0.0,0.009436843,0.0,0.0,0.4054454,0.003157609,0.0,0.007949169,0.0,0.0,0.0,0.0,0.0,0.0,0.0,0.0,0.0,0.0,0.012490185,0.0
0.0,0.0,0.0,0.0,0.0,0.0,0.0,0.0,0.0,0.051574226,0.0,0.0,0.0,0.0,0.0,0.0,0.0,0.07749941,0.0,0.0,0.0,0.45052293,0.22829166,0.0,0.0,0.0,0.0,0.0,0.0,0.029002098,0.0,0.0,0.0,0.16310973,0.0,0.0,0.0,0.0
0.0,0.0,0.0,0.0,0.0,0.0,0.0,0.0,0.0,0.0,0.17194977,0.0,0.0,0.0,0.0,0.0,0.0,0.0,0.0,0.0,0.0,0.4475044,0.0009901962,0.06766231,0.0,0.0,0.0,0.0,0.0,0.0,0.0,0.0,0.0,0.0,0.0,0.0,0.3118933,0.0
0.0037210842,0.0,0.0,0.0,0.0,0.0,0.0,0.0,0.0,0.0,0.0,0.0,0.0,0.0,0.0,0.0,0.0,0.081914805,0.0,0.0,0.0,0.49985927,0.1284934,0.0,0.0,0.0,0.0,0.007131641,0.05566514,0.0,0.0,0.0,0.0,0.11033911,0.0,0.0,0.11287559,0.0
0.0020749231,0.0,0.0,0.0,0.0,0.0,0.0,0.074340016,0.0,0.0,0.0,0.0,0.0,0.007858002,0.0,0.038478177,0.0,0.0,0.0,0.0,0.0,0.4402361,0.0,0.43701282,0.0,0.0,0.0,0.0,0.0,0.0,0.0,0.0,0.0,0.0,0.0,0.0,0.0,0.0
0.0,0.0,0.0,0.0,0.0,0.0,0.0,0.0,0.0,0.0,0.0,0.0,0.0,0.0,0.0,0.0,0.0,0.2650439,0.0,0.0,0.0,0.5211807,0.11558822,0.0,0.0,0.0,0.0,0.0,0.06283815,0.0,0.0,0.0,0.0,0.0,0.0,0.0,0.03534912,0.0
0.13383783,0.0,0.0,0.0,0.0,0.15223972,0.0,0.0,0.0,0.0,0.108551405,0.0,0.0,0.0,0.0,0.0,0.0,0.0,0.0,0.0,0.0,0.0,0.33384848,0.0,0.0,0.0,0.0,0.040071946,0.09023665,0.0,0.0,0.0,0.0,0.0,0.0,0.0,0.14121397,0.0
0.0,0.0,0.0,0.41838318,0.0,0.0,0.0,0.0,0.0,0.0,0.0,0.0,0.0,0.0,0.0,0.0,0.0,0.0,0.0,0.0,0.0,0.0,0.366263,0.21535382,0.0,0.0,0.0,0.0,0.0,0.0,0.0,0.0,0.0,0.0,0.0,0.0,0.0,0.0
0.13331254,0.0,0.0,0.0362378,0.0,0.15862544,0.0,0.0,0.0,0.0,0.0,0.0,0.0,0.0,0.0,0.0,0.0,0.104237646,0.0,0.0,0.0,0.0,0.4082213,0.0,0.0,0.0,0.0,0.089285485,0.070077315,0.0,0.0,0.0,0.0,0.0,0.0,0.0,2.502066e-06,0.0
0.0,0.0,0.0,0.0,0.0,0.0,0.0,0.0,0.0,0.02601696,0.0,0.0,0.0,0.0,0.0,0.0,0.0,0.06129455,0.0,0.0,0.0,0.7116373,0.093794815,0.0,0.0,0.0,0.0,0.0,0.0,0.012872217,0.0,0.0,0.0,0.094384104,0.0,0.0,0.0,0.0
0.0,0.0,0.0,0.0,0.0,0.0,0.0,0.0,0.0,0.0,0.047716253,0.0,0.0,0.0,0.0,0.0,0.0,0.0,0.0,0.0,0.0,0.293161,0.0,0.026456399,0.0,0.0,0.0,0.0,0.0,0.0,0.0,0.0,0.0,0.12036627,0.0,0.0,0.5123001,0.0
0.0,0.0,0.0,0.0,0.0062252404,0.0,0.0,0.0,0.0,0.0,0.0,0.0,0.0,0.0,0.0,0.0,0.0,0.043950006,0.0,0.0,0.0,0.0,0.6760373,0.14707386,0.0,0.0,0.0,0.0,0.0,0.0,0.0,0.0,0.0,0.12671353,0.0,0.0,0.0,0.0
0.0,0.0,0.0,0.0,0.0,0.0,0.0,0.0,0.0,0.0,0.0,0.0,0.0,0.0,0.0,0.0,0.0,0.20663734,0.0,0.0,0.0,0.51801306,0.14271975,0.0,0.0,0.0,0.0,0.021539928,0.071451515,0.0,0.0,0.0,0.0,0.03963843,0.0,0.0,0.0,0.0
0.0,0.0,0.0,0.0,0.0,0.0,0.0,0.0,0.0,0.0,0.15138975,0.0,0.0,0.0,0.0,0.0,0.0,0.0,0.0,0.0,0.0,0.4454302,0.0,0.0533503,0.0,0.0,0.0,0.0,0.0,0.0,0.0,0.0,0.0,0.0,0.0,0.0,0.34982982,0.0
0.0,0.0,0.0,0.0,0.0,0.0,0.0,0.0,0.0,0.03688801,0.0,0.0,0.0,0.0,0.0,0.0,0.0,0.20273554,0.0,0.0,0.0,0.53909427,0.1523071,0.0,0.0,0.0,0.0,0.0,0.0,0.037198223,0.0,0.0,0.0,0.031776864,0.0,0.0,0.0,0.0
0.0,0.0,0.0,0.0,0.0,0.0,0.0,0.0,0.0,0.0,0.0,0.0,0.0,0.0,0.0,0.0,0.0,0.025056552,0.0,0.0,0.0,0.4582329,0.1892267,0.0,0.0,0.0,0.0,0.0,0.0,0.0075025214,0.0,0.0,0.0,0.31998128,0.0,0.0,0.0,0.0
0.22969085,0.0,0.0,0.0,0.0,0.2733037,0.0,0.0,0.0,0.0,0.0,0.0,0.0,0.0,0.0,0.0,0.0,0.15479076,0.0,0.090653054,0.0,0.0,0.25156167,0.0,0.0,0.0,0.0,0.0,0.0,0.0,0.0,0.0,0.0,0.0,0.0,0.0,0.0,0.0
0.20812649,0.0,0.0,0.0,0.0,0.18140724,0.0,0.0,0.0,0.0,0.027478017,0.0,0.0,0.0,0.0,0.0,0.0,0.013402182,0.0,0.0,0.0,0.0,0.32639366,0.0042822724,0.0,0.0,0.0,0.0,0.0,0.0,0.0,0.0,0.0,0.084327914,0.0,0.0,0.15458222,0.0
0.0,0.0,0.0,0.0,0.0,0.0,0.0,0.0,0.0,0.0,0.043658447,0.0,0.0,0.0,0.0,0.0,0.0,0.09169108,0.0,0.0,0.0,0.55236214,0.035325203,0.023595193,0.0,0.0,0.0,0.0,0.06790199,0.0,0.0,0.0,0.0,0.0,0.0,0.0,0.1854659,0.0
0.20280841,0.0,0.0,0.0,0.0,0.24131693,0.0,0.0,0.0,0.0,0.0,0.0,0.0,0.0,0.0,0.0,0.0,0.15603258,0.0,0.04521354,0.0,0.0,0.323433,0.0,0.0,0.0,0.0,0.0,0.0,0.0,0.0,0.0,0.0,0.0,0.0,0.0,0.031195521,0.0
0.0,0.0,0.0,0.0,0.0,0.0,0.0,0.0,0.0,0.0,0.12902032,0.0,0.0,0.0,0.0,0.0,0.0,0.0,0.0,0.0,0.0,0.48410216,0.0,0.041903324,0.0,0.0,0.0,0.0,0.0,0.0,0.0,0.0,0.0,0.0,0.0,0.0,0.34497413,0.0
0.1393047,0.0,0.06889242,0.0,0.0,0.16575535,0.0,0.0,0.0,0.0,0.0,0.0,0.0,0.09913237,0.0,0.0,0.0,0.0,0.0,0.0,0.0,0.0,0.4108442,0.116070956,0.0,0.0,0.0,0.0,0.0,0.0,0.0,0.0,0.0,0.0,0.0,0.0,0.0,0.0
0.0,0.0,0.01425746,0.0,0.0,0.08678069,0.0,0.0,0.0,0.0,0.0,0.0,0.0,0.0,0.0,0.0,0.0,0.079806,0.0,0.0,0.0,0.49223015,0.1356162,0.0,0.0,0.0,0.0,0.0062897312,0.0,0.0,0.0,0.0,0.0,0.18501978,0.0,0.0,0.0,0.0
0.0119878305,0.0,0.0,0.0,0.0,0.0,0.0,0.16375826,0.0,0.0,0.0,0.0,0.0,0.0,0.0,0.040944308,0.0,0.0,0.0,0.0,0.0,0.3948501,0.0,0.38845953,0.0,0.0,0.0,0.0,0.0,0.0,0.0,0.0,0.0,0.0,0.0,0.0,0.0,0.0
0.0,0.0,0.0,0.0,0.0,0.0,0.0,0.0,0.012126102,0.0,0.0,0.0,0.0,0.0,0.0,0.0,0.0,0.14907622,0.0,0.0,0.0,0.7746615,0.054377906,0.0,0.0,0.0,0.0,0.0,0.0,0.009758249,0.0,0.0,0.0,0.0,0.0,0.0,0.0,0.0
0.0,0.0,0.08829134,0.0,0.0,0.0,0.0,0.0,0.0,0.0,0.0,0.0,0.0,0.0,0.0,0.0,0.0,0.25990713,0.0,0.0,0.0,0.5045384,0.111897275,0.0,0.0,0.0,0.0,0.0,0.0,0.0,0.0,0.0,0.0,0.035365906,0.0,0.0,0.0,0.0
0.0,0.0,0.0,0.0,0.0,0.0,0.0,0.0,0.0,0.0,0.0,0.0,0.0,0.0,0.0,0.0,0.0,0.092817545,0.0,0.0,0.0,0.0,0.7258653,0.15843591,0.0,0.0,0.0,0.0,0.0,0.0,0.0,0.0,0.0,0.022881297,0.0,0.0,0.0,0.0
0.0,0.0,0.0,0.0,0.0,0.0,0.0,0.0,0.0,0.009203759,0.0,0.0,0.0,0.0,0.0,0.0,0.0,0.18449043,0.0,0.0,0.0,0.4072516,0.111872196,0.0,0.0,0.0,0.0,0.0,0.0,0.047725845,0.0,0.0,0.0,0.23945616,0.0,0.0,0.0,0.0
0.0,0.0,0.0,0.0,0.49397698,0.0,0.0,0.0,0.0,0.0,0.0,0.0,0.0,0.0,0.1238737,0.0,0.0,0.0,0.0,0.0,0.0,0.0,0.26258364,0.1195657,0.0,0.0,0.0,0.0,0.0,0.0,0.0,0.0,0.0,0.0,0.0,0.0,0.0,0.0
0.1817923,0.0,0.0,0.0,0.0,0.1804785,0.0,0.0,0.0,0.0,0.0,0.0,0.0,0.03158872,0.0,0.0,0.0,0.1819764,0.0,0.0,0.0,0.0,0.31616494,0.0,0.0,0.0,0.0,0.0,0.0,0.0,0.0,0.0,0.0,0.0,0.0,0.0,0.1079992,0.0
0.0,0.0,0.0,0.0,0.0,0.0,0.0,0.0,0.0,0.0,0.0,0.0,0.0,0.0,0.0,0.0,0.0,0.07620051,0.0,0.0,0.0,0.6815779,0.10035614,0.0,0.0,0.0,0.0,0.0,0.014907075,0.0,0.0,0.0,0.0,0.07664428,0.0,0.0,0.050314117,0.0
0.16896127,0.0,0.0,0.0,0.0,0.20104301,0.0,0.0,0.0,0.0,0.0,0.0,0.0,0.0,0.0,0.0,0.01574499,0.20217042,0.0,0.030228944,0.0,0.0,0.37731272,0.0,0.0,0.0,0.0,0.0,0.0,0.0,0.0,0.0,0.0,0.0,0.0,0.0,0.0045386716,0.0
0.12937713,0.0,0.0,0.0,0.0,0.15394276,0.0,0.0,0.0,0.0,0.0,0.0,0.0,0.0689571,0.0,0.0,0.0,0.1313325,0.0,0.0,0.0,0.0,0.41995874,0.0,0.0,0.0,0.0,0.04274606,0.012261773,0.0,0.0,0.0,0.0,0.0,0.0,0.0,0.04142398,0.0
0.0,0.0,0.0,0.0,0.0,0.0,0.0,0.0,0.0,0.0,0.01047407,0.0,0.0,0.0,0.0,0.0,0.0,0.0708988,0.11230823,0.0,0.0,0.61220753,0.0075774966,0.0,0.0,0.0,0.0,0.0,0.0,0.019429194,0.0,0.0,0.0,0.16710475,0.0,0.0,0.0,0.0
0.0,0.0,0.0,0.0,0.0,0.0,0.0,0.0,0.0,0.0,0.0,0.0,0.0047730855,0.0,0.0,0.0,0.0,0.036927402,0.03224166,0.0,0.0,0.0,0.78799474,0.107635096,0.0,0.0,0.0,0.0,0.019719126,0.0,0.0,0.0,0.0,0.010708928,0.0,0.0,0.0,0.0
0.0,0.0,0.0,0.0,0.0,0.0,0.0,0.0,0.0,0.0,0.008469658,0.0,0.0,0.0,0.0,0.0,0.0,0.036661882,0.0,0.0,0.0,0.6019926,0.15349042,0.0,0.0,0.0,0.0,0.0,0.0,0.011863153,0.0,0.0,0.0,0.18752229,0.0,0.0,0.0,0.0
0.0,0.0,0.0,0.0,0.0,0.0,0.0,0.0,0.0,0.0,0.0,0.0,0.0,0.0,0.0,0.0,0.0,0.057296988,0.011800244,0.0,0.0,0.27922395,0.24792045,0.0,0.0,0.0,0.0018581393,0.0,0.0,0.0,0.0,0.18672328,0.0,0.215177,0.0,0.0,0.0,0.0
0.0,0.0,0.0,0.10505082,0.0,0.0,0.0,0.0,0.0,0.0,0.0,0.0,0.0,0.0,0.0,0.0,0.0,0.0,0.6573929,0.16540022,0.0,0.0,0.0,0.0,0.0,0.0,0.0,0.0,0.0,0.0,0.0,0.0,0.0,0.0,0.0,0.07215596,0.0,0.0
0.006284633,0.0,0.0,0.0,0.0,0.0,0.0,0.0,0.0,0.0,0.0,0.0,0.0,0.0,0.0,0.0,0.0,0.112182066,0.0,0.0,0.0,0.5342268,0.10679831,0.0,0.0,0.0,0.0,0.06069047,0.0,0.0,0.0,0.0,0.0,0.1798177,0.0,0.0,0.0,0.0
0.15837426,0.0,0.0,0.0,0.0,0.18844578,0.0,0.0,0.0,0.0,0.00070489646,0.0,0.0,0.0684453,0.0,0.0,0.0,0.0,0.0,0.0,0.0,0.0,0.2932614,0.0,0.0,0.0,0.0,0.11938294,0.0,0.0,0.0,0.0,0.0,0.0,0.0,0.0,0.17138533,0.0
0.0,0.0,0.0,0.0,0.0,0.0,0.0,0.0,0.0,0.0,0.19822167,0.0,0.0,0.0,0.0,0.0,0.0,0.0,0.0,0.0,0.0,0.3690759,0.07112743,0.069615096,0.0,0.0,0.0,0.0,0.0,0.0,0.0,0.0,0.0,0.027178043,0.0,0.0,0.26478183,0.0
0.0,0.0,0.0,0.0,0.0,0.0,0.0,0.0,0.0119908275,0.0,0.0,0.0,0.0,0.0,0.0,0.0,0.0,0.10147177,0.0,0.0,0.0,0.0,0.74877393,0.11003971,0.0,0.0,0.0,0.0,0.027723782,0.0,0.0,0.0,0.0,0.0,0.0,0.0,0.0,0.0
0.0,0.0,0.06044209,0.0,0.0,0.0,0.0,0.0,0.0,0.0,0.0,0.0,0.0,0.0,0.0,0.0,0.0,0.0,0.0,0.0,0.0,0.146444,0.0,0.0,0.0,0.027837828,0.0,0.67863315,0.0,0.0,0.02249944,0.0,0.064143434,0.0,0.0,0.0,0.0,0.0
0.0,0.0,0.0,0.0,0.0,0.0,0.0,0.0,0.0,0.019150412,0.0,0.0,0.0,0.0,0.0,0.074208505,0.0,0.044934336,0.0,0.0,0.0,0.76083875,0.09195193,0.0,0.0,0.0,0.0,0.0,0.0,0.008916071,0.0,0.0,0.0,0.0,0.0,0.0,0.0,0.0
0.0,0.0,0.0,0.0,0.0,0.0,0.0,0.0,0.0,0.0,0.0,0.0,0.01974128,0.0,0.0,0.0,0.0,0.0,0.0576764,0.0,0.0,0.019059531,0.7673829,0.11746683,0.0,0.0,0.0,0.0,0.0,0.0,0.0,0.0,0.0,0.018672965,0.0,0.0,0.0,0.0
0.0,0.0,0.0,0.08215383,0.0,0.0,0.0,0.0,0.09726706,0.0,0.0,0.0,0.07166088,0.0,0.0,0.0,0.0,0.0,0.078314155,0.0,0.0,0.05490836,0.6015857,0.01410995,0.0,0.0,0.0,0.0,0.0,0.0,0.0,0.0,0.0,0.0,0.0,0.0,0.0,0.0
0.0,0.0,0.0,0.0,0.0,0.0,0.0,0.0,0.0,0.0,0.0,0.0,0.0,0.0,0.0,0.0,0.0,0.012821547,0.0,0.0,0.0,0.6793066,0.080514885,0.0,0.0,0.0,0.0,0.0,0.0,0.0,0.0,0.0,0.0,0.22735696,0.0,0.0,0.0,0.0
0.009958006,0.0,0.0,0.0,0.0,0.0,0.0,0.0,0.0,0.0,0.0,0.0,0.0,0.0,0.0,0.0,0.0,0.05060238,0.0,0.0,0.0,0.5278281,0.11808013,0.06565361,0.0,0.0,0.0,0.0,0.0,0.0,0.0,0.0,0.0,0.18645981,0.0,0.0,0.041417893,0.0
0.0,0.0,0.0,0.011149954,0.0,0.0,0.0,0.0,0.0,0.0,0.0,0.0,0.3039793,0.0,0.0,0.0,0.0,0.0,0.3183436,0.0,0.0,0.29276597,0.0,0.012543793,0.0,0.0,0.0,0.0,0.0,0.0,0.0,0.0,0.0,0.0,0.061217383,0.0,0.0,0.0
0.17490521,0.0,0.0,0.0,0.0,0.17538543,0.0,0.0,0.0,0.0,0.04487302,0.0,0.042881995,0.048033077,0.0,0.066391125,0.0,0.0,0.0,0.0,0.0,0.0,0.32535645,0.09935977,0.0,0.0,0.0,0.0,0.0,0.0,0.0,0.0,0.0,0.0,0.0,0.0,0.02281405,0.0
0.0,0.0,0.0,0.0,0.0,0.0,0.0,0.0,0.0,0.022404019,0.0,0.0,0.0,0.0,0.0,0.0,0.0,0.04369353,0.0,0.0,0.0,0.84046525,0.08685394,0.0,0.0,0.0,0.0,0.0,0.0,0.006583356,0.0,0.0,0.0,0.0,0.0,0.0,0.0,0.0
0.0,0.0,0.0,0.23057242,0.0,0.0,0.0,0.0,0.0,0.0,0.0,0.0,0.0,0.0,0.0,0.0,0.0,0.0,0.12549105,0.25485328,0.0,0.0,0.14163387,0.0,0.0,0.0,0.0,0.0,0.0,0.0,0.0,0.0,0.0,0.0,0.0,0.24744932,0.0,0.0
0.0,0.0,0.019335918,0.0,0.0,0.0,0.0,0.0,0.0,0.0,0.0,0.0,0.0,0.3251143,0.0,0.0,0.0,0.0,0.0,0.0,0.0,0.3576534,0.0110202925,0.0,0.0,0.021446519,0.0,0.23715594,0.0,0.0,0.020094639,0.0,0.008178848,0.0,0.0,0.0,0.0,0.0
0.02611288,0.0,0.0,0.0,0.0,0.0,0.0,0.0,0.0,0.0,0.0,0.0,0.0,0.059088256,0.0,0.0,0.0,0.18391405,0.0,0.0,0.0,0.36040786,0.12240292,0.0,0.0,0.0,0.0,0.0027340776,0.0037713628,0.0,0.0,0.0,0.0,0.0,0.0,0.0,0.24156854,0.0
0.031154409,0.0,0.0,0.0,0.0,0.0,0.0,0.046316754,0.0,0.03583311,0.0,0.0,0.0046555293,0.009888367,0.0,0.080565654,0.0,0.0,0.0,0.0,0.0,0.42713124,0.06925461,0.29520035,0.0,0.0,0.0,0.0,0.0,0.0,0.0,0.0,0.0,0.0,0.0,0.0,0.0,0.0
0.1435678,0.0,0.0,0.0,0.0,0.17082791,0.0,0.0,0.0,0.0,0.0,0.0,0.0,0.0003916273,0.0,0.0,0.0,0.14966334,0.0,0.034377407,0.0,0.0,0.41883945,0.0,0.0,0.0,0.0,0.034080274,0.013599994,0.0,0.0,0.0,0.0,0.0,0.0,0.0,0.03465215,0.0
0.16504462,0.0,0.0,0.0,0.0,0.19638267,0.0,0.0,0.0,0.0,0.0,0.0,0.0,0.0,0.0,0.0,0.0,0.17387716,0.0,0.0,0.0,0.0,0.36198476,0.0,0.0,0.0,0.0,0.0,0.0,0.0,0.0,0.0,0.0,0.0,0.0,0.0,0.10271074,0.0
0.14483342,0.0,0.0,0.0,0.0,0.023420412,0.0,0.0,0.0,0.11566093,0.06284895,0.0,0.070676506,0.09562902,0.0,0.0635904,0.0,0.0,0.0,0.0,0.0,0.109272316,0.14580503,0.16289118,0.0,0.0,0.0,0.0,0.0,0.0,0.0,0.0,0.0,0.0,0.0,0.0,0.00537182,0.0
0.12987758,0.0,0.0,0.02302163,0.0,0.15453826,0.0,0.0,0.0,0.0,0.0,0.0,0.0,0.0,0.0,0.0,0.0,0.06891486,0.0,0.0,0.0,0.0,0.42225885,0.0,0.0,0.0,0.0,0.061214488,0.08735722,0.0,0.0,0.0,0.0,0.0,0.0,0.0,0.052817155,0.0
0.0,0.0,0.0,0.050338544,0.0,0.0,0.0,0.0,0.0,0.0,0.0,0.0,0.02822966,0.0,0.0,0.0,0.0,0.0,0.060825825,0.0,0.0,0.0,0.64959764,0.21100825,0.0,0.0,0.0,0.0,0.0,0.0,0.0,0.0,0.0,0.0,0.0,0.0,0.0,0.0
0.0,0.0,0.0,0.0,0.0,0.0,0.0,0.0,0.0,0.0,0.0,0.0,0.0,0.0,0.0,0.00080915046,0.0,0.0060219066,0.0,0.0,0.0,0.49876216,0.15354787,0.0,0.0,0.0,0.0,0.14873204,0.1921269,0.0,0.0,0.0,0.0,0.0,0.0,0.0,0.0,0.0
0.23717639,0.0,0.0,0.018675258,0.0,0.28221056,0.0,0.0,0.0,0.0,0.0,0.0,0.0,0.0014562029,0.0,0.0,0.007511412,0.08157261,0.0,0.06998567,0.0,0.027782714,0.27362922,0.0,0.0,0.0,0.0,0.0,0.0,0.0,0.0,0.0,0.0,0.0,0.0,0.0,0.0,0.0
0.23203209,0.0,0.0,0.0,0.0,0.2327421,0.0,0.0,0.02158628,0.0,0.0,0.0,0.0,0.01945466,0.0,0.09835311,0.0,0.0,0.0,0.045897104,0.0,0.0,0.2897486,0.06018605,0.0,0.0,0.0,0.0,0.0,0.0,0.0,0.0,0.0,0.0,0.0,0.0,0.0,0.0
0.1443998,0.0,0.0,0.0,0.0,0.1718179,0.0,0.0,0.0,0.0,0.0,0.0,0.0,0.0,0.0,0.0,0.0,0.099013224,0.0,0.040130742,0.0,0.0,0.38146663,0.0,0.0,0.0,0.0,0.13810097,0.025070759,0.0,0.0,0.0,0.0,0.0,0.0,0.0,0.0,0.0
0.0,0.0,0.0,0.0,0.0,0.0,0.0,0.0,0.0,0.0,0.0,0.0,0.0,0.0,0.0,0.0,0.0,0.0,0.0,0.0,0.0,0.41137734,0.1929282,0.0,0.0,0.0,0.0,0.0,0.0,0.0,0.0,0.0,0.0,0.13699423,0.0,0.0,0.25870022,0.0
0.0,0.0,0.0,0.081858985,0.0,0.0,0.0,0.0,0.07966782,0.0,0.0,0.0,0.012103965,0.0,0.0,0.0,0.0,0.01584546,0.08277891,0.0,0.0,0.0,0.50955695,0.19712439,0.0,0.0,0.021063507,0.0,0.0,0.0,0.0,0.0,0.0,0.0,0.0,0.0,0.0,0.0
0.18772873,0.0,0.0,0.0,0.0,0.17442481,0.0,0.0,0.0,0.017773448,0.039056774,0.0,0.0,0.08270301,0.0,0.0,0.0,0.03193591,0.0,0.0,0.0,0.0,0.26546237,0.0,0.0,0.0,0.0,0.0,0.0,0.0,0.0,0.0,0.0,0.0,0.0,0.0,0.20091489,0.0
0.0,0.0,0.0,0.0,0.01000777,0.0,0.0,0.0,0.0,0.0,0.023349738,0.0,0.06307792,0.0,0.0,0.0,0.0,0.24499102,0.0,0.0,0.0,0.59459627,0.040259253,0.0,0.0,0.0,0.0,0.0,0.0,0.023718042,0.0,0.0,0.0,0.0,0.0,0.0,0.0,0.0
0.17361197,0.0,0.0,0.0,0.0,0.21043742,0.0,0.0,0.0,0.0,0.0,0.0,0.0,0.0,0.0,0.0,0.0,0.0,0.0,0.0,0.0,0.0,0.31268638,0.0,0.0,0.0,0.0,0.2676239,0.03564037,0.0,0.0,0.0,0.0,0.0,0.0,0.0,0.0,0.0
0.0037335684,0.0,0.0,0.0,0.0,0.0,0.0,0.0,0.0,0.0,0.0,0.0,0.0,0.0,0.0,0.0,0.0,0.3171598,0.0,0.0,0.0,0.5055165,0.13445029,0.0,0.0,0.0,0.0,0.0,0.0,0.0,0.0,0.0,0.0,0.0,0.0,0.0,0.039139807,0.0
0.16995741,0.0,0.24948803,0.0,0.0,0.1624048,0.0,0.0,0.0,0.0,0.0,0.0,0.0,0.0,0.0,0.0,0.0,0.0,0.0,0.0,0.0,0.0,0.41393057,0.004219138,0.0,0.0,0.0,0.0,0.0,0.0,0.0,0.0,0.0,0.0,0.0,0.0,0.0,0.0
0.1336368,0.0,0.0,0.0,0.0,0.15901126,0.0,0.0,0.0,0.0,0.09003247,0.0,0.0,0.0,0.0,0.0,0.0,0.0,0.0,0.0,0.0,0.0,0.37711176,0.0,0.0,0.0,0.0,0.0,0.02095295,0.0,0.0,0.0,0.0,0.0,0.0,0.0,0.2192548,0.0
0.15797803,0.0,0.0,0.0,0.0,0.16260262,0.0,0.0,0.0,0.0,0.0,0.0,0.0,0.0,0.0,0.0,0.0,0.16475648,0.0,0.0,0.0,0.0,0.39434725,0.0,0.0,0.0,0.0,0.025664212,0.0,0.0,0.0,0.0,0.0,0.0,0.0,0.0,0.09465141,0.0
0.0,0.0,0.0,0.0,0.0,0.0,0.0,0.40911976,0.0,0.0,0.0,0.0,0.0,0.0,0.0,0.0,0.0,0.0,0.0,0.0,0.0,0.26944947,0.0,0.32143074,0.0,0.0,0.0,0.0,0.0,0.0,0.0,0.0,0.0,0.0,0.0,0.0,0.0,0.0
0.013715735,0.0,0.0,0.0,0.0,0.0,0.0,0.0,0.0,0.0,0.0,0.0,0.0,0.0,0.0,0.0,0.0,0.0,0.0,0.0,0.0,0.41394204,0.11411651,0.0,0.0,0.0,0.0,0.3624122,0.09581346,0.0,0.0,0.0,0.0,0.0,0.0,0.0,0.0,0.0
0.0,0.0,0.0,0.0,0.0,0.0,0.0,0.08066584,0.0,0.0,0.0,0.0,0.0,0.0,0.0,0.0,0.0,0.0,0.0,0.0,0.0,0.3888873,0.0,0.5304469,0.0,0.0,0.0,0.0,0.0,0.0,0.0,0.0,0.0,0.0,0.0,0.0,0.0,0.0
0.13007058,0.0,0.0,0.0,0.0,0.15476789,0.0,0.0,0.0,0.0,0.009754067,0.0,0.0,0.0,0.0,0.0,0.0,0.076591775,0.0,0.0,0.0,0.0,0.4051441,0.0,0.0,0.0,0.0,0.0,0.0,0.0,0.0,0.0,0.0,0.0,0.0,0.0,0.2236716,0.0
0.00783388,0.0,0.0,0.0,0.0,0.0,0.0,0.06616102,0.0,0.0,0.0,0.0,0.0,0.0,0.0,0.0,0.0,0.0,0.0,0.0,0.0,0.4584464,0.0,0.46755865,0.0,0.0,0.0,0.0,0.0,0.0,0.0,0.0,0.0,0.0,0.0,0.0,0.0,0.0
0.0,0.0,0.0,0.0,0.0,0.0,0.0,0.0,0.0,0.011756305,0.0,0.0,0.0,0.0,0.0,0.0,0.0,0.048009623,0.0,0.0,0.0,0.6778756,0.085506834,0.16618237,0.0,0.0,0.0,0.0,0.0,0.010669298,0.0,0.0,0.0,0.0,0.0,0.0,0.0,0.0
0.0,0.0,0.0,0.0,0.0,0.0,0.0,0.0,0.038453728,0.0,0.0,0.058348093,0.0,0.0,0.0,0.0,0.0,0.14453577,0.0,0.0,0.0,0.5760416,0.0,0.09081477,0.0,0.0,0.0,0.0,0.0,0.034380935,0.0,0.0,0.0,0.057425123,0.0,0.0,0.0,0.0
0.17135501,0.0,0.0,0.073564306,0.0,0.20175128,0.0,0.0,0.0,0.0,0.0,0.0,0.01415904,0.0,0.0,0.0,0.0,0.0,0.0,0.24202906,0.0,0.0,0.29714134,0.0,0.0,0.0,0.0,0.0,0.0,0.0,0.0,0.0,0.0,0.0,0.0,0.0,0.0,0.0
0.0,0.0,0.0,0.0,0.0,0.0,0.0,0.0,0.0,0.0,0.0,0.0,0.0,0.0,0.0,0.0,0.0,0.14573562,0.0,0.0,0.0,0.40298206,0.31350812,0.0,0.0,0.0,0.0,0.0,0.0,0.012548965,0.0,0.0,0.0,0.1252252,0.0,0.0,0.0,0.0
0.0,0.0,0.0,0.0,0.0,0.0,0.0,0.0,0.0,0.050510768,0.0,0.0,0.0,0.0,0.0,0.0,0.0,0.037935358,0.0,0.0,0.0,0.6939183,0.21191981,0.0,0.0,0.0,0.0,0.0,0.0,0.0057157646,0.0,0.0,0.0,0.0,0.0,0.0,0.0,0.0
0.0,0.0,0.0,0.05257473,0.0,0.0,0.0,0.0,0.0,0.0,0.0,0.0,0.028094608,0.0,0.0,0.0,0.0,0.03991229,0.0,0.025004648,0.0,0.540719,0.11992145,0.0,0.0,0.0,0.0,0.11977931,0.07399404,0.0,0.0,0.0,0.0,0.0,0.0,0.0,0.0,0.0
0.16287677,0.0,0.0,0.0,0.0,0.16345206,0.0,0.0,0.0,0.0,0.0,0.0,0.0,0.022686869,0.0,0.0,0.0,0.1916167,0.0,0.0,0.0,0.0,0.3692533,0.0,0.0,0.0,0.0,0.0,0.0,0.0,0.0,0.0,0.0,0.0,0.0,0.0,0.090114176,0.0
0.0,0.0,0.0,0.0,0.0,0.0,0.0,0.0,0.023240743,0.0,0.0,0.0,0.0,0.0,0.0,0.0,0.0,0.041133396,0.0,0.0,0.0,0.8510394,0.053451218,0.024287857,0.0,0.0,0.0,0.0,0.0,0.006847367,0.0,0.0,0.0,0.0,0.0,0.0,0.0,0.0
0.15015806,0.0,0.042617805,0.0,0.0,0.06569003,0.0,0.004114369,0.0,0.1175337,0.0,0.0,0.03889439,0.025483074,0.0,0.0,0.0,0.0,0.0,0.0,0.0,0.10091155,0.1606357,0.29396132,0.0,0.0,0.0,0.0,0.0,0.0,0.0,0.0,0.0,0.0,0.0,0.0,0.0,0.0
0.13095348,0.0,0.0,0.0,0.0,0.15581842,0.0,0.0,0.0,0.0,0.037098803,0.0,0.0,0.0,0.0,0.0,0.0,0.0146558145,0.0,0.0,0.0,0.0,0.39314947,0.0,0.0,0.0,0.0,0.0,0.03647432,0.0,0.0,0.0,0.0,0.0,0.0,0.0,0.23184972,0.0
0.0,0.0,0.0,0.0,0.0,0.060760196,0.0,0.0,0.0,0.033802863,0.0,0.0,0.0,0.0,0.0,0.0,0.0,0.16942568,0.0,0.0,0.0,0.54355913,0.15892006,0.0,0.0,0.0,0.0,0.0,0.0,0.033532117,0.0,0.0,0.0,0.0,0.0,0.0,0.0,0.0
0.0,0.0,0.0,0.0,0.0,0.0,0.0,0.0,0.0,0.0,0.084241964,0.0,0.0,0.0,0.0,0.0,0.0,0.0,0.0,0.0,0.0,0.48248634,0.0,0.020573253,0.0,0.0,0.0,0.0,0.0,0.0,0.0,0.0,0.0,0.0,0.0,0.0,0.41269842,0.0
0.2967253,0.0,0.0,0.0,0.0,0.3530664,0.0,0.0,0.0,0.0,0.0,0.0,0.0,0.0,0.0,0.0,0.0,0.0,0.0,0.0,0.0,0.0,0.20482825,0.0,0.0,0.0,0.0,0.14538006,0.0,0.0,0.0,0.0,0.0,0.0,0.0,0.0,0.0,0.0
0.2812755,0.0,0.0,0.0,0.0,0.33468306,0.0,0.0,0.0,0.0,0.0,0.0,0.0,0.0,0.0,0.0,0.0,0.0,0.0,0.04787877,0.0,0.0,0.22759546,0.0,0.0,0.0,0.0,0.103452586,0.005114579,0.0,0.0,0.0,0.0,0.0,0.0,0.0,0.0,0.0
0.0,0.0,0.0,0.0,0.0,0.0,0.0,0.052608084,0.0,0.0,0.0,0.013732417,0.0,0.0,0.0,0.0,0.0,0.17013672,0.0,0.0,0.0,0.4714173,0.0,0.26614517,0.0,0.0,0.0,0.0,0.0,0.025960296,0.0,0.0,0.0,0.0,0.0,0.0,0.0,0.0
0.0,0.0,0.0,0.0,0.0,0.0,0.0,0.0,0.081278875,0.0,0.0,0.0,0.0,0.0,0.0,0.0,0.0,0.13579148,0.0,0.0,0.0,0.045882847,0.5702716,0.011790639,0.0,0.0,0.0,0.0,0.0,0.0,0.0,0.0,0.0,0.15498455,0.0,0.0,0.0,0.0
0.16025268,0.0,0.0,0.0,0.0,0.16734403,0.0,0.0,0.0,0.0,0.0,0.0,0.0,0.0,0.0,0.0,0.0,0.2211111,0.0,0.0,0.0,0.0,0.34305888,0.0,0.0,0.0,0.0,0.0,0.0,0.0,0.0,0.0,0.0,0.0,0.0,0.0,0.10823336,0.0
0.0,0.0,0.0,0.0,0.0,0.0,0.0,0.0,0.0,0.0,0.0,0.0,0.0,0.0,0.0,0.0,0.0,0.0,0.0,0.0,0.0,0.07789348,0.5715211,0.08895355,0.0,0.0,0.0,0.0,0.0,0.0,0.0,0.0,0.0,0.26163188,0.0,0.0,0.0,0.0
0.0,0.0,0.021085836,0.0,0.0,0.0,0.0,0.0,0.0,0.0,0.0,0.0,0.0,0.0,0.0,0.0,0.0,0.0,0.0,0.0,0.0,0.0789512,0.0,0.0,0.0,0.0,0.0,0.7143703,0.0,0.0,0.0,0.0,0.007850026,0.0,0.0,0.0,0.17774265,0.0
0.21899904,0.0,0.0,0.0,0.0,0.19672416,0.0,0.0,0.0,0.11768158,0.0,0.0,0.019485496,0.0,0.0,0.0,0.0,0.0,0.0,0.0,0.0,0.01423896,0.17173696,0.2611338,0.0,0.0,0.0,0.0,0.0,0.0,0.0,0.0,0.0,0.0,0.0,0.0,0.0,0.0
0.13681129,0.0,0.0,0.0,0.0,0.16278851,0.0,0.0,0.0,0.0,0.08975208,0.0,0.0,0.0,0.0,0.0,0.0,0.0,0.0,0.0,0.0,0.0,0.36910957,0.0,0.0,0.0,0.0,0.0,0.0,0.0,0.0,0.0,0.0,0.0,0.0,0.0,0.2415386,0.0
0.14347818,0.0,0.0,0.11261025,0.0,0.13767932,0.0,0.0,0.0,0.0,0.0,0.0,0.11928303,0.0,0.0,0.0,0.0,0.0,0.024251256,0.0,0.0,0.0,0.30558982,0.0,0.0,0.0,0.0,0.11962549,0.0,0.0,0.0,0.0,0.0,0.0,0.037482638,0.0,0.0,0.0
0.0,0.0,0.0,0.0,0.0,0.0,0.0,0.0,0.0,0.0,0.0,0.0,0.0,0.0,0.0,0.0,0.0,0.064499564,0.0,0.0,0.0,0.0,0.6806263,0.16135287,0.0,0.0,0.0,0.0,0.0,0.0,0.0,0.0,0.0,0.09352135,0.0,0.0,0.0,0.0
0.17151862,0.0,0.119744256,0.0,0.0,0.18234514,0.0,0.0,0.0,0.0,0.0,0.0,0.0,0.0,0.0,0.0,0.0,0.0,0.0,0.0,0.0,0.0,0.37684005,0.11612546,0.0,0.0,0.0,0.0,0.0,0.0,0.0,0.0,0.0,0.033426523,0.0,0.0,0.0,0.0
0.0,0.0,0.0,0.0,0.0,0.0,0.0,0.0,0.0,0.0,0.0,0.0,0.094180934,0.0,0.0,0.0,0.0,0.027809165,0.0,0.0,0.0,0.5227595,0.11593837,0.0,0.0,0.0,0.0,0.08897309,0.15033899,0.0,0.0,0.0,0.0,0.0,0.0,0.0,0.0,0.0
0.0,0.0,0.0,0.0,0.0,0.0,0.0,0.0,0.0,0.0,0.0,0.0,0.0,0.0,0.0,0.0,0.0,0.16205959,0.0,0.0,0.0,0.6314595,0.07094781,0.0,0.0,0.0,0.0,0.0,0.0,0.0,0.0,0.0,0.0,0.13553315,0.0,0.0,0.0,0.0
0.18102027,0.0,0.0029442557,0.0,0.0,0.16972421,0.0,0.0,0.0,0.0,0.00055853056,0.0,0.0,0.032854356,0.0,0.07399879,0.0,0.0,0.0,0.0,0.0,0.0033283138,0.39731765,0.043755576,0.0,0.0,0.0,0.0,0.0,0.0,0.0,0.0,0.0,0.05855408,0.0,0.0,0.035943866,0.0
0.0,0.0,0.0,0.0,0.0,0.0,0.0,0.0,0.0,0.0,0.0,0.0,0.0,0.0,0.0,0.0,0.0,0.11558855,0.0,0.0,0.0,0.3886784,0.0056005837,0.0,0.0,0.0,0.0,0.0,0.0,0.0,0.0,0.23830336,0.0,0.25182906,0.0,0.0,0.0,0.0
0.0,0.0,0.0,0.0,0.0,0.0,0.0,0.0,0.0,0.011499311,0.0054387106,0.0,0.0,0.0,0.0,0.0,0.0,0.049904153,0.0,0.0,0.0,0.42198843,0.2689443,0.0,0.0,0.0,0.0,0.0,0.0,0.018461213,0.0,0.0,0.0,0.22376385,0.0,0.0,0.0,0.0
0.13266669,0.0,0.0,0.0,0.0,0.15547256,0.0,0.0,0.0,0.0,0.017824613,0.0,0.0,0.0,0.0,0.0,0.0,0.016016206,0.0,0.0,0.0,0.0,0.37247247,0.0,0.0,0.0,0.0,0.0,0.0,0.0,0.0,0.0,0.0,0.0,0.0,0.0,0.30554748,0.0
0.1372104,0.0,0.0,0.0,0.0,0.16326338,0.0,0.0,0.0,0.0,0.03312597,0.0,0.026634173,0.0,0.0,0.0,0.0,0.0,0.0,0.0,0.0,0.0,0.43163,0.0,0.0,0.0,0.0,0.10887906,0.05326812,0.0,0.0,0.0,0.0,0.0,0.0,0.0,0.04598881,0.0
0.13634975,0.0,0.0,0.0,0.0,0.16223934,0.0,0.0,0.0,0.0,0.07990275,0.0,0.0,0.0,0.0,0.0,0.0,0.0,0.0,0.0,0.0,0.0,0.4280512,0.0,0.0,0.0,0.0,0.056114584,0.037807003,0.0,0.0,0.0,0.0,0.0,0.0,0.0,0.09953539,0.0
0.0,0.0,0.0,0.28143206,0.0,0.0,0.0,0.0,0.0,0.019909263,0.0,0.0,0.0099437805,0.0,0.0,0.0,0.0,0.0,0.09190835,0.0,0.0,0.0,0.46022335,0.1365831,0.0,0.0,0.0,0.0,0.0,0.0,0.0,0.0,0.0,0.0,0.0,0.0,0.0,0.0
0.0,0.0,0.0,0.0,0.0,0.0,0.0,0.0,0.0,0.0,0.0,0.0,0.0,0.0,0.0,0.0,0.0,0.13446753,0.0,0.0,0.0,0.5111216,0.179521,0.0,0.0,0.0,0.0,0.0,0.0,0.0,0.0,0.0,0.0,0.17488983,0.0,0.0,0.0,0.0
0.0,0.0,0.0,0.034396842,0.0,0.0,0.0,0.0,0.0,0.0,0.0,0.0,0.16345707,0.0,0.0,0.0,0.0,0.0,0.26954302,0.0,0.0,0.36915728,0.08371725,0.0,0.0047206553,0.0,0.0,0.0,0.0,0.0,0.0,0.0,0.0,0.0,0.07500786,0.0,0.0,0.0
0.0,0.0,0.056490242,0.0,0.0,0.0,0.0,0.0,0.0,0.0,0.0,0.0,0.0,0.0,0.0,0.0,0.0,0.048876017,0.0,0.0,0.0,0.53929716,0.119606115,0.0,0.0,0.0,0.0,0.01029716,0.0,0.0,0.0,0.0,0.0,0.11164993,0.0,0.0,0.113783434,0.0
0.0,0.0,0.0,0.0,0.0,0.0,0.0,0.0,0.0,0.0,0.0,0.0,0.0,0.0,0.0,0.0,0.0,0.18130061,0.0,0.0,0.0,0.31834504,0.33921665,0.0,0.0,0.0,0.0,0.0,0.0,0.0,0.0,0.0,0.0,0.16113779,0.0,0.0,0.0,0.0
0.0,0.0,0.0,0.0,0.0,0.0,0.0,0.0,0.0,0.0,0.030299842,0.0,0.0,0.0,0.0,0.0,0.0,0.2047518,0.0,0.0,0.0,0.29037696,0.0,0.008595263,0.0,0.0,0.0,0.0,0.0,0.0,0.0,0.0,0.0,0.0,0.0,0.0,0.46597612,0.0
0.27402884,0.0,0.0,0.0,0.0,0.32606038,0.0,0.0,0.0,0.0,0.0,0.0,0.0,0.0,0.0,0.0,0.0,0.0,0.0,0.03404125,0.0,0.0,0.23859376,0.12727575,0.0,0.0,0.0,0.0,0.0,0.0,0.0,0.0,0.0,0.0,0.0,0.0,0.0,0.0
0.25263026,0.0,0.0,0.0,0.0,0.2647277,0.0,0.0,0.0,0.0,0.0,0.0,0.03386235,0.0,0.0,0.0,0.0,0.0,0.0,0.0,0.0,0.0,0.22590265,0.0,0.0,0.0,0.0,0.08839091,0.08892205,0.0,0.0,0.0,0.0,0.0,0.0,0.0,0.045564026,0.0
0.14269747,0.0,0.0,0.0,0.0,0.16979232,0.0,0.0,0.0,0.0,0.03927741,0.0,0.0,0.0,0.0,0.0,0.0,0.006791654,0.0,0.0,0.0,0.0,0.37346852,0.0,0.0,0.0,0.0,0.0,0.009462052,0.0,0.0,0.0,0.0,0.013510924,0.0,0.0,0.24499968,0.0
0.015066619,0.0,0.110743485,0.0,0.0,0.0,0.0,0.0483246,0.0,0.0,0.0,0.0,0.008179449,0.0,0.0,0.0,0.0,0.0,0.0,0.0,0.0,0.50659543,0.0,0.3110904,0.0,0.0,0.0,0.0,0.0,0.0,0.0,0.0,0.0,0.0,0.0,0.0,0.0,0.0
0.20276019,0.0,0.0,0.018159658,0.0,0.24125953,0.0,0.0,0.0,0.0,0.0,0.0,0.0,0.0,0.0,0.0,0.0076143667,0.105287015,0.0,0.066531226,0.0,0.056189425,0.30219865,0.0,0.0,0.0,0.0,0.0,0.0,0.0,0.0,0.0,0.0,0.0,0.0,0.0,0.0,0.0
0.0,0.0,0.0,0.0,0.0,0.0,0.0,0.0,0.11252896,0.0,0.0,0.0,0.0,0.0,0.0,0.0,0.0,0.1713293,0.0,0.0,0.0,0.06352387,0.61606705,0.016323902,0.0,0.0,0.0,0.0,0.009687129,0.0,0.0,0.0,0.0,0.010539845,0.0,0.0,0.0,0.0
0.1303856,0.0,0.0,0.0,0.0,0.15514274,0.0,0.0,0.0,0.0,0.06256019,0.0,0.0,0.0,0.0,0.0,0.0,0.046115786,0.0,0.0,0.0,0.0,0.3912196,0.0,0.0,0.0,0.0,0.0,0.0,0.0,0.0,0.0,0.0,0.0,0.0,0.0,0.21457613,0.0
0.1319057,0.0,0.0,0.0,0.0,0.15596157,0.0,0.0,0.0,0.0,0.0,0.0,0.0,0.0,0.0,0.0,0.0,0.0,0.0,0.0,0.0,0.0,0.39648974,0.0,0.0,0.0,0.0,0.0,0.0,0.0,0.0,0.0,0.0,0.030335022,0.0,0.0,0.2853079,0.0
0.0,0.0,0.0,0.007312672,0.0,0.0,0.0,0.0,0.0,0.0,0.0,0.0,0.02594053,0.0,0.0,0.0,0.0,0.027921831,0.004953608,0.0,0.0,0.3637041,0.38754958,0.0,0.0,0.0,0.0,0.085481636,0.09264937,0.0,0.0,0.0,0.0,0.004486694,0.0,0.0,0.0,0.0
0.12931432,0.0,0.0,0.0,0.0,0.15386805,0.0,0.0,0.0,0.0,0.0,0.0,0.0,0.0,0.0,0.0,0.0,0.0,0.0,0.0,0.0,0.0,0.4150918,0.0,0.0,0.0,0.0,0.03464335,0.093690015,0.0,0.0,0.0,0.0,0.0,0.0,0.0,0.17339244,0.0
0.03617618,0.0,0.0,0.0,0.0,0.0,0.0,0.10049637,0.023709593,0.0,0.0,0.0,0.0,0.0,0.0,0.06332164,0.0,0.0,0.0,0.0,0.0,0.44764212,0.0,0.32865408,0.0,0.0,0.0,0.0,0.0,0.0,0.0,0.0,0.0,0.0,0.0,0.0,0.0,0.0
0.0,0.0,0.0,0.0,0.0,0.0,0.0,0.0,0.08954802,0.0,0.0,0.0,0.10226783,0.0,0.0,0.0,0.0,0.0,0.10259513,0.0,0.0,0.050550878,0.642048,0.012990195,0.0,0.0,0.0,0.0,0.0,0.0,0.0,0.0,0.0,0.0,0.0,0.0,0.0,0.0
0.13258444,0.0,0.0,0.0,0.0,0.15775907,0.0,0.0,0.0,0.0,0.0,0.0,0.0,0.0,0.0,0.0,0.0,0.1724112,0.0,0.0,0.0,0.0,0.43410015,0.0,0.0,0.0,0.0,0.0,0.0,0.0,0.0,0.0,0.0,0.0,0.0,0.0,0.10314519,0.0
0.1604276,0.0,0.0,0.0,0.0,0.17971215,0.0,0.0,0.0,0.0,0.04074651,0.0,0.0,0.0,0.0,0.0,0.0,0.049133092,0.0,0.0,0.0,0.0,0.33946756,0.0,0.0,0.0,0.0,0.06617517,0.045227677,0.0,0.0,0.0,0.0,0.013894087,0.0,0.0,0.10521606,0.0
0.026622852,0.0,0.079582386,0.0,0.0,0.0,0.0,0.049320407,0.0,0.0,0.0,0.0,0.0048354683,0.0,0.0,0.0,0.0,0.0,0.0,0.0,0.0,0.45963156,0.067074746,0.28952608,0.0,0.0,0.0,0.0,0.0,0.0,0.0,0.0,0.0,0.023406506,0.0,0.0,0.0,0.0
0.0,0.0,0.0,0.064288214,0.0,0.0,0.0,0.0,0.0,0.0,0.0,0.0,0.0,0.0,0.0,0.0,0.0,0.0,0.07578551,0.0,0.0,0.020949258,0.60767937,0.23129769,0.0,0.0,0.0,0.0,0.0,0.0,0.0,0.0,0.0,0.0,0.0,0.0,0.0,0.0
0.13015701,0.0,0.0,0.08079016,0.0,0.15412648,0.0,0.0,0.0,0.0,0.0,0.0,0.06294304,0.0,0.0,0.0,0.0,0.067254014,0.0,0.0,0.0,0.0,0.39940435,0.0,0.0,0.0,0.0,0.051936846,0.053388182,0.0,0.0,0.0,0.0,0.0,0.0,0.0,0.0,0.0
0.0,0.0,0.0,0.0,0.0,0.0,0.0,0.0,0.08986682,0.0,0.0,0.0,0.08912186,0.0,0.0,0.0,0.0,0.0,0.09591435,0.0,0.0,0.050730836,0.64558166,0.01303644,0.0,0.0,0.0,0.0,0.0,0.0,0.0,0.0,0.0,0.015747942,0.0,0.0,0.0,0.0
0.0,0.0,0.03779493,0.0,0.0,0.0,0.0,0.0,0.0,0.0,0.0,0.0,0.0,0.0,0.0,0.0,0.0,0.14803043,0.0,0.0,0.0,0.35849926,0.3820035,0.0,0.0,0.0,0.0,0.027372252,0.04629962,0.0,0.0,0.0,0.0,0.0,0.0,0.0,0.0,0.0
0.1353978,0.0,0.0,0.0,0.0,0.16110665,0.0,0.0,0.0,0.0,0.0,0.0,0.0,0.07012368,0.0,0.0,1.2806607e-05,0.15873998,0.0,0.011677697,0.0,0.045770533,0.3893739,0.0,0.0,0.0,0.0,0.0,0.0,0.0,0.0,0.0,0.0,0.0,0.0,0.0,0.027796965,0.0
0.0,0.0,0.0,0.0,0.0,0.0,0.0,0.0,0.0,0.0,0.0,0.0,0.0,0.0,0.0,0.0,0.0,0.031871796,0.0,0.0,0.0,0.3668634,0.39091602,0.0,0.0,0.0,0.0,0.062489163,0.06704983,0.0,0.0,0.0,0.0,0.05604927,0.0,0.0,0.024760602,0.0
0.0,0.0,0.0,0.0,0.0,0.0,0.0,0.0,0.0,0.0,0.0,0.0,0.0,0.0,0.0,0.0,0.0,0.04598832,0.0,0.0,0.0,0.0,0.6759284,0.13647456,0.0,0.0,0.0,0.0,0.0,0.0,0.0,0.0,0.0,0.14160876,0.0,0.0,0.0,0.0
0.12732579,0.0,0.0,0.0,0.0,0.15150195,0.0,0.0,0.0,0.0,0.08855037,0.0,0.0,0.0,0.0,0.0,0.0,0.0,0.0,0.0,0.0,0.0,0.38987058,0.0,0.0,0.0,0.0,0.0,0.0,0.0,0.0,0.0,0.0,0.0,0.0,0.0,0.24275133,0.0
0.0,0.0,0.0,0.0,0.0,0.0,0.0,0.0,0.0,0.0,0.0,0.0,0.0,0.0,0.0,0.0,0.0,0.0,0.0,0.0,0.0,0.07673731,0.563038,0.13493146,0.0,0.0,0.0,0.0,0.0,0.0,0.0,0.0,0.0,0.22529326,0.0,0.0,0.0,0.0
0.0,0.0,0.0,0.0,0.0,0.0,0.0,0.0,0.0,0.020462394,0.0,0.0,0.0,0.0,0.0,0.0,0.0,0.033779934,0.0,0.0,0.0,0.8501212,0.090546794,0.0,0.0,0.0,0.0,0.0,0.0,0.0050896625,0.0,0.0,0.0,0.0,0.0,0.0,0.0,0.0
0.117490865,0.0,0.0,0.0,0.0,0.1397996,0.0,0.0,0.0,0.0,0.0,0.0,0.0,0.0,0.0,0.0,0.0,0.0,0.0,0.0,0.0,0.0,0.41649663,0.0,0.0,0.0,0.0,0.32621297,0.0,0.0,0.0,0.0,0.0,0.0,0.0,0.0,0.0,0.0
0.14613788,0.0,0.0,0.0,0.0,0.1547497,0.0,0.0,0.0,0.0,0.0062244586,0.0,0.0,0.0,0.0,0.0,0.0,0.0,0.0,0.0,0.0,0.0,0.38949165,0.0,0.0,0.0,0.0,0.0,0.0,0.0,0.0,0.0,0.0,0.0,0.0,0.0,0.30339634,0.0
0.21278924,0.0,0.0,0.0,0.0,0.17878383,0.0,0.0,0.0,0.0,0.0,0.0,0.0,0.008547547,0.0,0.0,0.0,0.15210803,0.0,0.0,0.0,0.0023592236,0.37617442,0.0,0.0,0.0,0.0,0.0,0.0,0.0,0.0,0.0,0.0,0.0,0.0,0.0,0.069237754,0.0
0.0,0.0,0.0,0.0,0.0,0.0,0.0,0.0,0.0,0.0,0.0,0.0,0.0,0.0,0.0,0.0,0.0,0.023402533,0.22812338,0.0,0.0,0.5696514,0.1756237,0.0,0.0,0.0,0.0,0.0,0.0,0.0031989447,0.0,0.0,0.0,0.0,0.0,0.0,0.0,0.0
0.02262145,0.0,0.0,0.0024771513,0.0,0.0,0.0,0.0,0.02362373,0.0,0.03609396,0.0,0.04623239,0.0,0.0,0.010696331,0.0,0.0,0.0,0.023054406,0.0,0.540617,0.077321716,0.15592368,0.0,0.0,0.0,0.020396687,0.019882146,0.0,0.0,0.0,0.0,0.021059312,0.0,0.0,0.0,0.0
0.0,0.0,0.0,0.0,0.0,0.0,0.0,0.0,0.0,0.0,0.0,0.0,0.0,0.0,0.0,0.0,0.0,0.109347925,0.0,0.0,0.0,0.38368675,0.17994185,0.0,0.0,0.0,0.0,0.1852263,0.14179718,0.0,0.0,0.0,0.0,0.0,0.0,0.0,0.0,0.0
0.0,0.0,0.0,0.0,0.0,0.0,0.0,0.0,0.0,0.0,0.0,0.0,0.026801797,0.0,0.0,0.0,0.0,0.0,0.060427498,0.0,0.0,0.0,0.7190655,0.18240963,0.0,0.0,0.0,0.0,0.0,0.0,0.0,0.0,0.0,0.011295558,0.0,0.0,0.0,0.0
0.0,0.0,0.0,0.0,0.0,0.0,0.0,0.0,0.0,0.0,0.0027751958,0.0,0.0,0.0,0.0,0.0,0.0,0.011029905,0.0,0.0,0.0,0.34865132,0.15769705,0.0,0.0,0.0,0.0,0.0,0.0,0.0,0.0,0.0,0.0,0.0126886275,0.0,0.0,0.46715793,0.0
0.14007996,0.0,0.0,0.0,0.0,0.16667783,0.0,0.0,0.0,0.0,0.034646366,0.0,0.0,0.0,0.0,0.0,0.0,0.0,0.0,0.0,0.0,0.0,0.36747637,0.0,0.0,0.0,0.0,0.0,0.0,0.0,0.0,0.0,0.0,0.0,0.0,0.0,0.29111952,0.0
0.0,0.0,0.0,0.0,0.0,0.0,0.0,0.0,0.0,0.0,0.0,0.0,0.0,0.0,0.0,0.0,0.0,0.19544673,0.0,0.0,0.0,0.32959235,0.35120136,0.0,0.0,0.0,0.0,0.0,0.0,0.0,0.0,0.0,0.0,0.12375955,0.0,0.0,0.0,0.0
0.0,0.0,0.0,0.0,0.0,0.0,0.0,0.0,0.0,0.0,0.0951009,0.0,0.0,0.0,0.0,0.0,0.0,0.13659002,0.0,0.0,0.0,0.39825723,0.0058906768,0.019616028,0.0,0.0,0.0,0.0,0.0,0.0,0.0,0.0,0.0,0.0,0.0,0.0,0.3445451,0.0
0.19060905,0.0,0.0,0.12712003,0.0,0.1857197,0.0,0.0,0.0,0.029210992,0.03039811,0.0,0.06630133,0.0,0.0,0.0,0.0,0.0,0.0,0.04622143,0.0,0.0,0.3020659,0.0,0.0,0.0,0.0,0.004834881,0.017518383,0.0,0.0,0.0,0.0,0.0,0.0,0.0,0.0,0.0
0.12440389,0.0,0.0,0.0,0.0,0.02936193,0.0,0.0,0.0,0.09632765,0.0,0.0,0.111411884,0.0,0.0,0.0,0.0,0.0,0.0,0.0,0.0,0.064736046,0.19044328,0.0,0.0,0.0,0.0,0.3833153,0.0,0.0,0.0,0.0,0.0,0.0,0.0,0.0,0.0,0.0
0.12714346,0.0,0.0,0.0,0.0,0.151285,0.0,0.0,0.0,0.0,0.0,0.0,0.0,0.0643326,0.0,0.02246213,0.0,0.1337773,0.0,0.0,0.0,0.06365359,0.3885058,0.0,0.0,0.0,0.0,0.0,0.0,0.0,0.0,0.0,0.0,0.0,0.0,0.0,0.0488402,0.0
0.0,0.0,0.0,0.0,0.0,0.0,0.0,0.0,0.0,0.0,0.0,0.0,0.0,0.0,0.0,0.0,0.0,0.19880797,0.0,0.0,0.0,0.33679035,0.3588713,0.0,0.0,0.0,0.0,0.0,0.0,0.0,0.0,0.0,0.0,0.09113143,0.0,0.0,0.014398916,0.0
0.22645865,0.0,0.0,0.0,0.0,0.17624445,0.0,0.0,0.0,0.0,0.0,0.0,0.0,0.033118054,0.0,0.026321758,0.0,0.09516071,0.0,0.0,0.0,0.0,0.39185154,0.0,0.0,0.0009118901,0.0,0.0,0.0,0.0,0.0,0.0,0.0,0.0,0.0,0.0,0.049932975,0.0
0.17678356,0.0,0.0,0.0,0.0,0.18254693,0.0,0.0,0.0,0.0,0.07009342,0.0,0.0,0.0,0.026212506,0.0,0.0,0.0,0.0,0.062014613,0.0,0.0,0.38279048,0.0,0.0,0.0,0.0,0.07369562,0.0,0.0,0.0,0.0,0.0,0.0,0.0,0.0,0.025862778,0.0
0.0,0.0,0.0,0.0,0.0,0.0,0.0,0.0,0.0,0.0,0.17126264,0.0,0.0,0.0,0.0,0.0,0.0,0.0,0.0,0.0,0.0,0.48879966,0.051365677,0.06755886,0.0,0.0,0.0,0.0,0.0,0.0,0.0,0.0,0.0,0.0,0.0,0.0,0.22101311,0.0
0.0,0.0,0.0,0.0,0.0,0.0,0.0,0.0,0.0,0.0,0.0,0.0,0.0,0.0,0.0,0.0,0.0,0.042540498,0.00014408902,0.0,0.0,0.0,0.64060014,0.1785235,0.0,0.0,0.0,0.0,0.0,0.0,0.0,0.0,0.0,0.1381918,0.0,0.0,0.0,0.0
0.0,0.0,0.0,0.0,0.0,0.0,0.0,0.0,0.0,0.0,0.01361067,0.0,0.0,0.0,0.0,0.0,0.0,0.040617745,0.0,0.0,0.0,0.6376538,0.0020375738,0.0,0.0,0.0,0.0,0.0,0.0,0.015128012,0.0,0.0,0.0,0.29095224,0.0,0.0,0.0,0.0
0.21601263,0.0,0.0,0.0,0.0,0.2570283,0.0,0.0,0.0,0.0,0.0904094,0.0,0.0,0.0,0.0,0.0,0.0,0.0,0.0,0.0,0.0,0.0,0.29102656,0.0,0.0,0.0,0.0,0.00057015684,0.017838735,0.0,0.0,0.0,0.0,0.0,0.0,0.0,0.12711415,0.0
0.0,0.0,0.0,0.0,0.0,0.016786879,0.0,0.0,0.0,0.012350036,0.0,0.0,0.0,0.0,0.0,0.0,0.0,0.0943679,0.0,0.0,0.0,0.7187881,0.08751216,0.0,0.0,0.0,0.0,0.0,0.0,0.012449596,0.0,0.0,0.0,0.057745345,0.0,0.0,0.0,0.0
0.0,0.0,0.0,0.0,0.0,0.0,0.0,0.22344115,0.0,0.0,0.0,0.0,0.0,0.0,0.0,0.0,0.0,0.0,0.0,0.0,0.0,0.35200974,0.0,0.42454913,0.0,0.0,0.0,0.0,0.0,0.0,0.0,0.0,0.0,0.0,0.0,0.0,0.0,0.0
0.0,0.0,0.0,0.0,0.0,0.0,0.0,0.35508785,0.0,0.0,0.0,0.0,0.0,0.0,0.0,0.0,0.0,0.0,0.0,0.0,0.0,0.27331406,0.0,0.3715981,0.0,0.0,0.0,0.0,0.0,0.0,0.0,0.0,0.0,0.0,0.0,0.0,0.0,0.0
0.13755533,0.0,0.0,0.0,0.0,0.16367382,0.0,0.0,0.0,0.0,0.0,0.0,0.09766049,0.0,0.0,0.0,0.0,0.0,0.0,0.0,0.0,0.0,0.4126826,0.0,0.0,0.0,0.0,0.12505059,0.063377194,0.0,0.0,0.0,0.0,0.0,0.0,0.0,0.0,0.0
0.17486855,0.0,0.0,0.004335405,0.0,0.20807195,0.0,0.0,0.0,0.0,0.0,0.0,0.099691845,0.0,0.0,0.0,0.0,0.0,0.0,0.0,0.0,0.0,0.37216443,0.0,0.0,0.0,0.0,0.11975305,0.021114724,0.0,0.0,0.0,0.0,0.0,0.0,0.0,0.0,0.0
0.0,0.0,0.0,0.0,0.0,0.0,0.0,0.07296728,0.0,0.0,0.0,0.0,0.0,0.0,0.0,0.0,0.0,0.0,0.0,0.0,0.0,0.17626308,0.0,0.7507696,0.0,0.0,0.0,0.0,0.0,0.0,0.0,0.0,0.0,0.0,0.0,0.0,0.0,0.0
0.0,0.0,0.0,0.0,0.0,0.0,0.0,0.0,0.0,0.0,0.0,0.0,0.0,0.0,0.0,0.0,0.0,0.06348291,0.0,0.0,0.0,0.36449975,0.1709435,0.0,0.0,0.0,0.0,0.0,0.0,0.0,0.0,0.0,0.0,0.038941827,0.0,0.0,0.36213198,0.0
0.20398858,0.0,0.0,0.0,0.0,0.24272117,0.0,0.0,0.0,0.0,0.030427603,0.0,0.0,0.0,0.0,0.0,0.0,0.018788548,0.0,0.0,0.0,0.0,0.34915125,0.0,0.0,0.0,0.0,0.034379367,0.035754904,0.0,0.0,0.0,0.0,0.013258596,0.0,0.0,0.07152999,0.0
0.13082056,0.0,0.0,0.0,0.0,0.15566029,0.0,0.0,0.0,0.0,0.0,0.0,0.0,0.0,0.0,0.0,0.0,0.0,0.0,0.0,0.0,0.0,0.40650234,0.0,0.0,0.0,0.0,0.0,0.0,0.0,0.0,0.0,0.0,0.0471963,0.0,0.0,0.25982052,0.0
0.0,0.0,0.0,0.0,0.0,0.0,0.0,0.0,0.0,0.0,0.08913352,0.0,0.0,0.0,0.0,0.0,0.0,0.0,0.0,0.0,0.0,0.4829157,0.0,0.022257952,0.0,0.0,0.0,0.0,0.0,0.0,0.0,0.0,0.0,0.0,0.0,0.0,0.40569285,0.0
0.0,0.0,0.0,0.0,0.0,0.0,0.0,0.0,0.09161575,0.0,0.0,0.0,0.0,0.0,0.0,0.0,0.0,0.16426198,0.0,0.0,0.0,0.051718134,0.64889485,0.013290148,0.0,0.0,0.0,0.0,0.030219143,0.0,0.0,0.0,0.0,0.0,0.0,0.0,0.0,0.0
0.16124362,0.0,0.0,0.19352196,0.0,0.16807878,0.0,0.0,0.0,0.0,0.0,0.0,0.053046234,0.0,0.0,0.0,0.0,0.0,0.0,0.003784809,0.0,0.0,0.30733868,0.0,0.0,0.0,0.0,0.11298591,0.0,0.0,0.0,0.0,0.0,0.0,0.0,0.0,0.0,0.0
0.29546767,0.0,0.0,0.0,0.0,0.37297255,0.0,0.0,0.0,0.0,0.0,0.0,0.0,0.0,0.0,0.0,0.0,0.0,0.0,0.05361508,0.0,0.0,0.18526475,0.09267997,0.0,0.0,0.0,0.0,0.0,0.0,0.0,0.0,0.0,0.0,0.0,0.0,0.0,0.0
0.16432308,0.0,0.0,0.0,0.0,0.19552413,0.0,0.0,0.0,0.0,0.0,0.0,0.0,0.06334313,0.0,0.0,0.0,0.0,0.0,0.0,0.0,0.0,0.38278997,0.19401963,0.0,0.0,0.0,0.0,0.0,0.0,0.0,0.0,0.0,0.0,0.0,0.0,0.0,0.0
0.0,0.0,0.0,0.0,0.0,0.0,0.0,0.0,0.01247916,0.0,0.0,0.0,0.0,0.0,0.0,0.0,0.0,0.031227559,0.0,0.0,0.0,0.83699125,0.114596955,0.0,0.0,0.0,0.0,0.0,0.0,0.004705093,0.0,0.0,0.0,0.0,0.0,0.0,0.0,0.0
0.1519237,0.0,0.0,0.07670716,0.0,0.1807704,0.0,0.0,0.0,0.0,0.0,0.0,0.0,0.0,0.02281582,0.0,0.0,0.0,0.0,0.16255611,0.0,0.0,0.40522683,0.0,0.0,0.0,0.0,0.0,0.0,0.0,0.0,0.0,0.0,0.0,0.0,0.0,0.0,0.0
0.0,0.0,0.0,0.0,0.0,0.0,0.0,0.0,0.0,0.047895543,0.0,0.0,0.0,0.0,0.0,0.0,0.0,0.06027735,0.0,0.0,0.0,0.5951128,0.14949459,0.0,0.0,0.0,0.0,0.0,0.0,0.02033212,0.0,0.0,0.0,0.12688762,0.0,0.0,0.0,0.0
0.0,0.0,0.0,0.0,0.0,0.0,0.0,0.0,0.0,0.0,0.0,0.0,0.0,0.0,0.0,0.0,0.0,0.11190989,0.036331557,0.0,0.0,0.2780719,0.10195598,0.0,0.0,0.0,0.0,0.0,0.0,0.0,0.0,0.2580401,0.0,0.21369058,0.0,0.0,0.0,0.0
0.12208788,0.0,0.0,0.0,0.0,0.14363903,0.0,0.0,0.0,0.0,0.0,0.0,0.049031127,0.0,0.0,0.0,0.0,0.0,0.0,0.0,0.0,0.0,0.39481658,0.0,0.0,0.0,0.0,0.23714754,0.05327777,0.0,0.0,0.0,0.0,0.0,0.0,0.0,0.0,0.0
0.0,0.0,0.0,0.0,0.0,0.0,0.0,0.0,0.0,0.0,0.0,0.0,0.0,0.0,0.0,0.0,0.0,0.16683954,0.0,0.0,0.0,0.6526051,0.172429,0.0,0.0,0.0,0.0,0.0,0.0,0.008126239,0.0,0.0,0.0,0.0,0.0,0.0,0.0,0.0
0.16548117,0.0,0.0,0.0,0.0,0.19690213,0.0,0.0,0.0,0.0,0.0,0.0,0.0,0.0,0.0,0.0,0.0,0.0935412,0.0,0.0,0.0,0.0,0.35151836,0.0,0.0,0.0,0.0,0.033766035,0.086798795,0.0,0.0,0.0,0.0,0.0,0.0,0.0,0.07199222,0.0
0.11748651,0.0,0.0,0.0,0.0,0.13979441,0.0,0.0,0.0,0.0,0.0,0.0,0.0,0.09054311,0.0,0.019910976,0.0,0.12329553,0.0,0.0,0.0,0.011815356,0.42304087,0.0,0.0,0.0,0.0,0.02326966,0.0,0.0,0.0,0.0,0.0,0.0,0.0,0.0,0.050843604,0.0
0.0,0.0,0.0,0.0,0.0,0.0,0.0,0.0,0.09223494,0.0,0.0,0.0,0.0,0.0,0.0,0.0,0.0,0.17289917,0.0,0.0,0.0,0.05206767,0.65017647,0.01337997,0.0,0.0,0.0,0.0,0.019241702,0.0,0.0,0.0,0.0,0.0,0.0,0.0,0.0,0.0
0.14920124,0.0,0.030620564,0.0,0.0,0.17753103,0.0,0.0,0.0,0.0,0.0038657205,0.0,0.0,0.06395334,0.0,0.05782555,0.0,0.0,0.0,0.0,0.0,0.0,0.41265193,0.104350686,0.0,0.0,0.0,0.0,0.0,0.0,0.0,0.0,0.0,0.0,0.0,0.0,0.0,0.0
0.0,0.0,0.0,0.0,0.0,0.0,0.0,0.0,0.0,0.021444146,0.0,0.0,0.0,0.0,0.0,0.0,0.0,0.04740484,0.0,0.0,0.0,0.8357999,0.08820864,0.0,0.0,0.0,0.0,0.0,0.0,0.007142543,0.0,0.0,0.0,0.0,0.0,0.0,0.0,0.0
0.15307051,0.0,0.0,0.0,0.0,0.18213496,0.0,0.0,0.0,0.0,0.10926805,0.0,0.0,0.0,0.0,0.0,0.0,0.0,0.0,0.0,0.0,0.0,0.34806648,0.0,0.0,0.0,0.0,0.0,0.0,0.0,0.0,0.0,0.0,0.0,0.0,0.0,0.20745997,0.0
0.0,0.0,0.0,0.0,0.0,0.0,0.0,0.0,0.0,0.035503007,0.0,0.0,0.0,0.0,0.0,0.0,0.0,0.04290877,0.0,0.0,0.0,0.7678879,0.14723521,0.0,0.0,0.0,0.0,0.0,0.0,0.0064651147,0.0,0.0,0.0,0.0,0.0,0.0,0.0,0.0
0.0,0.0,0.0,0.0,0.0,0.0,0.0,0.0,0.0,0.0,0.043266237,0.0,0.0,0.0,0.0,0.0,0.0,0.07998118,0.0,0.0,0.0,0.5413749,0.019642556,0.02300896,0.0,0.0,0.0,0.067122,0.0,0.0,0.0,0.0,0.0,0.0,0.0,0.0,0.22560416,0.0
0.0,0.0,0.0,0.0,0.0,0.0,0.0,0.0,0.0,0.060288016,0.0,0.0,0.0,0.0,0.0,0.0,0.0,0.12609357,0.0,0.0,0.0,0.5661919,0.22519036,0.0,0.0,0.0,0.0,0.0,0.0,0.022236228,0.0,0.0,0.0,0.0,0.0,0.0,0.0,0.0
0.0,0.0,0.0,0.0,0.05414427,0.0,0.0,0.31484735,0.009382306,0.0,0.0,0.0,0.018597161,0.0,0.027659979,0.0,0.0,0.0,0.0,0.0,0.0,0.31609547,0.0,0.25927344,0.0,0.0,0.0,0.0,0.0,0.0,0.0,0.0,0.0,0.0,0.0,0.0,0.0,0.0
0.0,0.0,0.0,0.0,0.0,0.05854479,0.0,0.004334985,0.0,0.0,0.0,0.0,0.084604405,0.0,0.11895276,0.0,0.0,0.0,0.0,0.031600904,0.0,0.50394017,0.022734525,0.17528759,0.0,0.0,0.0,0.0,0.0,0.0,0.0,0.0,0.0,0.0,0.0,0.0,0.0,0.0
0.0,0.0,0.0,0.0,0.0,0.0,0.0,0.0,0.0,0.01935593,0.0,0.0,0.0,0.0,0.0,0.0,0.0,0.06042886,0.0,0.0,0.0,0.6112388,0.09863505,0.0,0.0,0.0,0.0,0.0,0.0,0.017107617,0.0,0.0,0.0,0.19323376,0.0,0.0,0.0,0.0
0.0,0.0,0.0,0.0,0.0,0.0,0.0,0.0,0.0,0.0,0.093418725,0.0,0.0,0.0,0.0,0.0,0.0,0.0,0.0,0.0,0.0,0.4841339,0.0,0.023053344,0.0,0.0,0.0,0.0,0.0,0.0,0.0,0.0,0.0,0.0,0.0,0.0,0.399394,0.0
0.13370351,0.0,0.0,0.0,0.0,0.15909064,0.0,0.0,0.0,0.0,0.058974516,0.0,0.0,0.0,0.0,0.0,0.0,0.0,0.0,0.0,0.0,0.0,0.38026303,0.0,0.0,0.0,0.0,0.0,0.0,0.0,0.0,0.0,0.0,0.0,0.0,0.0,0.26796836,0.0
0.0,0.0,0.0,0.15117495,0.0,0.0,0.0,0.0,0.0,0.0,0.0,0.0,0.0,0.0,0.0,0.0,0.0,0.0,0.035695184,0.2279466,0.0,0.0,0.048793677,0.0,0.0,0.0,0.0,0.021471154,0.0,0.0,0.0,0.0,0.0,0.0,0.0,0.51491845,0.0,0.0
0.010888481,0.0,0.0,0.0,0.0,0.0,0.0,0.0,0.0,0.0,0.0,0.0,0.03143871,0.0,0.0,0.0,0.0,0.0,0.0,0.0,0.0,0.5665042,0.10318163,0.06922056,0.0,0.0,0.0,0.0,0.0,0.0,0.0,0.0,0.0,0.21876653,0.0,0.0,0.0,0.0
0.0,0.0,0.0,0.0,0.00883377,0.0,0.0,0.0,0.0,0.0,0.0,0.0,0.0,0.0,0.0,0.0,0.0,0.3080819,0.0,0.0,0.0,0.51260513,0.14122978,0.0,0.0,0.0,0.0,0.0,0.0,0.0,0.0,0.0,0.0,0.016637621,0.0,0.0,0.0126118045,0.0
0.1393164,0.0,0.0,0.0,0.0,0.16576926,0.0,0.0,0.0,0.0,0.067204766,0.0,0.0,0.0,0.0,0.0,0.0,0.0,0.0,0.0,0.0,0.0,0.40747702,0.0,0.0,0.0,0.0,0.09292865,0.091045566,0.0,0.0,0.0,0.0,0.0,0.0,0.0,0.036258318,0.0
0.0,0.0,0.019266434,0.0,0.0,0.0,0.0,0.0,0.0,0.0,0.0,0.0,0.0,0.15653354,0.0,0.0,0.0,0.0,0.0,0.0,0.0,0.19639477,0.0,0.0,0.0,0.0045672744,0.0,0.5985276,0.0,0.0,0.005645211,0.0,0.019065097,0.0,0.0,0.0,0.0,0.0
0.0,0.0,0.0,0.0,0.0,0.0,0.0,0.0,0.0,0.0,0.0,0.0,0.0,0.0,0.0,0.0,0.0,0.04094083,0.0,0.0,0.0,0.0,0.6884681,0.18335336,0.0,0.0,0.0,0.0,0.0,0.0,0.0007468976,0.0,0.0,0.0697906,0.016700203,0.0,0.0,0.0
0.16904576,0.0,0.0,0.0,0.0,0.20114355,0.0,0.0,0.0,0.0,0.0,0.0,0.0,0.0,0.0,0.0,0.0,0.1438101,0.0,0.0,0.0,0.0,0.3796766,0.0,0.0,0.0,0.0,0.0,0.0,0.0,0.0,0.0,0.0,0.0,0.0,0.0,0.10632404,0.0
0.0,0.0,0.0,0.0060444567,0.0,0.0,0.0,0.0,0.09979958,0.0,0.0,0.0,0.0673811,0.0,0.0,0.0,0.0,0.03281112,0.089371875,0.0,0.0,0.056337994,0.6337765,0.014477327,0.0,0.0,0.0,0.0,0.0,0.0,0.0,0.0,0.0,0.0,0.0,0.0,0.0,0.0
0.22501947,0.0,0.0,1.148058e-05,0.011043074,0.17336546,0.0,0.0,0.0,0.0,0.0,0.0,0.0,0.0,0.0,0.0,0.0,0.16079196,0.0,0.02878364,0.0,0.0,0.3982513,0.0,0.0,0.0,0.0,0.0027336555,0.0,0.0,0.0,0.0,0.0,0.0,0.0,0.0,0.0,0.0
0.15360801,0.0,0.0,0.0,0.0,0.18277451,0.0,0.0,0.0,0.0,0.0,0.0,0.0,0.0,0.0,0.0,0.0,0.0,0.0,0.0,0.0,0.0,0.41723138,0.0,0.0,0.0,0.0,0.036529455,0.0,0.0,0.0,0.0,0.0,0.11897456,0.0,0.0,0.090882145,0.0
0.0,0.0,0.0,0.0,0.0,0.0,0.0,0.0,0.0,0.032116722,0.0,0.0,0.0,0.0,0.0,0.0,0.0,0.07788234,0.0,0.0,0.0,0.59335655,0.11492627,0.0,0.0,0.0,0.0,0.0,0.0,0.013552154,0.0,0.0,0.0,0.16816594,0.0,0.0,0.0,0.0
0.07355822,0.0,0.0,0.0,0.0,0.02499975,0.0,0.0,0.0,0.07854946,0.07568894,0.0,0.0,0.0,0.0,0.0,0.0,0.19420724,0.0,0.0,0.0,0.16430725,0.19163299,0.0,0.0,0.0,0.0,0.0,0.0,0.0,0.0,0.0,0.0,0.0,0.0,0.0,0.19705608,0.0
0.0,0.0,0.0,0.0,0.0,0.0,0.0,0.0,0.0,0.0,0.0,0.0,0.0,0.0,0.0,0.0,0.0,0.0043093474,0.028940517,0.0,0.0,0.015933368,0.5661279,0.2950859,0.0,0.0,0.0,0.0,0.0,0.0,0.0,0.0,0.0,0.08960293,0.0,0.0,0.0,0.0
0.024153255,0.0,0.0,0.0,0.050906945,0.0,0.0,0.0,0.0,0.0,0.0,0.0,0.0,0.0,0.0,0.0,0.0,0.2603188,0.0,0.0,0.0,0.52106136,0.1435596,0.0,0.0,0.0,0.0,0.0,0.0,0.0,0.0,0.0,0.0,0.0,0.0,0.0,0.0,0.0
0.0,0.0,0.0,0.0,0.0,0.0,0.0,0.0,0.0,0.0097415885,0.0,0.0,0.0,0.0,0.0,0.0,0.0,0.06306776,0.0,0.0,0.0,0.84077585,0.07989847,0.0,0.0,0.0,0.0,0.0,0.0,0.0065163616,0.0,0.0,0.0,0.0,0.0,0.0,0.0,0.0
0.0037448835,0.0,0.0,0.0,0.0,0.0,0.0,0.0,0.0,0.0,0.0,0.0,0.0,0.0,0.0,0.0,0.0,0.34464565,0.0,0.0,0.0,0.5191774,0.10707665,0.0,0.0,0.0,0.0,0.0,0.017240569,0.0,0.0,0.0,0.0,0.0,0.0,0.0,0.008114888,0.0
0.16010222,0.0,0.0,0.0,0.0,0.19050185,0.0,0.0,0.0,0.0,0.0013436276,0.0,0.0,0.0,0.0,0.0,0.0,0.014943828,0.0,0.0,0.0,0.0,0.4112237,0.0,0.0,0.0,0.0,0.043266427,0.08077209,0.0,0.0,0.0,0.0,0.0055754106,0.0,0.0,0.09227086,0.0
0.0,0.0,0.0,0.0,0.0,0.0,0.0,0.0,0.0,0.0,0.019772833,0.0,0.0,0.0,0.0,0.0,0.0,0.18753885,0.0,0.0,0.0,0.4238421,0.0,0.0058754594,0.0,0.0,0.0,0.0,0.0,0.0,0.0,0.0,0.0,0.0,0.0,0.0,0.36297074,0.0
0.0,0.0,0.0,0.0,0.0,0.0,0.0,0.0,0.0,0.0,0.0,0.0,0.0,0.0,0.0,0.0,0.0,0.35422632,0.0,0.0,0.0,0.52855086,0.11722279,0.0,0.0,0.0,0.0,0.0,0.0,0.0,0.0,0.0,0.0,0.0,0.0,0.0,0.0,0.0
0.17816283,0.0,0.023746446,0.0,0.0,0.17708495,0.0,0.0,0.0,0.0,0.050910432,0.0,0.0,0.10204038,0.0,0.0,0.0,0.0023524717,0.0,0.0,0.0,0.0,0.31595972,0.0,0.0,0.0,0.0,0.0,0.0,0.0,0.0,0.0,0.0,0.0,0.0,0.0,0.14974284,0.0
0.0,0.0,0.0,0.028016053,0.0,0.0,0.0,0.0,0.0,0.0,0.007443662,0.0,0.008791724,0.0,0.0,0.0,0.0,0.027776886,0.15475643,0.0,0.0,0.5844739,0.16784717,0.0,0.0,0.0,0.010662606,0.0,0.0,0.010231534,0.0,0.0,0.0,0.0,0.0,0.0,0.0,0.0
0.038652096,0.0,0.05113785,0.0,0.0,0.0,0.0,0.0065817665,0.0,0.067056015,0.0,0.0,0.07119706,0.046018504,0.008333643,0.0,0.0,0.0,0.0,0.0,0.0,0.37419486,0.07518307,0.21426448,0.0,0.0,0.0,0.04738063,0.0,0.0,0.0,0.0,0.0,0.0,0.0,0.0,0.0,0.0
0.12588204,0.0,0.0,0.0,0.0,0.06130317,0.0,0.02283748,0.0,0.13916603,0.0,0.0,0.0,0.0,0.0,0.15349123,0.0,0.0,0.0,0.0,0.0,0.13229388,0.1402799,0.22474626,0.0,0.0,0.0,0.0,0.0,0.0,0.0,0.0,0.0,0.0,0.0,0.0,0.0,0.0
0.0,0.0,0.0,0.0,0.0,0.0,0.0,0.0,0.0,0.0,0.0,0.0,0.0,0.0,0.0,0.0,0.0,0.064322256,0.0,0.0,0.0,0.38220412,0.17924652,0.0,0.0,0.0,0.0,0.2403239,0.13390315,0.0,0.0,0.0,0.0,0.0,0.0,0.0,0.0,0.0
0.1707913,0.0,0.0,0.029596599,0.0,0.2032205,0.0,0.0,0.018563122,0.0,0.0,0.0,0.0,0.040284596,0.0,0.08011017,0.0,0.009226536,0.0,0.071186,0.0,0.0,0.3641601,0.0,0.0,0.0,0.0,0.012861104,0.0,0.0,0.0,0.0,0.0,0.0,0.0,0.0,0.0,0.0
0.031378526,0.0,0.0,0.063210525,0.0,0.0,0.0,0.0,0.0,0.0,0.0,0.0,0.14414322,0.0,0.0,0.0,0.0,0.11035329,0.010164058,0.0,0.0,0.49412307,0.13613774,0.0,0.0,0.0,0.010489518,0.0,0.0,0.0,0.0,0.0,0.0,0.0,0.0,0.0,0.0,0.0
0.0,0.0,0.0,0.0,0.32220665,0.0,0.0,0.0,0.0,0.0,0.0,0.0,0.0,0.0,0.41574377,0.0,0.0,0.0,0.0,0.0,0.0,0.0,0.26204953,0.0,0.0,0.0,0.0,0.0,0.0,0.0,0.0,0.0,0.0,0.0,0.0,0.0,0.0,0.0
0.0,0.0,0.0,0.0,0.0,0.0,0.0,0.0,0.0,0.0,0.029563313,0.0,0.0,0.0,0.0,0.0,0.0,0.20472856,0.0,0.0,0.0,0.2905878,0.0,0.008385956,0.0,0.0,0.0,0.0,0.0,0.0,0.0,0.0,0.0,0.0,0.0,0.0,0.46673438,0.0
0.0,0.0,0.0,0.0,0.0,0.0,0.0,0.0,0.0,0.0,0.0,0.0,0.0,0.0,0.0,0.0,0.0,0.24337254,0.0,0.0,0.0,0.38253087,0.17939976,0.0,0.0,0.0,0.0,0.0,0.08211476,0.0,0.0,0.0,0.0,0.0,0.0,0.0,0.112582035,0.0
0.14253205,0.0,0.0,0.0,0.0,0.1695955,0.0,0.0,0.0,0.0,0.04844036,0.0,0.0,0.100843504,0.0,0.048918076,0.0,0.0,0.0,0.0,0.0,0.0,0.39551494,0.025276294,0.0,0.0,0.0,0.0,0.04944561,0.0,0.0,0.0,0.0,0.0,0.0,0.0,0.019433696,0.0
0.0,0.0,0.0,0.0,0.0,0.0,0.0,0.0,0.0,0.0,0.0,0.0,0.0,0.0,0.0,0.0,0.0,0.098943576,0.014408941,0.0,0.0,0.32172775,0.13550277,0.0,0.0,0.0,0.033328157,0.0,0.0,0.0,0.0,0.18612547,0.0,0.20996341,0.0,0.0,0.0,0.0
0.0,0.0,0.0,0.0,0.0,0.0,0.0,0.0,0.0,0.0,0.0,0.0,0.0,0.0,0.0,0.0,0.0,0.0,0.0,0.0,0.0,0.3815001,0.17891634,0.0,0.0,0.0,0.0,0.32778215,0.11180143,0.0,0.0,0.0,0.0,0.0,0.0,0.0,0.0,0.0
0.0,0.0,0.0,0.0,0.0,0.0,0.0,0.0,0.0,0.0,0.0,0.0,0.0,0.0,0.0,0.0,0.0,0.11902521,0.009700596,0.0,0.0,0.2778007,0.23390616,0.0,0.0,0.0,0.017748492,0.0,0.0,0.0,0.0,0.17546284,0.0,0.16635595,0.0,0.0,0.0,0.0
0.25315845,0.0,0.0,0.0,0.0,0.3012272,0.0,0.0,0.0,0.0,0.0,0.0,0.0,0.0,0.0,0.0,0.0,0.0,0.0,0.0,0.0,0.0,0.23940775,0.0,0.0,0.0,0.0,0.19955046,0.006656146,0.0,0.0,0.0,0.0,0.0,0.0,0.0,0.0,0.0
0.21852174,0.0,0.0,0.0,0.0,0.26001385,0.0,0.0,0.0,0.0,0.0,0.0,0.0,0.0,0.0,0.0,0.0,0.051907092,0.0,0.0,0.0,0.0,0.29242024,0.0,0.0,0.0,0.0,0.0,0.0,0.0,0.0,0.0,0.0,0.0,0.0,0.0,0.17713705,0.0
0.26616704,0.0,0.0,0.0,0.0,0.31670588,0.0,0.0,0.0,0.0,0.0,0.0,0.0,0.0,0.0,0.0,0.004753267,0.08123074,0.0,0.082525074,0.0,0.0,0.24861795,0.0,0.0,0.0,0.0,0.0,0.0,0.0,0.0,0.0,0.0,0.0,0.0,0.0,0.0,0.0
0.0,0.0,0.0,0.0,0.0,0.0,0.0,0.0,0.055732995,0.0,0.00010873876,0.0034137361,0.0,0.0,0.0,0.0,0.0,0.05761471,0.0,0.0,0.0,0.85114133,0.02369764,0.0,0.0,0.0,0.0,0.0,0.0,0.008290811,0.0,0.0,0.0,0.0,0.0,0.0,0.0,0.0
0.02348744,0.0,0.0,0.0,0.0,0.0,0.0,0.0,0.0,0.0,0.0,0.0,0.0,0.0,0.0,0.0,0.0,0.07136864,0.0,0.0,0.0,0.0,0.49609768,0.4051989,0.0,0.0,0.0,0.0,0.0038473113,0.0,0.0,0.0,0.0,0.0,0.0,0.0,0.0,0.0
0.17219399,0.0,0.0,0.016242841,0.0,0.20488954,0.0,0.0,0.0,0.0,0.0,0.0,0.0,0.0,0.0,0.0,0.000620884,0.08992918,0.0,0.13571997,0.0,0.019134508,0.3612691,0.0,0.0,0.0,0.0,0.0,0.0,0.0,0.0,0.0,0.0,0.0,0.0,0.0,0.0,0.0
0.0,0.0,0.0,0.038640026,0.0,0.0,0.0,0.0,0.0,0.0,0.0,0.0,0.04867385,0.0,0.0,0.0,0.0,0.33470756,0.02206563,0.0,0.0,0.43583453,0.12007843,0.0,0.0,0.0,0.0,0.0,0.0,0.0,0.0,0.0,0.0,0.0,0.0,0.0,0.0,0.0
0.0,0.0,0.0,0.0,0.0,0.0,0.0,0.0,0.0,0.0,0.0,0.0,0.0,0.0,0.0,0.0,0.0,0.2564454,0.0,0.0,0.0,0.44826075,0.12350202,0.0,0.0,0.0,0.0,0.0,0.0,0.0,0.0,0.0,0.0,0.14674582,0.0,0.0,0.025045978,0.0
0.0,0.0,0.0,0.0,0.0,0.0,0.0,0.0,0.0,0.0,0.0,0.0,0.011266819,0.0,0.0,0.0,0.0,5.045793e-05,0.064425915,0.0,0.0,0.0,0.73063797,0.12810662,0.0,0.0,0.0,0.0,0.0,0.0,0.0,0.0,0.0,0.065512195,0.0,0.0,0.0,0.0
0.3215288,0.0,0.03644828,0.0,0.0,0.18056913,0.0,0.0,0.0,0.0,0.0,0.0,0.0,0.0,0.0,0.0,0.0,0.09468622,0.0,0.0,0.0,0.0,0.36676762,0.0,0.0,0.0,0.0,0.0,0.0,0.0,0.0,0.0,0.0,0.0,0.0,0.0,0.0,0.0
0.0,0.0,0.0,0.0,0.0,0.0,0.0,0.20715639,0.0,0.0,0.0,0.0,0.0,0.0,0.0,0.0,0.0,0.0,0.0,0.0,0.0,0.36069995,0.0,0.43214372,0.0,0.0,0.0,0.0,0.0,0.0,0.0,0.0,0.0,0.0,0.0,0.0,0.0,0.0
0.0,0.0,0.0,0.0,0.0,0.0,0.0,0.0,0.024471542,0.0,0.0,0.0,0.0,0.0,0.0,0.0,0.0,0.021800105,0.0,0.0,0.0,0.86108625,0.08935739,0.0,0.0,0.0,0.0,0.0,0.0,0.0032846471,0.0,0.0,0.0,0.0,0.0,0.0,0.0,0.0
0.14663155,0.0,0.0,0.0,0.0,0.17447342,0.0,0.0,0.0,0.0,0.047295924,0.0,0.0,0.0,0.0,0.0,0.0,0.0,0.0,0.0,0.0,0.0,0.3592832,0.0,0.0,0.0,0.0,0.0,0.0,0.0,0.0,0.0,0.0,0.0,0.0,0.0,0.27231592,0.0
0.0,0.0,0.0,0.0,0.0,0.0,0.0,0.0,0.010427582,0.0,0.013530341,0.0,0.0,0.0,0.0,0.10138416,0.0,0.018601047,0.0,0.09327709,0.0,0.48490825,0.14003626,0.0,0.0,0.0,0.0,0.07035839,0.067476936,0.0,0.0,0.0,0.0,0.0,0.0,0.0,0.0,0.0
0.0,0.0,0.017494384,0.0,0.0,0.0,0.0,0.0,0.0,0.0,0.0,0.0,0.0,0.0,0.0,0.0,0.0,0.0,0.0,0.0,0.0,0.13896182,0.0,0.0,0.0,0.0,0.0,0.8345714,0.0,0.0,0.0,0.0,0.008972405,0.0,0.0,0.0,0.0,0.0
0.22446157,0.0,0.0,0.0,0.0,0.26708147,0.0,0.0,0.0,0.0,0.035160482,0.0,0.0,0.0,0.0,0.0,0.0,0.0,0.0,0.0,0.0,0.0,0.30777636,0.0,0.0,0.0,0.0,0.024955831,0.04740117,0.0,0.0,0.0,0.0,0.0,0.0,0.0,0.09316307,0.0
0.0,0.0,0.0,0.0,0.0,0.0,0.0,0.0,0.0,0.0,0.0,0.0,0.014082485,0.0,0.0,0.0,0.0,0.0,0.065955356,0.0,0.0,0.0,0.7133828,0.17603369,0.0,0.0,0.0,0.0,0.0,0.0,0.0,0.0,0.0,0.030545685,0.0,0.0,0.0,0.0
0.0,0.0,0.0,0.0,0.0,0.0,0.0,0.0,0.0,0.0,0.16620357,0.0,0.0,0.0,0.0,0.0,0.0,0.0,0.0,0.0,0.0,0.4481757,0.0,0.06708098,0.0,0.0,0.0,0.0,0.0,0.0,0.0,0.0,0.0,0.0,0.0,0.0,0.3185398,0.0
0.0,0.0,0.0,0.0,0.0,0.0,0.0,0.0,0.08955808,0.0,0.019941162,0.0,0.0,0.0,0.0,0.0,0.0,0.077649064,0.0,0.0,0.0,0.17714596,0.37338668,0.0,0.0,0.0,0.0,0.0,0.0,0.06353647,0.0,0.0,0.0,0.19878253,0.0,0.0,0.0,0.0
0.15690506,0.0,0.0,0.0,0.0,0.18669762,0.0,0.0,0.0,0.0,0.0,0.0,0.0,0.0,0.0,0.0,0.0,0.0,0.0,0.0,0.0,0.0,0.3880995,0.0,0.0,0.0,0.0,0.0,0.0,0.0,0.0,0.0,0.0,0.060458727,0.0,0.0,0.20783909,0.0
0.25013915,0.0,0.028289437,0.0,0.0,0.17639147,0.0,0.0,0.0,0.0,0.0,0.0,0.0,0.03894693,0.0,0.0012081622,0.0,0.08371161,0.0,0.0,0.0,0.0,0.38658395,0.0,0.0,0.0,0.0,0.0,0.0,0.0,0.0,0.0,0.0,0.0,0.0,0.0,0.034729194,0.0
0.12703797,0.0,0.0,0.0,0.0,0.15115947,0.0,0.0,0.0,0.0,0.11310353,0.0,0.0,0.015465983,0.0,0.0,0.0,0.0,0.0,0.0,0.0,0.0,0.3893356,0.0,0.0,0.0,0.0,0.0,0.0023214323,0.0,0.0,0.0,0.0,0.0,0.0,0.0,0.20157602,0.0
0.14577562,0.0,0.0,0.0,0.0,0.16053163,0.0,0.0,0.0,0.0,0.0,0.0,0.0,0.072745234,0.0,0.046827324,0.0,0.08492595,0.0,0.0,0.0,0.022536742,0.39664444,0.0,0.0,0.0,0.0,0.0,0.0,0.0,0.0,0.0,0.0,0.0,0.0,0.0,0.070013106,0.0
0.0,0.0,0.0,0.010452846,0.0,0.0,0.0,0.0,0.0,0.0,0.0,0.0,0.030424098,0.0,0.0,0.0,0.0,0.0,0.05944636,0.0,0.0,0.0,0.8033628,0.0963139,0.0,0.0,0.0,0.0,0.0,0.0,0.0,0.0,0.0,0.0,0.0,0.0,0.0,0.0
0.0,0.0,0.0,0.09226447,0.0,0.0,0.0,0.0,0.0,0.0,0.0,0.0,0.7889452,0.031117016,0.0,0.0,0.0,0.0,0.08767327,0.0,0.0,0.0,0.0,0.0,0.0,0.0,0.0,0.0,0.0,0.0,0.0,0.0,0.0,0.0,0.0,0.0,0.0,0.0
0.014565482,0.0,0.0,0.0,0.0,0.0,0.0,0.0,0.0,0.002615935,0.05480625,0.0,0.0,0.0,0.0,0.0,0.0,0.15755828,0.0,0.0,0.0,0.430556,0.13697375,0.004424762,0.0,0.0,0.0,0.0,0.011325221,0.0,0.0,0.0,0.0,0.0,0.0,0.0,0.18717438,0.0
0.18064135,0.0,0.0,0.07188027,0.0,0.21494086,0.0,0.0,0.0,0.0,0.0,0.0,0.0,0.0,0.0,0.0,0.0,0.0,0.0,0.17856902,0.0,0.0,0.35396847,0.0,0.0,0.0,0.0,0.0,0.0,0.0,0.0,0.0,0.0,0.0,0.0,0.0,0.0,0.0
0.2416891,0.0,0.0,0.23175831,0.0,0.28758013,0.0,0.0,0.0,0.0,0.0,0.0,0.0,0.0,0.0,0.0,0.0,0.0,0.0,0.0,0.0,0.0,0.23897246,0.0,0.0,0.0,0.0,0.0,0.0,0.0,0.0,0.0,0.0,0.0,0.0,0.0,0.0,0.0
0.25658888,0.0,0.0,0.051403858,0.0,0.30530903,0.0,0.0,0.02882604,0.0,0.0,0.0,0.0,0.0,0.0,0.0,0.0,0.0,0.0,0.086114034,0.0,0.0,0.2717581,0.0,0.0,0.0,0.0,0.0,0.0,0.0,0.0,0.0,0.0,0.0,0.0,0.0,0.0,0.0
0.0,0.0,0.0,0.0,0.0,0.0,0.0,0.0,0.0,0.0,0.0,0.0,0.4175624,0.0,0.0,0.0,0.0,0.0,0.40919217,0.0,0.0,0.1259002,0.0,0.010709457,0.0,0.0,0.0,0.0,0.0,0.0,0.0,0.0,0.0,0.0,0.0366358,0.0,0.0,0.0
0.23814978,0.0,0.0,0.0,0.0,0.17661259,0.0,0.0,0.0,0.0,0.0,0.0,0.051105987,0.0,0.10489663,0.0,0.0,0.0,0.0,0.14975654,0.0,0.0,0.27947852,0.0,0.0,0.0,0.0,0.0,0.0,0.0,0.0,0.0,0.0,0.0,0.0,0.0,0.0,0.0
0.0,0.0,0.0,0.0,0.0,0.0,0.0,0.0,0.013291348,0.0,0.0,0.0,0.0,0.0,0.0,0.0,0.0,0.097799785,0.0,0.0,0.0,0.0,0.68971527,0.121974565,0.0,0.0,0.0,0.0,0.013293053,0.0,0.0,0.0,0.0,0.06392603,0.0,0.0,0.0,0.0
0.17580786,0.0,0.0,0.0,0.0,0.16238622,0.0,0.0,0.0,0.0,0.06651378,0.0,0.0,0.10195157,0.0,0.0,0.0,0.0,0.0,0.0,0.0,0.0,0.29201487,0.0,0.0,0.0,0.0,0.0,0.0,0.0,0.0,0.0,0.0,0.0,0.0,0.0,0.20132573,0.0
0.0,0.0,0.0,0.0,0.0,0.0,0.0,0.0,0.0,0.0,0.0,0.0,0.0,0.0,0.0,0.0,0.0,0.028628819,0.0,0.0,0.0,0.55061024,0.11628743,0.0,0.0,0.0,0.0,0.0,0.0,0.019541021,0.0,0.0,0.0,0.28493252,0.0,0.0,0.0,0.0
0.027258486,0.0,0.0,0.0,0.0,0.0,0.0,0.0,0.06293468,0.0,0.0,0.0,0.0,0.0,0.0,0.0,0.0,0.124412276,0.0,0.0,0.0,0.0,0.5775354,0.20785923,0.0,0.0,0.0,0.0,0.0,0.0,0.0,0.0,0.0,0.0,0.0,0.0,0.0,0.0
0.0,0.0,0.0,0.0,0.0,0.0,0.0,0.0,0.0,0.0,0.0,0.0,0.0,0.0,0.0,0.0,0.0,0.16418329,0.0,0.0,0.0,0.48960242,0.13489223,0.0,0.0,0.0,0.0,0.18250951,0.028812556,0.0,0.0,0.0,0.0,0.0,0.0,0.0,0.0,0.0
0.0,0.0,0.0343386,0.0,0.0,0.0,0.0,0.0,0.0,0.0,0.0,0.0,0.0,0.0,0.0,0.0,0.0,0.0,0.0,0.0,0.0,0.18625382,0.0,0.0,0.0,0.0046504056,0.0,0.73608625,0.0,0.0,0.0059286654,0.0,0.0327423,0.0,0.0,0.0,0.0,0.0
0.031586334,0.0,0.0,0.0,0.0,0.0,0.0,0.0,0.0,0.0,0.0,0.0,0.0,0.0,0.0,0.0,0.0,0.07376855,0.0,0.0,0.0,0.4823691,0.10632364,0.0,0.0,0.0,0.0,0.0,0.0,0.0,0.0,0.0,0.0,0.10113545,0.0,0.0,0.20481695,0.0
0.0,0.0,0.0,0.0,0.0,0.0,0.0,0.0,0.09245792,0.0,0.0,0.0,0.0,0.0,0.0,0.0,0.0,0.15765871,0.0,0.0,0.0,0.052193545,0.6469285,0.013412315,0.0,0.0,0.0,0.0,0.037348945,0.0,0.0,0.0,0.0,0.0,0.0,0.0,0.0,0.0
0.0,0.0,0.0,0.0,0.0,0.0,0.0,0.0,0.0,0.0,0.016017498,0.0,0.0,0.0,0.0,0.0,0.0,0.0,0.0,0.0,0.0,0.48395708,0.0,0.002849897,0.0,0.0,0.0,0.0,0.0,0.0,0.0,0.0,0.0,0.0,0.0,0.0,0.49717554,0.0
0.0,0.0,0.0,0.0,0.0,0.0,0.0,0.0,0.08922742,0.0,0.0,0.0,0.0,0.0,0.0,0.0,0.0,0.19274639,0.0,0.0,0.0,0.050369896,0.65471256,0.012943689,0.0,0.0,0.0,0.0,0.0,0.0,0.0,0.0,0.0,0.0,0.0,0.0,0.0,0.0
0.0,0.0,0.0,0.28981486,0.0,0.0,0.0,0.0,0.0,0.057834122,0.0,0.0,0.0,0.0,0.0,0.0,0.0,0.0,0.0,0.25005183,0.0,0.24240047,0.10968827,0.050210524,0.0,0.0,0.0,0.0,0.0,0.0,0.0,0.0,0.0,0.0,0.0,0.0,0.0,0.0
0.21772711,0.0,0.0,0.035746302,0.0,0.25906834,0.0,0.0,0.0,0.0,0.0,0.0,0.015866332,0.0,0.0,0.0,0.0,0.0,0.0,0.0,0.0,0.0,0.29893538,0.0,0.0,0.0,0.0,0.06636024,0.10629625,0.0,0.0,0.0,0.0,0.0,0.0,0.0,0.0,0.0
0.0,0.0,0.0,0.0,0.0,0.0,0.0,0.0,0.0,0.06489452,0.0,0.0,0.0,0.0,0.0,0.0,0.0,0.036855362,0.0,0.0,0.0,0.5985068,0.26616254,0.0,0.0,0.0,0.0,0.0,0.0,0.006340524,0.0,0.0,0.0,0.027240215,0.0,0.0,0.0,0.0
0.0,0.0,0.0,0.098539725,0.0,0.0,0.0,0.0,0.115209565,0.0,0.0,0.0,0.00843707,0.0,0.0,0.0,0.0,0.0,0.11113786,0.0,0.0,0.023455678,0.44395626,0.19926387,0.0,0.0,0.0,0.0,0.0,0.0,0.0,0.0,0.0,0.0,0.0,0.0,0.0,0.0
0.0,0.0,0.0,0.0,0.0,0.0,0.0,0.0,0.0,0.0,0.0,0.0,0.0,0.0,0.0,0.0,0.0,0.0,0.0,0.34996116,0.0,0.509629,0.14040983,0.0,0.0,0.0,0.0,0.0,0.0,0.0,0.0,0.0,0.0,0.0,0.0,0.0,0.0,0.0
0.19133687,0.0,0.0,0.0,0.0,0.28518084,0.0,0.0,0.0,0.0,0.0,0.0,0.0,0.0,0.0,0.0,0.0,0.0,0.0,0.0,0.0,0.0,0.2565119,0.0,0.0,0.0,0.0,0.18136206,0.0856083,0.0,0.0,0.0,0.0,0.0,0.0,0.0,0.0,0.0
0.0,0.0,0.0,0.0,0.0,0.0,0.0,0.0,0.0,0.0,0.0,0.0,0.0,0.0,0.0,0.0,0.0,0.24869391,0.0,0.0,0.0,0.39616808,0.18579535,0.0,0.0,0.0,0.0,0.0,0.06715805,0.0,0.0,0.0,0.0,0.0,0.0,0.0,0.10218462,0.0
0.13068287,0.0,0.0,0.0,0.0,0.15549643,0.0,0.0,0.0,0.0,0.03560207,0.0,0.0,0.011069827,0.0,0.0,0.0,0.04318102,0.0,0.0,0.0,0.008866381,0.409023,0.0,0.0,0.0,0.0,0.0,0.0,0.0,0.0,0.0,0.0,0.0,0.0,0.0,0.2060784,0.0
0.0,0.0,0.0,0.0,0.0,0.0,0.0,0.0,0.0,0.03888508,0.0,0.0,0.0,0.0,0.0,0.0,0.0,0.052754086,0.0,0.0,0.0,0.7607258,0.13968664,0.0,0.0,0.0,0.0,0.0,0.0,0.007948521,0.0,0.0,0.0,0.0,0.0,0.0,0.0,0.0
0.0,0.0,0.0,0.0,0.0,0.0,0.0,0.1261987,0.0,0.0,0.0,0.0,0.0,0.0,0.0,0.0,0.0,0.0,0.0,0.0,0.0,0.37502557,0.0,0.49877572,0.0,0.0,0.0,0.0,0.0,0.0,0.0,0.0,0.0,0.0,0.0,0.0,0.0,0.0
0.14458199,0.0,0.0,0.0,0.0,0.16482951,0.0,0.0,0.0,0.0,0.0,0.0,0.0,0.067910925,0.0,0.020769667,0.0,0.11432181,0.0,0.0,0.0,0.03513288,0.37454408,0.0,0.0,0.0,0.0,0.0,0.0,0.0,0.0,0.0,0.0,0.0,0.0,0.0,0.07790907,0.0
0.28549942,0.0,0.0,0.0,0.0,0.33970904,0.0,0.0,0.0074346135,0.0,0.0,0.0,0.0,0.0,0.003944689,0.0,0.0,0.0,0.0,0.09052711,0.0,0.0,0.22532776,0.047557317,0.0,0.0,0.0,0.0,0.0,0.0,0.0,0.0,0.0,0.0,0.0,0.0,0.0,0.0
0.0,0.0,0.0,0.0,0.0,0.0,0.0,0.0,0.083119445,0.0,0.0,0.0,0.0,0.0,0.0,0.0,0.0,0.14259706,0.0,0.0,0.0,0.046921868,0.5892385,0.012057639,0.0,0.0,0.0,0.0,0.0073553515,0.0,0.0,0.0,0.0,0.11871006,0.0,0.0,0.0,0.0
0.0,0.0,0.0,0.0,0.0,0.0,0.0,0.0,0.0,0.0,0.0,0.0,0.0,0.0,0.0,0.0,0.0,0.081313804,0.0,0.0,0.0,0.37739003,0.1769888,0.0,0.0,0.0,0.0,0.037506755,0.086600415,0.0,0.0,0.0,0.0,0.0,0.0,0.0,0.24020016,0.0
0.0,0.0,0.0,0.0,0.0,0.0,0.0,0.0,0.0,0.0,0.0,0.0,0.0,0.0,0.0,0.0,0.0,0.0,0.0,0.0,0.0,0.5164793,0.14229718,0.0,0.0,0.0,0.0,0.0,0.0,0.0,0.0,0.0,0.0,0.34122357,0.0,0.0,0.0,0.0
0.30129212,0.0,0.0,0.10606075,0.0,0.20810978,0.0,0.0,0.0,0.0,0.0,0.0,0.022642547,0.0,0.0,0.0,0.0,0.0,0.0,0.11420864,0.0,0.0,0.24768618,0.0,0.0,0.0,0.0,0.0,0.0,0.0,0.0,0.0,0.0,0.0,0.0,0.0,0.0,0.0
0.0,0.0,0.0,0.0,0.0,0.0,0.0,0.0,0.0,0.0,0.0,0.0,0.0,0.0,0.0,0.0,0.0,0.13206449,0.023566924,0.0,0.0,0.36599478,0.38999045,0.0,0.0,0.0,0.0,0.0,0.018579207,0.0,0.0,0.0,0.0,0.0698041,0.0,0.0,0.0,0.0
0.13029972,0.0,0.0,0.10096024,0.0,0.15504053,0.0,0.0,0.0,0.0,0.0,0.0,0.024374269,0.0,0.0,0.0,0.0,0.0,0.0,0.0059527867,0.0,0.0,0.41119027,0.0,0.0,0.0,0.0,0.17218219,0.0,0.0,0.0,0.0,0.0,0.0,0.0,0.0,0.0,0.0
0.12852688,0.0,0.0,0.054001305,0.0,0.1529311,0.0,0.0,0.0,0.0,0.038663886,0.0,0.045498226,0.0,0.0,0.0,0.0,0.0,0.0,0.0,0.0,0.0,0.39393336,0.0,0.0,0.0,0.0,0.14754222,0.03890304,0.0,0.0,0.0,0.0,0.0,0.0,0.0,0.0,0.0
0.0,0.0,0.0,0.0,0.0,0.0,0.0,0.0,0.0,0.0,0.0,0.0,0.0,0.0,0.0,0.0,0.0,0.05418739,0.0,0.0,0.0,0.0,0.71830475,0.08611599,0.0,0.0,0.0,0.0,0.0,0.0,0.0,0.0,0.0,0.14139181,0.0,0.0,0.0,0.0
0.0,0.0,0.0,0.0,0.0,0.0,0.0,0.0,0.0,0.0,0.03409847,0.0,0.0,0.0,0.0,0.0,0.0,0.17834063,0.0,0.0,0.0,0.30716333,0.003660857,0.010671293,0.0,0.0,0.0,0.0,0.060795818,0.0,0.0,0.0,0.0,0.0,0.0,0.0,0.40526965,0.0
0.1890442,0.0,0.0,0.0,0.0,0.20235483,0.0,0.0,0.0,0.0036674421,0.0,0.0,0.0,0.0,0.0,0.0,0.0,0.0,0.0,0.0,0.0,0.0,0.2348842,0.0,0.0,0.0,0.0,0.09159517,0.100685336,0.0,0.0,0.0,0.0,0.0,0.0,0.0,0.1777687,0.0
0.0,0.0,0.0,0.0,0.0,0.0,0.0,0.0,0.0,0.0,0.0,0.0,0.014872665,0.0,0.0,0.0,0.0,0.0,0.070313245,0.0,0.0,0.0,0.77483654,0.09201366,0.0,0.0,0.0,0.0,0.0,0.0,0.0,0.0,0.0,0.047963943,0.0,0.0,0.0,0.0
0.0,0.0,0.0,0.0,0.0,0.0,0.0,0.0,0.0,0.0,0.0,0.0,0.0,0.0,0.0,0.0,0.0,0.26259443,0.0,0.0,0.0,0.46532488,0.12820344,0.0,0.0,0.0,0.0,0.0,0.0,0.0,0.0,0.0,0.0,0.099051796,0.0,0.0,0.044825394,0.0
0.13190658,0.0,0.0,0.15516733,0.0,0.15695252,0.0,0.0,0.0,0.01732082,0.0,0.0,0.0024128552,0.0,0.0,0.0,0.0,0.0,0.0,0.03975431,0.0,0.0,0.44002768,0.0,0.0,0.0,0.0,0.056457896,0.0,0.0,0.0,0.0,0.0,0.0,0.0,0.0,0.0,0.0
0.0,0.0,0.0,0.0,0.0,0.0,0.0,0.0,0.0,0.0,0.02368164,0.0,0.0,0.0,0.0,0.0,0.0,0.0,0.0,0.0,0.0,0.37252665,0.0,0.007625044,0.0,0.0,0.0,0.0,0.0,0.0,0.0,0.0,0.0,0.06979932,0.0,0.0,0.5263673,0.0
0.0,0.0,0.0,0.0,0.023707468,0.0,0.0,0.0,0.0,0.0,0.0,0.0,0.0,0.0,0.0,0.0,0.0,0.27480975,0.0,0.0,0.0,0.5135706,0.1414958,0.0,0.0,0.0,0.0,0.0,0.0,0.0,0.0,0.0,0.0,0.046416335,0.0,0.0,0.0,0.0
0.19731905,0.0,0.0,0.0,0.0,0.2584134,0.0,0.0,0.0,0.0,0.030544562,0.0,0.0,0.049740136,0.0,0.0,0.0,0.019933615,0.0,0.0,0.0,0.0,0.2926966,0.0,0.0,0.0,0.0,0.0,0.03966435,0.0,0.0,0.0,0.0,0.0,0.0,0.0,0.11168826,0.0
0.0,0.0,0.0,0.0,0.0,0.0,0.0,0.12889443,0.0,0.0,0.0,0.0,0.0,0.0,0.0,0.0,0.0,0.0,0.0,0.0,0.0,0.4022585,0.0,0.4688471,0.0,0.0,0.0,0.0,0.0,0.0,0.0,0.0,0.0,0.0,0.0,0.0,0.0,0.0
0.0,0.0,0.0,0.0,0.0,0.0,0.0,0.0,0.0,0.0,0.0,0.0,0.0,0.0,0.0,0.0,0.0,0.22834432,0.0,0.0,0.0,0.3651091,0.38904667,0.0,0.0,0.0,0.0,0.0,0.017499954,0.0,0.0,0.0,0.0,0.0,0.0,0.0,0.0,0.0
0.0,0.0,0.0,0.0,0.0,0.0,0.0,0.0,0.0,0.0,0.0,0.0,0.0,0.0,0.0,0.0,0.0,0.07643393,0.0,0.0,0.0,0.0,0.7031756,0.15298183,0.0,0.0,0.0,0.0,0.0,0.0,0.0,0.0,0.0,0.06740859,0.0,0.0,0.0,0.0
0.0,0.0,0.0,0.0,0.0,0.0,0.0,0.0,0.0,0.0,0.0,0.0,0.0,0.0,0.0,0.0,0.0,0.08570872,0.0,0.0,0.0,0.5046009,0.22789453,0.0,0.0,0.0,0.0,0.0,0.0,0.016449573,0.0,0.0,0.0,0.16534628,0.0,0.0,0.0,0.0
0.12645096,0.0,0.0,0.0,0.0,0.150461,0.0,0.0,0.0,0.0,0.055036075,0.0,0.0,0.0,0.0,0.0,0.0,0.02490529,0.0,0.0,0.0,0.0,0.38936296,0.0,0.0,0.0,0.0,0.0,0.0,0.0,0.0,0.0,0.0,0.0,0.0,0.0,0.25378367,0.0
0.11361748,0.0,0.0,0.0,0.0,0.13477385,0.0,0.0,0.0,0.0,0.05826798,0.0,0.0,0.10707036,0.0,0.06820283,0.0,0.0,0.0,0.0,0.0,0.0,0.41547513,0.0,0.0,0.0,0.0,0.0,0.0,0.0,0.0,0.0,0.0,0.0,0.0,0.0,0.10259231,0.0
0.0,0.0,0.0,0.0,0.0,0.0,0.0,0.0,0.0,0.0,0.0,0.0,0.03162849,0.0,0.0,0.0,0.0,0.0,0.061073814,0.0,0.0,0.0,0.69794065,0.20935701,0.0,0.0,0.0,0.0,0.0,0.0,0.0,0.0,0.0,0.0,0.0,0.0,0.0,0.0
0.0,0.0,0.0,0.0,0.0,0.0,0.0,0.0,0.0,0.007861498,0.0,0.0,0.0,0.0,0.0,0.0,0.0,0.0700771,0.0,0.0,0.0,0.8354835,0.079932325,0.0,0.0,0.0,0.0,0.0,0.0,0.0066455645,0.0,0.0,0.0,0.0,0.0,0.0,0.0,0.0
0.01804704,0.0,0.08811459,0.0,0.0,0.0,0.0,0.03251206,0.0,0.0,0.0,0.0,0.0,0.0,0.0,0.0,0.0,0.0,0.0,0.0,0.0,0.52717865,0.010602857,0.32354483,0.0,0.0,0.0,0.0,0.0,0.0,0.0,0.0,0.0,0.0,0.0,0.0,0.0,0.0
0.0,0.0,0.0,0.053471077,0.0,0.0,0.0,0.0,0.0,0.0,0.023591058,0.0,0.0,0.0,0.0,0.0,0.0,0.14614913,0.036266826,0.0,0.0,0.14464751,0.5435654,0.052309003,0.0,0.0,0.0,0.0,0.0,0.0,0.0,0.0,0.0,0.0,0.0,0.0,0.0,0.0
0.0,0.0,0.0,0.0,0.0,0.0,0.0,0.0,0.0,0.0,0.0,0.0,0.0,0.0,0.0,0.0,0.0,0.24494088,0.0,0.0,0.0,0.36554646,0.38951272,0.0,0.0,0.0,0.0,0.0,0.0,0.0,0.0,0.0,0.0,0.0,0.0,0.0,0.0,0.0
0.13709617,0.0,0.0,0.0,0.0,0.16312747,0.0,0.0,0.0,0.0,0.0,0.0,0.0,0.0,0.0,0.0,0.0,0.0,0.0,0.0,0.0,0.0,0.40678707,0.0,0.0,0.0,0.0,0.29298928,0.0,0.0,0.0,0.0,0.0,0.0,0.0,0.0,0.0,0.0
0.1525897,0.0,0.0,0.0,0.0,0.14608417,0.0,0.0,0.0,3.3276297e-05,0.07667469,0.0,0.0,0.0,0.0,0.0,0.0,0.1564453,0.0,0.0,0.0,0.0,0.22767228,0.0,0.0,0.0,0.0,0.0,0.07133132,0.0,0.0,0.0,0.0,0.0,0.0,0.0,0.16916932,0.0
0.117474034,0.0,0.0,0.0,0.0,0.13977957,0.0,0.0,0.0,0.0,0.011392755,0.0,0.0,0.09441655,0.0,0.058806103,0.0,0.064994335,0.0,0.0,0.0,0.0,0.43037757,0.0,0.0,0.0,0.0,0.018616462,0.0,0.0,0.0,0.0,0.0,0.0,0.0,0.0,0.06414273,0.0
0.0,0.0,0.0,0.0,0.0,0.0,0.0,0.0,0.0,0.0,0.15342948,0.0,0.0,0.0,0.0,0.0,0.0,0.0,0.0,0.0,0.0,0.49797243,0.017929718,0.055712122,0.0,0.0,0.0,0.0,0.01495863,0.0,0.0,0.0,0.0,0.0,0.0,0.0,0.2599976,0.0
0.09819334,0.0,0.0,0.0,0.0,0.032849845,0.0,0.0,0.0,0.0,0.0,0.0,0.07116941,0.0,0.0,0.0,0.0,0.0,0.0,0.0,0.0,0.355361,0.065821655,0.0,0.0,0.0,0.0,0.21822509,0.15837967,0.0,0.0,0.0,0.0,0.0,0.0,0.0,0.0,0.0
0.14393544,0.0,0.0,0.0,0.0,0.17126536,0.0,0.0,0.0,0.0,0.0,0.0,0.0,0.0,0.0,0.0,0.0,0.048321746,0.0,0.0,0.0,0.0,0.3776976,0.0,0.0,0.0,0.0,0.0,0.0,0.0,0.0,0.0,0.0,0.0,0.0,0.0,0.25877988,0.0
0.2616064,0.0,0.051479883,0.0,0.0,0.17792992,0.0,0.0,0.0,0.0,0.0,0.0,0.0,0.020855343,0.0,0.0,0.0,0.053390764,0.0,0.0,0.0,0.0,0.37681162,0.0,0.0,0.0,0.0,0.0,0.0,0.0,0.0,0.0,0.0,0.0,0.0,0.0,0.05792603,0.0
0.28434616,0.0,0.0,0.022226956,0.0,0.33833674,0.0,0.0,0.0069815964,0.0,0.0,0.0,0.0,0.0,0.0,0.0,0.0,0.0,0.0,0.11525303,0.0,0.0,0.23285559,0.0,0.0,0.0,0.0,0.0,0.0,0.0,0.0,0.0,0.0,0.0,0.0,0.0,0.0,0.0
0.0,0.0,0.0,0.0,0.0,0.0,0.0,0.0,0.0,0.0,0.0,0.0,0.0,0.040051606,0.0,0.011668945,0.0,0.057436496,0.0,0.0,0.0,0.51667935,0.1423523,0.0,0.0,0.0,0.0,0.032971743,0.09405574,0.0,0.0,0.0,0.0,0.021101637,0.0,0.0,0.0836821,0.0
0.0,0.0,0.0,0.0,0.0,0.0,0.0,0.047260474,0.0,0.0,0.0,0.0,0.0,0.0,0.0,0.0,0.0,0.0,0.0,0.0,0.0,0.16268924,0.014628961,0.7754213,0.0,0.0,0.0,0.0,0.0,0.0,0.0,0.0,0.0,0.0,0.0,0.0,0.0,0.0
0.16811681,0.0,0.0,0.0,0.0,0.20003821,0.0,0.0,0.0,0.0,0.013180008,0.0,0.0,0.0,0.0,0.0,0.0,0.030429602,0.0,0.0,0.0,0.0,0.369992,0.0,0.0,0.0,0.0,0.063060366,0.015766352,0.0,0.0,0.0,0.0,0.0,0.0,0.0,0.13941665,0.0
0.0,0.0,0.0,0.24651992,0.0,0.0,0.0,0.0,0.0,0.0,0.0,0.0,0.0,0.0,0.0,0.0,0.0,0.0,0.11035642,0.2559171,0.0,0.0,0.1367715,0.0,0.0,0.0,0.0,0.0,0.0,0.0,0.0,0.0,0.0,0.0,0.0,0.25043502,0.0,0.0
0.16984674,0.0,0.0,0.049434386,0.0,0.20209661,0.0,0.0,0.0,0.0,0.0,0.0,0.0,0.0,0.0,0.0,0.0,0.0666671,0.0,0.06809624,0.0,0.0,0.36829296,0.0,0.0,0.0,0.0,0.07303421,0.0025317536,0.0,0.0,0.0,0.0,0.0,0.0,0.0,0.0,0.0
0.0,0.0,0.0,0.0,0.0,0.0,0.0,0.0,0.0,0.0,0.0,0.0,0.0,0.0,0.0,0.0,0.0,0.17705785,0.0,0.0,0.0,0.3622205,0.38596871,0.0,0.0,0.0,0.0,0.0,0.07475296,0.0,0.0,0.0,0.0,0.0,0.0,0.0,0.0,0.0
0.19589378,0.0,0.029883476,0.0,0.0,0.1894699,0.0,0.0,0.0,0.0,0.050989963,0.0,0.0,0.07959217,0.0,0.0,0.0,0.0,0.0,0.0,0.0,0.0,0.28987193,0.0,0.0,0.0,0.0,0.0,0.0,0.0,0.0,0.0,0.0,0.0,0.0,0.0,0.16429879,0.0
0.1229534,0.0,0.0,0.0,0.0,0.14629933,0.0,0.0,0.0,0.0,0.027259778,0.0,0.0,0.0877635,0.0,0.004784023,0.0,0.0,0.0,0.0,0.0,0.0,0.41026863,0.20067132,0.0,0.0,0.0,0.0,0.0,0.0,0.0,0.0,0.0,0.0,0.0,0.0,0.0,0.0
0.19484113,0.0,0.0,0.0,0.0,0.2528563,0.0,0.0,0.0,0.0,0.0,0.0,0.0,0.094606444,0.0,0.0,0.0,0.014052645,0.0,0.0,0.0,0.0,0.23267025,0.0,0.0,0.0,0.0,0.0,0.0,0.0,0.0,0.0,0.0,0.0,0.0,0.0,0.21097319,0.0
0.0,0.0,0.0,0.0,0.0,0.0,0.0,0.0,0.0,0.0,0.0,0.0,0.0,0.0,0.0,0.0,0.0,0.34498006,0.0,0.0,0.0,0.37983972,0.17813766,0.0,0.0,0.0,0.0,0.0,0.09704251,0.0,0.0,0.0,0.0,0.0,0.0,0.0,0.0,0.0
0.0,0.0,0.0,0.049692865,0.0,0.0,0.0,0.0,0.0,0.0,0.0,0.0,0.0,0.0,0.0,0.0,0.0,0.11514651,0.0,0.19443943,0.0,0.52441555,0.11630566,0.0,0.0,0.0,0.0,0.0,0.0,0.0,0.0,0.0,0.0,0.0,0.0,0.0,0.0,0.0
0.16795999,0.0,0.0,0.0,0.0,0.17019467,0.0,0.0,0.0,0.0,0.03945788,0.0,0.0,0.103016146,0.0,0.0,0.0,0.027127035,0.0,0.0,0.0,0.0,0.29704735,0.0,0.0,0.0,0.0,0.0,0.0,0.0,0.0,0.0,0.0,0.0,0.0,0.0,0.19519696,0.0
0.0,0.0,0.0,0.0,0.0,0.0,0.0,0.17438245,0.0,0.0,0.0,0.0,0.0,0.0,0.0,0.0,0.0,0.0,0.0,0.0,0.0,0.2519155,0.0,0.57370204,0.0,0.0,0.0,0.0,0.0,0.0,0.0,0.0,0.0,0.0,0.0,0.0,0.0,0.0
0.0,0.0,0.0,0.0,0.0,0.0,0.0,0.0,0.0,0.06583592,0.0,0.0,0.0,0.0,0.0,0.0,0.0,0.034799933,0.0,0.0,0.0,0.5540324,0.28114048,0.0,0.0,0.0,0.0,0.0,0.0,0.0068790833,0.0,0.0,0.0,0.057312272,0.0,0.0,0.0,0.0
0.13116476,0.0,0.0,0.0,0.0,0.15606986,0.0,0.0,0.0,0.0,0.056950685,0.0,0.0,0.0,0.0,0.0,0.0,0.0,0.0,0.0,0.0,0.0,0.3764616,0.0,0.0,0.0,0.0,0.0,0.0,0.0,0.0,0.0,0.0,0.0,0.0,0.0,0.27935308,0.0
0.23831232,0.0,0.0,0.0,0.0,0.18608133,0.0,0.0,0.0,0.0,0.0,0.0,0.0,0.023682423,0.0,0.029766226,0.0,0.08231172,0.0,0.08635509,0.0,0.0,0.35349086,0.0,0.0,0.0,0.0,0.0,0.0,0.0,0.0,0.0,0.0,0.0,0.0,0.0,0.0,0.0
0.0,0.0,0.06004915,0.0,0.0,0.0,0.0,0.21027035,0.0,0.0,0.0,0.0,0.001988635,0.0,0.0,0.0,0.0,0.0015852206,0.0,0.0,0.0,0.40431428,0.0,0.3217924,0.0,0.0,0.0,0.0,0.0,0.0,0.0,0.0,0.0,0.0,0.0,0.0,0.0,0.0
0.0,0.0,0.0,0.0,0.0,0.0,0.0,0.0,0.0,0.0,0.0015364644,0.0,0.0,0.0,0.0,0.0,0.0,0.0514913,0.0,0.0,0.0,0.5542788,0.17117263,0.0,0.0,0.0,0.0,0.0,0.0,0.01157448,0.0,0.0,0.0,0.20994642,0.0,0.0,0.0,0.0
0.1647905,0.0,0.0,0.0,0.0,0.19504613,0.0,0.0,0.0,0.0,0.026701229,0.0,0.0,0.09521449,0.0,0.019286685,0.0,0.027373293,0.0,0.0,0.0,0.0,0.31932932,0.0,0.0,0.0,0.0,0.0,0.008537553,0.0,0.0,0.0,0.0,0.0,0.0,0.0,0.14372084,0.0
0.0,0.0,0.0,0.0,0.0,0.0,0.0,0.0,0.0,0.0,0.0,0.0,0.0,0.0,0.0,0.0,0.0,0.120417714,0.0,0.0,0.0,0.5310138,0.117769025,0.0,0.0,0.0,0.0,0.03318858,0.067162715,0.0,0.0,0.0,0.0,0.0095300535,0.0,0.0,0.120918155,0.0
0.0,0.0,0.0,0.0,0.0,0.0,0.0,0.0,0.0,0.0,0.0,0.0,0.0,0.0,0.0,0.0,0.0,0.094138324,0.0,0.0,0.0,0.53513545,0.1474372,0.0,0.0,0.0,0.0,0.033923693,0.06858103,0.0,0.0,0.0,0.0,0.017623285,0.0,0.0,0.103161044,0.0
0.0,0.0,0.0,0.0,0.0,0.0,0.0,0.0,0.0,0.0,0.0008153618,0.0,0.0,0.0,0.0,0.0,0.0,0.0583185,0.0,0.0,0.0,0.35016364,0.16251612,0.0,0.0,0.0,0.0,0.0,0.0,0.0,0.0,0.0,0.0,0.0,0.0,0.0,0.4281864,0.0
0.0,0.0,0.0,0.049447823,0.0,0.0,0.0,0.0,0.0,0.0,0.0,0.0,0.0,0.0,0.0,0.0,0.0,0.032881852,0.0,0.0,0.0,0.79162824,0.120508105,0.0,0.0,0.0,0.0,0.0,0.0,0.005533974,0.0,0.0,0.0,0.0,0.0,0.0,0.0,0.0
0.0,0.0,0.0,0.0,0.0,0.0,0.0,0.0,0.0,0.0,0.017280681,0.0,0.0,0.0,0.0,0.0,0.0,0.16374049,0.0,0.0,0.0,0.46608263,0.14877905,0.0,0.0,0.0,0.0,0.0,0.0,0.036356054,0.0,0.0,0.0,0.16776106,0.0,0.0,0.0,0.0
0.17350374,0.0,0.0,0.0,0.0,0.20644799,0.0,0.0,0.0,0.0,0.0,0.0,0.0,0.009493816,0.0,0.0,0.027434204,0.16191877,0.0,0.0282225,0.0,0.0,0.37078524,0.0,0.0,0.0,0.0,0.0,0.0,0.0,0.0,0.0,0.0,0.0,0.0,0.0,0.022193657,0.0
0.1264012,0.0,0.0,0.0,0.0,0.15040179,0.0,0.0,0.0,0.0,0.11149501,0.0,0.0,0.0,0.0,0.0,0.0,0.0,0.0,0.0,0.0,0.0,0.376961,0.0,0.0,0.0,0.0,0.0,0.0,0.0,0.0,0.0,0.0,0.0,0.0,0.0,0.23474102,0.0
0.0,0.0,0.0,0.0,0.0,0.0,0.0,0.0,0.0,0.0,0.0,0.0,0.0,0.0,0.0,0.0,0.0,0.032445528,0.013392006,0.0,0.0,0.0,0.81726724,0.098521255,0.0,0.0,0.0,0.0,0.012964704,0.0,0.0,0.0,0.0,0.011953075,0.013456234,0.0,0.0,0.0
0.0,0.0,0.0,0.0,0.0,0.0,0.0,0.0,0.0,0.0,0.0,0.0,0.0,0.0,0.0,0.0,0.0,0.21458453,0.0,0.0,0.0,0.5155694,0.1420465,0.0,0.0,0.0,0.0,0.029700631,0.03159279,0.0,0.0,0.0,0.0,0.0,0.0,0.0,0.066506155,0.0
0.30723208,0.0,0.0,0.0,0.0,0.38889623,0.0,0.0,0.0,0.0,0.0,0.0,0.0,0.0,0.0033497948,0.0,0.0,0.0,0.0,0.06395982,0.0,0.0,0.17879945,0.05776267,0.0,0.0,0.0,0.0,0.0,0.0,0.0,0.0,0.0,0.0,0.0,0.0,0.0,0.0
0.0,0.0,0.0,0.0,0.0,0.0,0.0,0.0,0.0,0.0,0.0,0.0,0.0887959,0.0,0.0,0.0,0.0,0.081124924,0.0,0.0,0.0,0.53136784,0.11784755,0.0,0.0,0.0,0.0,0.09275856,0.08810523,0.0,0.0,0.0,0.0,0.0,0.0,0.0,0.0,0.0
0.24641196,0.0,0.0,0.0,0.0,0.1970003,0.0,0.0,0.0,0.0,0.0,0.0,0.0,0.014048085,0.0,0.0,0.0,0.1136528,0.0,0.0,0.0,0.0,0.32144505,0.0,0.0,0.0,0.0,0.0,0.0,0.0,0.0,0.0,0.0,0.0,0.0,0.0,0.107441895,0.0
0.20231012,0.0,0.0,0.020983633,0.0,0.240724,0.0,0.0,0.0,0.0,0.0,0.0,0.0,0.0,0.0,0.0,0.0,0.081167154,0.0,0.0,0.0,0.0,0.33585542,0.0,0.0,0.0,0.0,0.028081443,0.05681252,0.0,0.0,0.0,0.0,0.0,0.0,0.0,0.034065742,0.0
0.18497759,0.0,0.0,0.0,0.0,0.13075067,0.0,0.0,0.0,0.07517344,0.0,0.0,0.011829801,0.013153433,0.0,0.101584285,0.0,0.0,0.0,0.0,0.0,0.0,0.25829536,0.22423545,0.0,0.0,0.0,0.0,0.0,0.0,0.0,0.0,0.0,0.0,0.0,0.0,0.0,0.0
0.14414395,0.0,0.0,0.005182366,0.0,0.13462776,0.0,0.0,0.0,0.02026646,0.089462586,0.0,0.0,0.0,0.0,0.0,0.0,0.14292571,0.0,0.0,0.0,0.0,0.20328833,0.0,0.0,0.0,0.0,0.01681859,0.07314476,0.0,0.0,0.0,0.0,0.0,0.0,0.0,0.17013952,0.0
0.0,0.0,0.0,0.0,0.0,0.0,0.0,0.22994559,0.0,0.0,0.0,0.0,0.0,0.0,0.0,0.0,0.0,0.0,0.0,0.0,0.0,0.34329405,0.0,0.4267604,0.0,0.0,0.0,0.0,0.0,0.0,0.0,0.0,0.0,0.0,0.0,0.0,0.0,0.0
0.0,0.0,0.0,0.0,0.042309977,0.0,0.0,0.0,0.0,0.0,0.0,0.0,0.0,0.0,0.0,0.0,0.0,0.005960018,0.0,0.0,0.0,0.0,0.7246357,0.08500462,0.0,0.0,0.0,0.0,0.0,0.0,0.0,0.0,0.0,0.1420897,0.0,0.0,0.0,0.0
0.1692969,0.0,0.0,0.0,0.0,0.20144238,0.0,0.0,0.0,0.0,0.0,0.0,0.0,0.0029577636,0.0,0.065873705,0.0,0.0,0.0,0.0,0.0,0.0,0.36243865,0.19799066,0.0,0.0,0.0,0.0,0.0,0.0,0.0,0.0,0.0,0.0,0.0,0.0,0.0,0.0
0.29930294,0.0,0.0,0.007586744,0.0,0.31272504,0.0,0.0,0.0,0.0,0.0,0.0,0.0,0.0,0.0016017833,0.0,0.0,0.0,0.0,0.14605273,0.0,0.0,0.23273076,0.0,0.0,0.0,0.0,0.0,0.0,0.0,0.0,0.0,0.0,0.0,0.0,0.0,0.0,0.0
0.12689182,0.0,0.0,0.0,0.0,0.15098557,0.0,0.0,0.0,0.0,0.034893177,0.0,0.0,0.113874555,0.0,0.07432247,0.0,0.0,0.0,0.0,0.0,0.017334795,0.4103458,0.024233798,0.0,0.0,0.0,0.0,0.0,0.0,0.0,0.0,0.0,0.0,0.0,0.0,0.047117975,0.0
0.0,0.0,0.0,0.0,0.0,0.0,0.0,0.0,0.0,0.028837033,0.0029608505,0.0,0.0,0.0,0.0,0.0,0.0,0.054820016,0.0,0.0,0.0,0.37936246,0.16581096,0.0,0.0,0.0,0.0,0.0,0.0,0.05027389,0.0,0.0,0.0,0.31793475,0.0,0.0,0.0,0.0
0.15557949,0.0,0.0030141934,0.0,0.0,0.18512037,0.0,0.0,0.0,0.0,0.019125165,0.0,0.0,0.040513903,0.0,0.017910067,0.0,0.0,0.0,0.0,0.0,0.0,0.37913057,0.103757724,0.0,0.0,0.0,0.0,0.0,0.0,0.0,0.0,0.0,0.04283235,0.0,0.0,0.053016186,0.0
0.15008515,0.0,0.0,0.0,0.0,0.16274086,0.0,0.0,0.0,0.0,0.06716775,0.0,0.0,0.12520038,0.0,0.016058734,0.0,0.0,0.0,0.0,0.0,0.0,0.3546103,0.0,0.0,0.0,0.0,0.0,0.0,0.0,0.0,0.0,0.0,0.0,0.0,0.0,0.12413688,0.0
0.15007345,0.0,0.0,0.0,0.0,0.17856883,0.0,0.0,0.0,0.0,0.09644421,0.0,0.0,0.0,0.0,0.0,0.0,0.0,0.0,0.0,0.0,0.0,0.35116914,0.0,0.0,0.0,0.0,0.0,0.0,0.0,0.0,0.0,0.0,0.0,0.0,0.0,0.22374439,0.0
0.0,0.0,0.0,0.0,0.0,0.0,0.0,0.0,0.0,0.0,0.0,0.0,0.0,0.0,0.0,0.0,0.0,0.23124129,0.0,0.0,0.0,0.51373225,0.14154033,0.0,0.0,0.0,0.0,0.059859,0.053627092,0.0,0.0,0.0,0.0,0.0,0.0,0.0,0.0,0.0
0.0,0.0,0.0,0.0,0.0,0.0,0.0,0.0,0.0,0.0,0.022009648,0.0,0.0,0.0,0.0,0.0,0.0,0.06395102,0.0,0.0,0.0,0.47085622,0.084599696,0.0,0.0,0.0,0.0,0.0,0.0,0.063644685,0.0,0.0,0.0,0.2949387,0.0,0.0,0.0,0.0
0.37502608,0.0,0.0,0.0,0.0,0.44623467,0.0,0.0,0.0,0.0,0.0,0.0,0.0,0.0,0.0,0.0,0.0,0.0,0.0,0.0,0.0,0.0,0.10766793,0.071071364,0.0,0.0,0.0,0.0,0.0,0.0,0.0,0.0,0.0,0.0,0.0,0.0,0.0,0.0
0.0,0.0,0.0,0.0,0.0,0.0,0.0,0.0,0.051760897,0.0,0.0,0.029099949,0.0,0.0,0.0,0.0,0.0,0.104420535,0.14143883,0.0,0.0,0.64965785,0.0,0.0,0.0,0.0,0.0,0.0,0.0,0.023621904,0.0,0.0,0.0,0.0,0.0,0.0,0.0,0.0
0.0,0.0,0.0,0.0,0.0,0.0,0.0,0.0,0.0,0.0,0.17427099,0.0,0.0,0.0,0.0,0.0,0.0,0.0,0.0,0.0,0.0,0.3749297,0.061600253,0.063587174,0.0,0.0,0.0,0.055825595,0.0,0.0,0.0,0.0,0.0,0.0,0.0,0.0,0.26978627,0.0
0.12696916,0.0,0.038683802,0.0,0.0,0.14445743,0.0,0.0,0.0,0.0,0.0,0.0,0.0,0.0,0.0,0.0,0.0,0.15132582,0.0,0.028815983,0.0,0.0,0.4163829,0.0,0.0,0.0,0.0,0.06444521,0.0,0.0,0.0,0.0,0.0,0.0,0.0,0.0,0.028919626,0.0
0.0,0.0,0.0,0.0,0.0,0.0,0.0,0.0,0.0,0.014692909,0.0,0.0,0.0,0.0,0.0,0.0,0.0,0.031088443,0.0,0.0,0.0,0.8163074,0.1332271,0.0,0.0,0.0,0.0,0.0,0.0,0.0046841325,0.0,0.0,0.0,0.0,0.0,0.0,0.0,0.0
0.22133096,0.0,0.0,0.0,0.0,0.26335645,0.0,0.0,0.0,0.0,0.0,0.0,0.0,0.0,0.0,0.0,0.0,0.0,0.0,0.0,0.0,0.0,0.3049502,0.0,0.0,0.0,0.0,0.2103623,0.0,0.0,0.0,0.0,0.0,0.0,0.0,0.0,0.0,0.0
0.14336249,0.0,0.0,0.0,0.0,0.05593049,0.0,0.0,0.0,0.0,0.123671964,0.0,0.0,0.0,0.0,0.0,0.0,0.05300145,0.0,0.0,0.0,0.11604655,0.18805428,0.027969575,0.0,0.0,0.0,0.08842815,0.012348503,0.0,0.0,0.0,0.0,0.0,0.0,0.0,0.19118653,0.0
0.003099102,0.0,0.0,0.0,0.0,0.0,0.0,0.0,0.0,0.0,0.0,0.0,0.0,0.0,0.0,0.0,0.0,0.34964114,0.0,0.0,0.0,0.5023826,0.13151643,0.0,0.0,0.0,0.0,0.0,0.0,0.0,0.0,0.0,0.0,0.0,0.0,0.0,0.013360728,0.0
0.116302334,0.0,0.0,0.11993758,0.0,0.13838539,0.0,0.0,0.0,0.0,0.0,0.0,0.067917794,0.0,0.0,0.0,0.0,0.074598886,0.0,0.0,0.0,0.07379331,0.3688474,0.0,0.0,0.0,0.0,0.040217277,0.0,0.0,0.0,0.0,0.0,0.0,0.0,0.0,0.0,0.0
0.25070992,0.0,0.0,0.0,0.0,0.29831377,0.0,0.0,0.0,0.0,0.035395876,0.0,0.0,0.07200325,0.0,0.028496126,0.0,0.0,0.0,0.0,0.0,0.0,0.24859022,0.048966575,0.0,0.0,0.0,0.0043114386,0.008078557,0.0,0.0,0.0,0.0,0.0,0.0,0.0,0.005134339,0.0
0.0,0.0,0.0,0.37642527,0.0,0.0,0.0,0.0,0.0,0.0,0.0,0.0,0.0,0.0,0.0,0.0,0.0,0.0,0.0,0.0,0.0,0.0,0.54002345,0.08355133,0.0,0.0,0.0,0.0,0.0,0.0,0.0,0.0,0.0,0.0,0.0,0.0,0.0,0.0
0.19616665,0.0,0.0,0.0,0.0,0.23341404,0.0,0.0,0.0,0.0,0.0,0.0,0.10810559,0.0,0.0,0.0,0.0,0.0,0.0,0.0,0.0,0.0,0.32804736,0.0,0.0,0.0,0.0,0.13426639,0.0,0.0,0.0,0.0,0.0,0.0,0.0,0.0,0.0,0.0
0.21281981,0.0,0.0,0.0,0.0,0.22145201,0.0,0.0,0.0,0.0,0.001017872,0.0,0.0,0.049989987,0.0,0.112481005,0.0,0.0,0.0,0.0,0.0,0.0,0.3112193,0.09101989,0.0,0.0,0.0,0.0,0.0,0.0,0.0,0.0,0.0,0.0,0.0,0.0,0.0,0.0
0.17714518,0.0,0.0,0.0,0.0,0.19704005,0.0,0.0,0.0,0.0,0.0,0.0,0.0,0.0,0.0,0.0,0.0,0.095285684,0.0,0.0,0.0,0.0,0.38266528,0.0,0.0,0.0,0.0,0.0,0.0,0.0,0.0,0.0,0.0,0.06413443,0.0,0.0,0.08372939,0.0
0.04993064,0.0,0.0,0.0,0.03762053,0.0,0.0,0.0,0.0,0.0,0.007892654,0.0,0.0,0.0,0.0,0.0,0.0,0.18973848,0.00652993,0.0,0.0,0.59486914,0.07588138,0.0,0.0,0.0,0.0,0.0,0.0,0.013453012,0.0,0.0,0.0,0.02408424,0.0,0.0,0.0,0.0
0.1907509,0.0,0.0,0.010118996,0.0,0.17881279,0.0,0.0,0.0,0.0,0.0,0.0,0.0,0.057573117,0.0,0.094975926,0.0,0.044774655,0.0,0.031134965,0.0,0.026594102,0.36526453,0.0,0.0,0.0,0.0,0.0,0.0,0.0,0.0,0.0,0.0,0.0,0.0,0.0,0.0,0.0
0.17829637,0.0,0.0,0.0,0.0,0.17510532,0.0,0.0,0.0,0.0,0.09110524,0.0,0.0,0.0,0.0,0.0,0.0,0.0,0.0,0.0,0.0,0.0,0.27470747,0.0,0.0,0.0,0.0,0.0,0.04542064,0.0,0.0,0.0,0.0,0.0,0.0,0.0,0.23536497,0.0
0.024502521,0.0,0.0,0.11219983,0.0,0.0,0.0,0.0,0.0,0.0,0.0,0.0,0.15436935,0.0,0.0,0.0,0.0,0.05135436,0.02201123,0.0,0.0,0.4982797,0.13728294,0.0,0.0,0.0,0.0,0.0,0.0,0.0,0.0,0.0,0.0,0.0,0.0,0.0,0.0,0.0
0.0,0.0,0.0,0.0,0.0,0.0,0.0,0.0,0.0,0.0,0.0,0.0,0.0,0.0,0.0,0.0,0.0,0.043849435,0.016950514,0.0,0.0,0.0,0.6763383,0.22773165,0.0,0.0,0.0,0.0,0.017079819,0.0,0.0,0.0,0.0,0.018050222,0.0,0.0,0.0,0.0
0.0,0.0,0.0,0.0,0.0,0.05497829,0.0,0.0,0.0,0.0,0.02285318,0.0,0.0,0.0,0.0,0.0,0.0,0.024752619,0.0,0.0,0.0,0.50999534,0.0,0.008602828,0.0,0.0,0.0,0.0,0.0,0.0,0.0,0.0,0.0,0.0,0.0,0.0,0.37881777,0.0
0.0,0.0,0.0,0.0,0.0,0.0,0.0,0.12769416,0.0,0.0,0.0,0.0,0.0,0.0,0.0,0.0,0.0,0.0,0.0,0.0,0.0,0.36327603,0.0,0.5090298,0.0,0.0,0.0,0.0,0.0,0.0,0.0,0.0,0.0,0.0,0.0,0.0,0.0,0.0
0.15335765,0.0,0.0,0.0,0.0,0.18247664,0.0,0.0,0.0,0.0,0.073537745,0.0,0.0,0.0,0.0,0.0,0.0,0.0,0.0,0.0,0.0,0.0,0.36100352,0.0,0.0,0.0,0.0,0.017244766,0.016087985,0.0,0.0,0.0,0.0,0.0,0.0,0.0,0.19629164,0.0
0.17145053,0.0,0.0,0.0,0.0,0.2106729,0.0,0.0,0.0,0.0,0.049014527,0.0,0.0,0.004422236,0.0,0.0,0.0,0.0,0.0,0.0,0.0,0.0,0.31717825,0.0,0.0,0.0,0.0,0.023949865,0.092707075,0.0,0.0,0.0,0.0,0.0,0.0,0.0,0.1306046,0.0
0.15161093,0.0,0.0,0.07988586,0.0,0.18039826,0.0,0.0,0.0,0.0,0.0,0.0,0.0,0.032301545,0.0,0.10818549,0.0,0.0,0.0,0.011651337,0.0,0.12217932,0.3137872,0.0,0.0,0.0,0.0,0.0,0.0,0.0,0.0,0.0,0.0,0.0,0.0,0.0,0.0,0.0
0.0,0.0,0.039755836,0.0,0.0,0.0,0.0,0.0,0.0,0.0,0.0,0.0,0.0,0.0,0.0,0.0,0.0,0.208165,0.0,0.0,0.0,0.33985922,0.15938756,0.0,0.0,0.0,0.0,0.25283238,0.0,0.0,0.0,0.0,0.0,0.0,0.0,0.0,0.0,0.0
0.0,0.0,0.0,0.20274602,0.0,0.0,0.0,0.0,0.0,0.0,0.0,0.0,0.13705109,0.0,0.0,0.0,0.0,0.10702127,0.03321926,0.0,0.0,0.3420729,0.1584416,0.0,0.0,0.0,0.0,0.019447811,0.0,0.0,0.0,0.0,0.0,0.0,0.0,0.0,0.0,0.0
0.13631923,0.0,0.0,0.0,0.0,0.16220303,0.0,0.0,0.0,0.0,0.0,0.0,0.0,0.04278144,0.0,0.0997747,0.0,0.0,0.0,0.0,0.0,0.0,0.41392165,0.1449999,0.0,0.0,0.0,0.0,0.0,0.0,0.0,0.0,0.0,0.0,0.0,0.0,0.0,0.0
0.0,0.0,0.0,0.0,0.0,0.0,0.0,0.0,0.011213294,0.0,0.0,0.0,0.0,0.0,0.0,0.0,0.0,0.11973438,0.0,0.0,0.0,0.0,0.752992,0.1029043,0.0,0.0,0.0,0.0,0.013156195,0.0,0.0,0.0,0.0,0.0,0.0,0.0,0.0,0.0
0.0053556226,0.0,0.0,0.0,0.0,0.0,0.0,0.0,0.0,0.0,0.0,0.0,0.0,0.2986611,0.0,0.0,0.0,0.0,0.0,0.0,0.0,0.35432023,0.16085096,0.0,0.0,0.0,0.0,0.12751944,0.0,0.0,0.0,0.0,0.0,0.0,0.0,0.0,0.0532926,0.0
0.0,0.0,0.0,0.0,0.0,0.0,0.0,0.0,0.0,0.023934143,0.0,0.0,0.0,0.046291456,0.0,0.0,0.0,0.056613766,0.0,0.0,0.0,0.7741591,0.08850358,0.0,0.0,0.0,0.0,0.0,0.0,0.010498008,0.0,0.0,0.0,0.0,0.0,0.0,0.0,0.0
0.0,0.0,0.0,0.0,0.0,0.0,0.0,0.0,0.0,0.0014681832,0.0,0.0,0.0,0.0,0.0,0.0,0.0,0.17747287,0.0,0.0,0.0,0.5067425,0.13355602,0.0,0.0,0.0,0.0,0.0,0.0775734,0.0,0.0,0.0,0.0,0.07105585,0.0,0.0,0.032131217,0.0
0.1257274,0.0,0.0,0.0,0.0,0.14960006,0.0,0.0,0.0,0.0,0.072674476,0.0,0.0,0.0,0.0,0.0,0.0,0.018975992,0.0,0.0,0.0,0.0,0.38645056,0.0,0.0,0.0,0.0,0.0,0.0,0.0,0.0,0.0,0.0,0.0,0.0,0.0,0.24657153,0.0
0.17359039,0.0,0.0,0.0,0.0,0.20655107,0.0,0.0,0.0,0.0,0.0,0.0,0.0,0.0,0.0,0.0,0.0,0.0,0.0,0.0,0.0,0.0,0.38135996,0.0,0.0,0.0,0.0,0.0,0.0,0.0,0.0,0.0,0.0,0.07000379,0.0,0.0,0.1684948,0.0
0.0,0.0,0.028523682,0.0,0.0,0.0,0.0,0.0,0.0,0.0,0.0,0.0,0.0,0.0,0.0,0.0,0.0,0.0,0.0,0.0,0.0,0.32875636,0.0,0.0,0.0,0.011079949,0.0,0.59204566,0.0,0.0,0.009286418,0.0,0.030307889,0.0,0.0,0.0,0.0,0.0
0.27759516,0.0,0.0,0.0,0.0,0.3303039,0.0,0.0,0.0,0.0,0.0,0.0,0.0,0.0,0.0,0.0,0.0,0.0,0.0,0.0,0.0,0.0,0.21347898,0.0,0.0,0.0,0.0,0.17862202,0.0,0.0,0.0,0.0,0.0,0.0,0.0,0.0,0.0,0.0
0.16196333,0.0,0.0,0.16619368,0.0,0.19687235,0.0,0.0,0.0,0.0,0.0,0.0,0.06195502,0.0,0.0,0.0,0.0,0.0,0.015519051,0.0,0.0,0.0,0.32027328,0.0,0.0,0.0,0.0,0.07722328,0.0,0.0,0.0,0.0,0.0,0.0,0.0,0.0,0.0,0.0
0.0,0.0,0.0,0.0,0.0,0.0,0.0,0.0,0.0,0.0,0.0,0.0,0.2120151,0.0,0.0,0.0,0.0,0.0,0.0,0.0,0.0,0.31307223,0.0,0.18532948,0.0,0.0,0.0,0.28711423,0.0,0.0,0.0,0.0,0.0,0.0,0.0024690086,0.0,0.0,0.0
0.0,0.0,0.0,0.0,0.0,0.0,0.0,0.0,0.0,0.0,0.0,0.0,0.012964445,0.0,0.0,0.0,0.0,0.10499644,0.024652846,0.0,0.0,0.60057634,0.23719235,0.0,0.0,0.0,0.0028120107,0.0,0.0,0.0,0.0,0.0,0.0,0.016805533,0.0,0.0,0.0,0.0
0.0,0.0,0.0,0.0,0.0,0.0,0.0,0.0,0.0,0.0,0.1868205,0.0,0.0,0.0,0.0,0.0,0.0,0.0,0.0,0.0,0.0,0.4552139,0.07196237,0.06686535,0.0,0.0,0.0,0.0,0.0,0.0,0.0,0.0,0.0,0.0,0.0,0.0,0.21913789,0.0
0.19286312,0.0,0.0,0.0,0.0,0.22948326,0.0,0.0,0.0,0.0,0.017707884,0.0,0.0,0.0,0.02742198,0.0,0.0,0.0,0.0,0.0,0.0,0.0,0.34082788,0.009661048,0.0,0.0,0.0,0.14180805,0.040226813,0.0,0.0,0.0,0.0,0.0,0.0,0.0,0.0,0.0
0.0,0.0,0.010165062,0.0,0.0,0.0,0.0,0.0,0.0,0.0,0.0,0.0,0.0,0.0,0.0,0.0,0.0,0.305853,0.0,0.0,0.0,0.52182883,0.11573197,0.0,0.0,0.0,0.0,0.0,0.0,0.0,0.0,0.0,0.0,0.02587241,0.0,0.0,0.020548746,0.0
0.0,0.0,0.0,0.0,0.0,0.0,0.0,0.0,0.0,0.0,0.0,0.0,0.0,0.0,0.0,0.0,0.0,0.33303496,0.0,0.0,0.0,0.51399624,0.14161307,0.0,0.0,0.0,0.0,0.0,0.011355735,0.0,0.0,0.0,0.0,0.0,0.0,0.0,0.0,0.0
0.13669099,0.0,0.0,0.0,0.0,0.16264537,0.0,0.0,0.0,0.0,0.091937795,0.0,0.0,0.0,0.0,0.0,0.0,0.0,0.0,0.0,0.0,0.0,0.3704649,0.0,0.0,0.0,0.0,0.0,0.0,0.0,0.0,0.0,0.0,0.0,0.0,0.0,0.238261,0.0
0.01917499,0.0,0.0,0.0,8.385819e-05,0.0,0.0,0.0,0.0,0.0,0.0,0.0,0.017045584,0.0,0.0,0.0,0.0,0.0042074956,0.05830715,0.0,0.0,0.0,0.80668133,0.09269593,0.0,0.0,0.0018036647,0.0,0.0,0.0,0.0,0.0,0.0,0.0,0.0,0.0,0.0,0.0
0.17889424,0.0,0.0,0.15106729,0.0,0.22654581,0.0,0.0,0.0,0.0,0.0,0.0,0.02427785,0.0,0.0,0.0,0.0,0.0,0.0,0.09308375,0.0,0.0,0.3009596,0.0,0.0,0.0,0.0,0.025171483,0.0,0.0,0.0,0.0,0.0,0.0,0.0,0.0,0.0,0.0
0.0,0.0,0.0,0.0,0.0,0.0,0.0,0.0,0.0,0.0,0.16887486,0.0,0.0,0.0,0.0,0.0,0.0,0.0,0.0,0.0,0.0,0.4470871,0.0,0.065546796,0.0,0.0,0.0,0.0,0.0,0.0,0.0,0.0,0.0,0.0,0.0,0.0,0.31849116,0.0
0.14395416,0.0,0.0,0.0,0.0,0.17128764,0.0,0.0,0.0,0.0,0.027925415,0.0,0.0,0.094396695,0.0,0.061263125,0.0,0.004152926,0.0,0.0,0.0,0.0,0.38734627,0.0,0.0,0.0,0.0,0.0,0.020365788,0.0,0.0,0.0,0.0,0.0,0.0,0.0,0.08930794,0.0
0.32678685,0.0,0.0,0.0,0.0,0.3888359,0.0,0.0,0.0,0.0,0.0,0.0,0.0,0.0,0.013709582,0.0,0.0,0.0,0.0,0.10330183,0.0,0.0,0.16736585,0.0,0.0,0.0,0.0,0.0,0.0,0.0,0.0,0.0,0.0,0.0,0.0,0.0,0.0,0.0
0.0,0.0,0.018038457,0.0,0.0,0.0,0.0,0.0,0.0,0.0,0.0,0.0,0.0,0.0,0.0,0.0,0.0,0.0,0.0,0.0,0.0,0.12936524,0.0,0.0,0.0,0.0,0.0,0.8452687,0.0,0.0,0.0,0.0,0.0073275547,0.0,0.0,0.0,0.0,0.0
0.09360921,0.0,0.0,0.36149058,0.0,0.17910244,0.0,0.0,0.0,0.0,0.0,0.0,0.0,0.0,0.0,0.0,0.0,0.0,0.0,0.01615027,0.0,0.17331977,0.17632776,0.0,0.0,0.0,0.0,0.0,0.0,0.0,0.0,0.0,0.0,0.0,0.0,0.0,0.0,0.0
0.0,0.0,0.0,0.0,0.0,0.0,0.0,0.04084005,0.0,0.0,0.0,0.0,0.0,0.0,0.0,0.0,0.0,0.0,0.0,0.0,0.0,0.23994696,0.0,0.719213,0.0,0.0,0.0,0.0,0.0,0.0,0.0,0.0,0.0,0.0,0.0,0.0,0.0,0.0
0.17245363,0.0,0.0,0.0,0.0,0.15557304,0.0,0.0,0.0,0.021737548,0.018111376,0.0,0.0,0.060447585,0.0,0.0,0.0,0.0,0.0,0.0,0.0,0.0,0.25261003,0.0,0.0,0.0,0.0,0.0,0.04363366,0.0,0.0,0.0,0.0,0.0,0.0,0.0,0.27543318,0.0
0.22679268,0.0,0.008759698,0.0,0.0,0.17512052,0.0,0.0,0.0,0.0,0.0,0.0,0.0,0.026402568,0.0,0.0040816288,0.0,0.11270799,0.0,0.0,0.0,0.0,0.39155334,0.0,0.0,0.013728451,0.0,0.0,0.0,0.0,0.0,0.0,0.0,0.0,0.0,0.0,0.04085303,0.0
0.0,0.0,0.0,0.0,0.0,0.0,0.0,0.0,0.0,0.0,0.25187925,0.0,0.0,0.0,0.0,0.0,0.0,0.0,0.0,0.0,0.0,0.26236498,0.06024489,0.087268405,0.0,0.0,0.0,0.0,0.0,0.0,0.0,0.0,0.0,0.0,0.0,0.0,0.3382425,0.0
0.0,0.0,0.0,0.0,0.0,0.0,0.0,0.0,0.0,0.0,0.0,0.0,0.0,0.0,0.0,0.0,0.0,0.0,0.3239383,0.3345249,0.0,0.0,0.0,0.0,0.0,0.0,0.0,0.0,0.0,0.0,0.0,0.0,0.0,0.0,0.0,0.3415368,0.0,0.0
0.14178514,0.0,0.0,0.0,0.0,0.16291592,0.0,0.0,0.0,0.0,0.0,0.0,0.0,0.08967774,0.0,0.0,0.0,0.13911304,0.0,0.0,0.0,0.01813074,0.38155252,0.0,0.0,0.0,0.0,0.006477612,0.0,0.0,0.0,0.0,0.0,0.0,0.0,0.0,0.060347345,0.0
0.0,0.0,0.0,0.0,0.0,0.0,0.0,0.21190356,0.0,0.0,0.0,0.0,0.0,0.0,0.0,0.0,0.0,0.0,0.0,0.0,0.0,0.32864204,0.0,0.4594544,0.0,0.0,0.0,0.0,0.0,0.0,0.0,0.0,0.0,0.0,0.0,0.0,0.0,0.0
0.0,0.0,0.0,0.0,0.0,0.0,0.0,0.0,0.0,0.0,0.032367658,0.0,0.0,0.0,0.0,0.0,0.0,0.14950688,0.0,0.0,0.0,0.5470519,0.007387528,0.0072714617,0.0,0.0,0.0,0.0,0.014086844,0.0,0.0,0.0,0.0,0.0,0.0,0.0,0.24232773,0.0
0.0,0.0,0.0,0.0,0.0,0.0,0.0,0.0,0.0,0.0,0.1537111,0.0,0.0,0.0,0.0,0.0,0.0,0.0,0.0,0.0,0.0,0.5035747,0.07123063,0.059433557,0.0,0.0,0.0,0.0,0.017195772,0.0,0.0,0.0,0.0,0.0,0.0,0.0,0.1948542,0.0
0.23416173,0.0,0.0,0.07184603,0.0,0.2786235,0.0,0.0,0.024697237,0.0,0.0,0.0,0.0,0.0,0.0,0.0,0.0,0.0,0.0,0.055122092,0.0,0.0,0.30620098,0.02934842,0.0,0.0,0.0,0.0,0.0,0.0,0.0,0.0,0.0,0.0,0.0,0.0,0.0,0.0
0.0,0.0,0.2356873,0.0,0.0,0.0,0.0,0.0,0.0,0.0,0.0,0.0,0.0,0.0,0.0,0.0,0.0,0.0,0.0,0.0,0.0,0.5560816,0.15320815,0.0,0.0,0.0,0.0,0.0,0.0,0.0,0.0,0.0,0.0,0.055022966,0.0,0.0,0.0,0.0
0.0,0.0,0.0,0.0,0.0,0.0,0.0,0.0,0.0,0.0,0.14965484,0.0,0.0,0.0,0.0,0.0,0.0,0.0,0.0,0.0,0.0,0.49744007,0.0091072265,0.05752168,0.0,0.0,0.0,0.0,0.014005724,0.0,0.0,0.0,0.0,0.0,0.0,0.0,0.2722705,0.0
0.0,0.0,0.0,0.0,0.0,0.0,0.0,0.0,0.0,0.0,0.0,0.0,0.0,0.0,0.0,0.0,0.0,0.0,0.0,0.0,0.0,0.37806016,0.17730308,0.0,0.0,0.0,0.0,0.44463682,0.0,0.0,0.0,0.0,0.0,0.0,0.0,0.0,0.0,0.0
0.17431812,0.0,0.0,0.20208587,0.0,0.2305912,0.0,0.0,0.0,0.0,0.0,0.0,0.0,0.0,0.0,0.0,0.0,0.104952626,0.00430191,0.026335023,0.0,0.0,0.2574153,0.0,0.0,0.0,0.0,0.0,0.0,0.0,0.0,0.0,0.0,0.0,0.0,0.0,0.0,0.0
0.15419245,0.0,0.06392647,0.0,0.0,0.18346994,0.0,0.0,0.0,0.0,0.0,0.0,0.0,0.0,0.0,0.0,0.0,0.0,0.0,0.0,0.0,0.0,0.41326898,0.062038403,0.0,0.0,0.0,0.0,0.0,0.0,0.0,0.0,0.0,0.123103745,0.0,0.0,0.0,0.0
0.0,0.0,0.0,0.0,0.0,0.0,0.0,0.0,0.0,0.0,0.0,0.0,0.0,0.0,0.0,0.0,0.0,0.04998585,0.0,0.0,0.0,0.0,0.6413972,0.18953201,0.0,0.0,0.0,0.0,0.0,0.0,0.0,0.0,0.0,0.11908499,0.0,0.0,0.0,0.0
0.0,0.0,0.0,0.0,0.20289807,0.0,0.0,0.082728766,0.0,0.0,0.0,0.0,0.08842888,0.0,0.0697845,0.0,0.0,0.0,0.0,0.0,0.0,0.0,0.2860103,0.27014947,0.0,0.0,0.0,0.0,0.0,0.0,0.0,0.0,0.0,0.0,0.0,0.0,0.0,0.0
0.0,0.0,0.0,0.0,0.035379827,0.0,0.0,0.0,0.0,0.0,0.0,0.0,0.0,0.0,0.0,0.0,0.0,0.0,0.01961147,0.0,0.0,0.0,0.7302243,0.08976861,0.0,0.0,0.0,0.0,0.0,0.0,0.0,0.0,0.0,0.12501574,0.0,0.0,0.0,0.0
0.20362838,0.0,0.0,0.018447326,0.0,0.24229255,0.0,0.0,0.0,0.0,0.0,0.0,0.10361276,0.0,0.0,0.0,0.0,0.0,0.0,0.0,0.0,0.0,0.31511563,0.0,0.0,0.0,0.0,0.09138201,0.025521392,0.0,0.0,0.0,0.0,0.0,0.0,0.0,0.0,0.0
0.0,0.0,0.0,0.0,0.0,0.0,0.0,0.0,0.0,0.0,0.0,0.0,0.0,0.0,0.0,0.0,0.0,0.06043226,0.020649033,0.0,0.0,0.0,0.7662352,0.09275089,0.0,0.0,0.0,0.0,0.004685766,0.0,0.0,0.0,0.0,0.055246957,0.0,0.0,0.0,0.0
0.0,0.0,0.0,0.0,0.0,0.0,0.0,0.0,0.0,0.02694275,0.0,0.0,0.0,0.0,0.0,0.0,0.0,0.072361335,0.0,0.0,0.0,0.542401,0.10843399,0.002042268,0.0,0.0,0.0,0.0,0.0,0.022923212,0.0,0.0,0.0,0.22489545,0.0,0.0,0.0,0.0
0.25002694,0.0,0.0,0.0,0.0,0.29750112,0.0,0.0,0.0,0.0,0.0,0.0,0.0,0.0,0.0,0.0,0.0,0.0,0.0,0.0,0.0,0.0,0.26338047,0.0,0.0,0.0,0.0,0.18909146,0.0,0.0,0.0,0.0,0.0,0.0,0.0,0.0,0.0,0.0
0.17754601,0.0,0.0,0.0,0.0,0.17571732,0.0,0.0,0.0,0.0,0.0036690608,0.0,0.0,0.03293192,0.0,0.048848875,0.0,0.014514155,0.0,0.0,0.0,0.021504577,0.39018747,0.029794151,0.0,0.0,0.0,0.0,0.0,0.0,0.0,0.0,0.0,0.061087094,0.0,0.0,0.04419932,0.0
0.007910717,0.0,0.0,0.002108765,0.0,0.0,0.0,0.0,0.0,0.0,0.0,0.0,0.024955006,0.0,0.0,0.0,0.0,0.0,0.059310947,0.0,0.0,0.0033907832,0.7946477,0.10767607,0.0,0.0,0.0,0.0,0.0,0.0,0.0,0.0,0.0,0.0,0.0,0.0,0.0,0.0
0.14675738,0.0,0.010075723,0.0,0.0,0.14968164,0.0,0.0,0.0,0.0,0.0,0.0,0.0,0.0,0.0,0.0,0.0,0.0,0.0,0.0,0.0,0.0,0.2714644,0.0,0.0,0.0,0.0,0.25918654,0.10054375,0.0,0.0,0.0,0.0,0.0,0.0,0.0,0.062290587,0.0
0.0,0.0,0.0,0.0,0.0,0.0,0.0,0.0,0.0,0.0,0.0,0.0,0.0,0.0,0.0,0.0,0.0,0.30643705,0.0,0.0,0.0,0.52549016,0.116543986,0.0,0.0,0.0,0.0,0.0,0.045009,0.0,0.0,0.0,0.0,0.0,0.0,0.0,0.006519815,0.0
0.1474474,0.0,0.0,0.0,0.0,0.17544417,0.0,0.0,0.0,0.0,0.00075161736,0.0,0.0,0.07532383,0.0,0.09073883,0.0,0.0,0.0,0.0,0.0,0.0,0.37770328,0.13259088,0.0,0.0,0.0,0.0,0.0,0.0,0.0,0.0,0.0,0.0,0.0,0.0,0.0,0.0
